-- MySQL dump 10.13  Distrib 5.1.73, for debian-linux-gnu (i486)
--
-- Host: db524071617.db.1and1.com    Database: db524071617
-- ------------------------------------------------------
-- Server version	5.1.73-log

/*!40101 SET @OLD_CHARACTER_SET_CLIENT=@@CHARACTER_SET_CLIENT */;
/*!40101 SET @OLD_CHARACTER_SET_RESULTS=@@CHARACTER_SET_RESULTS */;
/*!40101 SET @OLD_COLLATION_CONNECTION=@@COLLATION_CONNECTION */;
/*!40101 SET NAMES utf8 */;
/*!40103 SET @OLD_TIME_ZONE=@@TIME_ZONE */;
/*!40103 SET TIME_ZONE='+00:00' */;
/*!40014 SET @OLD_UNIQUE_CHECKS=@@UNIQUE_CHECKS, UNIQUE_CHECKS=0 */;
/*!40014 SET @OLD_FOREIGN_KEY_CHECKS=@@FOREIGN_KEY_CHECKS, FOREIGN_KEY_CHECKS=0 */;
/*!40101 SET @OLD_SQL_MODE=@@SQL_MODE, SQL_MODE='NO_AUTO_VALUE_ON_ZERO' */;
/*!40111 SET @OLD_SQL_NOTES=@@SQL_NOTES, SQL_NOTES=0 */;

--
-- Table structure for table `AccessLevel`
--

DROP TABLE IF EXISTS `AccessLevel`;
/*!40101 SET @saved_cs_client     = @@character_set_client */;
/*!40101 SET character_set_client = utf8 */;
CREATE TABLE `AccessLevel` (
  `id` int(11) NOT NULL AUTO_INCREMENT,
  `name` varchar(255) COLLATE utf8_unicode_ci NOT NULL,
  PRIMARY KEY (`id`)
) ENGINE=InnoDB AUTO_INCREMENT=5 DEFAULT CHARSET=utf8 COLLATE=utf8_unicode_ci;
/*!40101 SET character_set_client = @saved_cs_client */;

--
-- Dumping data for table `AccessLevel`
--

LOCK TABLES `AccessLevel` WRITE;
/*!40000 ALTER TABLE `AccessLevel` DISABLE KEYS */;
INSERT INTO `AccessLevel` VALUES (1,'Employee'),(2,'Stakeholder'),(3,'Stakeholder restricted'),(4,'Task');
/*!40000 ALTER TABLE `AccessLevel` ENABLE KEYS */;
UNLOCK TABLES;

--
-- Table structure for table `AccessLevelPermission`
--

DROP TABLE IF EXISTS `AccessLevelPermission`;
/*!40101 SET @saved_cs_client     = @@character_set_client */;
/*!40101 SET character_set_client = utf8 */;
CREATE TABLE `AccessLevelPermission` (
  `access_level_id` int(11) NOT NULL,
  `permission_id` int(11) NOT NULL,
  PRIMARY KEY (`access_level_id`,`permission_id`),
  KEY `IDX_9B39E76232A48A96` (`access_level_id`),
  KEY `IDX_9B39E762FED90CCA` (`permission_id`),
  CONSTRAINT `FK_9B39E762FED90CCA` FOREIGN KEY (`permission_id`) REFERENCES `Permission` (`id`),
  CONSTRAINT `FK_9B39E76232A48A96` FOREIGN KEY (`access_level_id`) REFERENCES `AccessLevel` (`id`)
) ENGINE=InnoDB DEFAULT CHARSET=utf8 COLLATE=utf8_unicode_ci;
/*!40101 SET character_set_client = @saved_cs_client */;

--
-- Dumping data for table `AccessLevelPermission`
--

LOCK TABLES `AccessLevelPermission` WRITE;
/*!40000 ALTER TABLE `AccessLevelPermission` DISABLE KEYS */;
INSERT INTO `AccessLevelPermission` VALUES (1,1),(1,2),(1,4),(1,6),(1,7),(1,8),(1,9),(1,10),(1,11),(1,12),(1,13),(1,15),(1,16),(1,19),(1,21),(1,22),(1,23),(1,25),(1,26),(1,27),(2,3),(2,5),(2,8),(2,17),(2,20),(2,24),(3,5),(3,17),(3,24),(4,18),(4,26);
/*!40000 ALTER TABLE `AccessLevelPermission` ENABLE KEYS */;
UNLOCK TABLES;

--
-- Table structure for table `BudgetPeriod`
--

DROP TABLE IF EXISTS `BudgetPeriod`;
/*!40101 SET @saved_cs_client     = @@character_set_client */;
/*!40101 SET character_set_client = utf8 */;
CREATE TABLE `BudgetPeriod` (
  `id` int(11) NOT NULL AUTO_INCREMENT,
  `customer_id` int(11) DEFAULT NULL,
  `start` date DEFAULT NULL,
  `end` date DEFAULT NULL,
  `budget` int(11) DEFAULT NULL,
  PRIMARY KEY (`id`),
  KEY `IDX_3B0CB96A9395C3F3` (`customer_id`),
  CONSTRAINT `FK_3B0CB96A9395C3F3` FOREIGN KEY (`customer_id`) REFERENCES `Customer` (`id`) ON DELETE SET NULL
) ENGINE=InnoDB AUTO_INCREMENT=30 DEFAULT CHARSET=utf8 COLLATE=utf8_unicode_ci;
/*!40101 SET character_set_client = @saved_cs_client */;

--
-- Dumping data for table `BudgetPeriod`
--

LOCK TABLES `BudgetPeriod` WRITE;
/*!40000 ALTER TABLE `BudgetPeriod` DISABLE KEYS */;
INSERT INTO `BudgetPeriod` VALUES (4,10,'2014-03-18','2014-12-31',100000),(5,10,'2015-01-01','2015-12-31',110000),(6,NULL,'2014-04-10','2014-12-31',100000),(8,17,'2014-01-01','2014-12-31',9999),(9,25,'2014-05-01','2014-12-31',15000),(10,25,'2015-01-01','2015-12-31',24000),(11,29,'2014-01-01','2014-12-31',15000),(12,29,'2013-01-01','2013-12-31',15600),(13,33,'2014-01-01','2014-12-31',9999),(14,21,'2014-01-01','2014-12-31',9999),(15,30,'2014-01-01','2014-12-31',9999),(16,16,'2014-01-01','2014-12-31',9999),(17,15,'2014-01-01','2014-12-31',9999),(18,31,'2014-01-01','2014-12-31',9999),(19,34,'2014-01-01','2014-12-31',9999),(20,19,'2014-01-01','2014-12-31',9999),(21,22,'2014-01-01','2014-12-31',9999),(22,14,'2014-01-01','2014-12-31',9999),(23,36,'2014-01-01','2014-12-31',9999),(24,24,'2014-04-01','2014-12-31',9999),(25,28,'2014-01-01','2014-12-31',9999),(26,23,'2014-01-01','2014-12-31',9999),(27,20,'2014-01-01','2014-12-31',9999),(28,35,'2014-06-01','2014-12-31',9999),(29,43,'2014-01-01','2014-12-31',1200);
/*!40000 ALTER TABLE `BudgetPeriod` ENABLE KEYS */;
UNLOCK TABLES;

--
-- Table structure for table `Campaign`
--

DROP TABLE IF EXISTS `Campaign`;
/*!40101 SET @saved_cs_client     = @@character_set_client */;
/*!40101 SET character_set_client = utf8 */;
CREATE TABLE `Campaign` (
  `id` int(11) NOT NULL AUTO_INCREMENT,
  `supplier_id` int(11) NOT NULL,
  `customer_id` int(11) NOT NULL,
  `contact_id` int(11) DEFAULT NULL,
  `title` varchar(255) COLLATE utf8_unicode_ci DEFAULT NULL,
  `approvalMailSent` tinyint(1) NOT NULL,
  `approved` tinyint(1) NOT NULL,
  `details` longtext COLLATE utf8_unicode_ci,
  `start` date DEFAULT NULL,
  `end` date DEFAULT NULL,
  `budget` double DEFAULT NULL,
  `numberOfAds` int(11) DEFAULT NULL,
  `numberOfSeconds` int(11) DEFAULT NULL,
  `audienceSize` int(11) DEFAULT NULL,
  `adDetails` longtext COLLATE utf8_unicode_ci,
  `writingInclusive` tinyint(1) NOT NULL,
  `freePrInclusive` varchar(255) COLLATE utf8_unicode_ci DEFAULT NULL,
  `regularPrice` double DEFAULT NULL,
  `createdAt` datetime DEFAULT NULL,
  `approved_by_id` int(11) DEFAULT NULL,
  `approvedAt` datetime DEFAULT NULL,
  `approvalMailSentAt` datetime DEFAULT NULL,
  `approvement_sender_id` int(11) DEFAULT NULL,
  `denied` tinyint(1) NOT NULL,
  `adsizeWidth` int(11) DEFAULT NULL,
  `adsizeHeight` int(11) DEFAULT NULL,
  `duplicate_of` int(11) DEFAULT NULL,
  PRIMARY KEY (`id`),
  KEY `IDX_E663708B2ADD6D8C` (`supplier_id`),
  KEY `IDX_E663708B9395C3F3` (`customer_id`),
  KEY `IDX_E663708BE7A1254A` (`contact_id`),
  KEY `IDX_E663708B2D234F6A` (`approved_by_id`),
  KEY `IDX_E663708B713F1C19` (`approvement_sender_id`),
  KEY `IDX_E663708B4463220` (`duplicate_of`),
  CONSTRAINT `FK_E663708B2ADD6D8C` FOREIGN KEY (`supplier_id`) REFERENCES `Supplier` (`id`) ON DELETE CASCADE,
  CONSTRAINT `FK_E663708B2D234F6A` FOREIGN KEY (`approved_by_id`) REFERENCES `User` (`id`) ON DELETE SET NULL,
  CONSTRAINT `FK_E663708B4463220` FOREIGN KEY (`duplicate_of`) REFERENCES `Campaign` (`id`) ON DELETE SET NULL,
  CONSTRAINT `FK_E663708B713F1C19` FOREIGN KEY (`approvement_sender_id`) REFERENCES `User` (`id`) ON DELETE SET NULL,
  CONSTRAINT `FK_E663708B9395C3F3` FOREIGN KEY (`customer_id`) REFERENCES `Customer` (`id`) ON DELETE CASCADE,
  CONSTRAINT `FK_E663708BE7A1254A` FOREIGN KEY (`contact_id`) REFERENCES `SupplierContact` (`id`) ON DELETE SET NULL
) ENGINE=InnoDB AUTO_INCREMENT=176 DEFAULT CHARSET=utf8 COLLATE=utf8_unicode_ci;
/*!40101 SET character_set_client = @saved_cs_client */;

--
-- Dumping data for table `Campaign`
--

LOCK TABLES `Campaign` WRITE;
/*!40000 ALTER TABLE `Campaign` DISABLE KEYS */;
INSERT INTO `Campaign` VALUES (11,10,10,5,'Jahrespaket WOB',0,1,'87 x 75 mm','2014-01-01','2014-12-31',5700,52,NULL,135000,'KW 16 - Ostern\r\nKW 17 -\r\nKW 18 -\r\nKW 20 - Soße\r\nKW 21 - Steckerlfisch\r\nKW 22 - Steckerlfisch',1,NULL,NULL,'2014-03-18 20:36:35',NULL,NULL,NULL,NULL,0,NULL,NULL,NULL),(15,12,21,NULL,'Uni-Werbung',0,1,'gekündigt am 13.04 per Email, Eingang Kündigungs-Bestätigung','2014-02-25','2014-11-24',711,NULL,NULL,0,NULL,0,NULL,711,'2014-04-13 12:59:22',NULL,NULL,NULL,NULL,0,NULL,NULL,NULL),(16,68,22,25,'Stripes',0,1,'126 Dollar pro Ausgabe','2014-05-01','2015-04-30',1090.68,12,NULL,6000,NULL,0,NULL,1090.68,'2014-04-13 13:09:12',NULL,NULL,NULL,NULL,0,NULL,NULL,NULL),(17,14,16,NULL,'Osterbrunch - Wochenzeitung',0,1,'Anfrage versendet am 13.04.2014','2014-04-16','2014-04-16',250,1,NULL,135000,NULL,0,NULL,NULL,'2014-04-13 13:43:07',NULL,NULL,NULL,NULL,0,NULL,NULL,NULL),(18,15,16,8,'Rockland',0,1,'Restsekunden: 7.030 Sek.\r\n13.04.14 Mittagstisch eingebucht bis 300514','2013-08-01','2014-07-30',4223,NULL,8640,NULL,NULL,0,NULL,NULL,'2014-04-13 13:52:51',NULL,NULL,NULL,NULL,0,NULL,NULL,NULL),(19,15,17,8,'Rockland',0,1,'Aktuelle Restsekunden: 2.696 Sek. für Besitos\r\n130414 Neue Spots eingeplant','2013-08-01','2014-07-30',4223,NULL,8640,NULL,NULL,0,NULL,NULL,'2014-04-13 13:53:49',NULL,NULL,NULL,NULL,0,NULL,NULL,NULL),(21,17,23,NULL,'Plakatierung Biergarten-Eröffnung',0,0,'A0\r\nLudwigsburg 20-40\r\nAsperg 10\r\nSchwieberdingen 8\r\n\r\nHandlingpauschale: 140,- *\r\nJe Plakattafel: 3,- Euro','2014-04-15','2014-04-30',NULL,NULL,NULL,NULL,NULL,0,NULL,NULL,'2014-04-13 14:32:39',NULL,NULL,NULL,NULL,0,NULL,NULL,NULL),(22,15,24,NULL,'Rockland Eröffnungswerbung',0,0,'Sekunden kommen von Aposto und Besitos Mainz','2014-05-01','2014-05-10',NULL,NULL,2000,NULL,NULL,0,NULL,NULL,'2014-04-13 14:49:38',NULL,NULL,NULL,NULL,0,NULL,NULL,NULL),(23,19,16,10,'Stadtleben',0,0,NULL,'2014-01-01','2014-12-31',NULL,NULL,NULL,NULL,NULL,1,'http://stadtleben.de/mainz/news/2014/04/08/osterbrunch-im-aposto/',NULL,'2014-04-13 14:55:54',NULL,NULL,NULL,NULL,0,NULL,NULL,NULL),(24,20,22,NULL,'Facebook Werbung allgmein',0,1,'10 Euro für Facebook am Tag - läuft seit 13.04.14','2014-04-13','2014-04-30',158.36,NULL,NULL,NULL,NULL,0,NULL,NULL,'2014-04-13 14:58:28',NULL,'2014-04-29 21:06:42',NULL,NULL,0,NULL,NULL,NULL),(25,21,10,11,'typisch FRAU extra',0,0,'Hallo Herr Sieber,\r\n\r\nwir bereiten gerade die Veröffentlichung der Ausgabe „typisch FRAU extra“ vor und habe noch etwas Platz frei!\r\nMöchte Ihnen kurzfristig eine ganze Seite zu 750 EUR anbieten!\r\nGen. Lokalpreis zzgl. MWST.\r\n\r\nAuflage 88.000 Ex., Erscheinungstermin 27.4.2014\r\nFormat 204 mm b. x 280 mm h.\r\n\r\nWenn Ihnen das Angebot zusagt, dann bitte ich um schnelle Rückmeldung!\r\n\r\nFür weitere Auskünfte stehe ich Ihnen gerne zur Verfügung.','2014-04-27','2014-04-27',750,1,NULL,88000,NULL,0,NULL,NULL,'2014-04-14 15:13:37',NULL,NULL,NULL,NULL,0,NULL,NULL,NULL),(26,16,29,9,'essen und genießen',0,1,'Hallo Herr Sieber, \r\n\r\nanbei biete ich Ihnen folgendes Sonderangebot für unsere Sonderbeilage \"Essen und Geniessen in der Metropolregion\" an: \r\nAngebot gilt jeweils für Enchilada und Besitos. \r\n\r\nFormat:                jeweils 1 Ganze Seite = 228mm breit und 320mm hoch, aufgeteilt in 1/2 Seite Anzeige (228mm breit und 140mm hoch) + 1/2 PR-Bericht obendrüber \r\nAusgabe:                Mannheimer Morgen, Südhessen Morgen, Schwetzinger Zeitung und 4 Wochen online \r\nPlatzierung:                Doppelseite (Enchilada & Besitos gegenüberliegend) in der Sonderbeilage \"Essen und Geniessen in der Metropolregion\" \r\nErscheinungstermin:        14. März 2014 \r\nPreis:                        jeweils 637,50 Euro netto \r\n\r\nBitte sagen Sie mir schnellstmöglichst bescheid. \r\n\r\nGrüße \r\n\r\nRoland Scharschmidt','2014-03-14','2014-03-14',284,1,NULL,52590,NULL,0,NULL,319,'2014-04-14 16:39:05',NULL,NULL,NULL,NULL,0,NULL,NULL,NULL),(27,22,29,NULL,'Parkhaus-Werbung',0,1,NULL,'2014-03-01','2018-02-28',15360,NULL,NULL,NULL,NULL,0,NULL,NULL,'2014-04-14 16:40:29',NULL,NULL,NULL,NULL,0,NULL,NULL,NULL),(28,23,29,NULL,'Iss was! 02/2014',0,1,NULL,'2014-03-06','2014-03-06',150,1,NULL,NULL,NULL,0,NULL,NULL,'2014-04-14 17:18:56',NULL,NULL,NULL,NULL,0,NULL,NULL,NULL),(29,24,29,NULL,'campus-Tüte Sommersemster',0,1,NULL,'2014-04-28','2014-04-28',1,NULL,NULL,800,NULL,0,NULL,1,'2014-04-14 17:25:20',NULL,NULL,NULL,NULL,0,NULL,NULL,NULL),(30,25,29,NULL,'Espresso 2014',0,0,NULL,'2014-10-01','2014-10-01',NULL,1,NULL,NULL,NULL,0,NULL,NULL,'2014-04-14 18:29:04',NULL,NULL,NULL,NULL,0,NULL,NULL,NULL),(31,19,29,10,'Stadtleben',0,0,'69 Euro Vorstellungspaket\r\n25 Euro pro Galerie','2014-05-01','2014-12-31',952,NULL,NULL,NULL,NULL,0,NULL,1,'2014-04-14 18:34:20',NULL,NULL,NULL,NULL,0,NULL,NULL,NULL),(32,27,33,NULL,'NACHLESUNGSVERZEICHNIS',0,1,NULL,'2014-07-01','2014-07-01',80,1,NULL,10000,NULL,1,NULL,80,'2014-04-14 22:05:05',NULL,NULL,NULL,NULL,0,NULL,NULL,NULL),(33,28,33,NULL,'Biergarten-Radio-Kooperation',0,1,NULL,'2014-04-01','2014-09-30',6600,NULL,NULL,17000,NULL,1,NULL,6600,'2014-04-14 22:13:11',NULL,NULL,NULL,NULL,0,NULL,NULL,NULL),(34,29,21,NULL,'Jahresvereinbarung - Frizz',0,1,'Hallo Stefan,\r\n\r\nwir buchen wie folgt für Enchilada Marburg\r\n\r\n¼-Seite = A6-Flyer\r\nRegulärer Preis: 650 Euro zzgl. Steuer\r\n50 % Rabatt 325 Euro zzgl. Steuer \r\nInkl. Redaktion!\r\nLaufzeit: 12 Ausgaben – keine automatische Verlängerung\r\n\r\nAnzeige für April: kommt heute noch\r\nRedaktion für April liegt vor (Opening Party)\r\n\r\nDanke!\r\n\r\nGießen nur 11-Anteile','2014-05-01','2015-03-31',1787,11,NULL,NULL,NULL,1,NULL,3575,'2014-04-14 22:30:06',NULL,NULL,NULL,NULL,0,NULL,NULL,NULL),(35,29,30,NULL,'Jahresvereinbarung - Frizz',0,1,'Hallo Stefan,\r\n\r\nwir buchen wie folgt für Enchilada Marburg\r\n\r\n¼-Seite = A6-Flyer\r\nRegulärer Preis: 650 Euro zzgl. Steuer\r\n50 % Rabatt 325 Euro zzgl. Steuer \r\nInkl. Redaktion!\r\nLaufzeit: 12 Ausgaben – keine automatische Verlängerung\r\n\r\nAnzeige für April: kommt heute noch\r\nRedaktion für April liegt vor (Opening Party)\r\n\r\nDanke!\r\n\r\n1 - Anteil allein\r\n11 - Anteile 50/50 mit Gießen','2014-04-01','2015-03-31',2112,12,NULL,25000,NULL,1,NULL,4225,'2014-04-14 22:32:36',NULL,NULL,NULL,NULL,0,NULL,NULL,NULL),(36,24,33,NULL,'campus-Tüte Wintersemster 2013',0,1,NULL,'2013-11-12','2013-12-05',NULL,NULL,NULL,5300,NULL,0,NULL,NULL,'2014-04-15 09:51:55',NULL,NULL,NULL,NULL,0,NULL,NULL,NULL),(37,24,33,NULL,'campus-Tüte Wintersemster 2014',0,0,NULL,'2014-11-01','2014-11-01',1,NULL,NULL,NULL,NULL,0,NULL,NULL,'2014-04-15 09:53:33',NULL,NULL,NULL,NULL,0,NULL,NULL,NULL),(38,30,33,NULL,'Mittagstischmailing',0,1,NULL,'2014-02-20','2014-02-20',181,NULL,NULL,453,NULL,0,NULL,NULL,'2014-04-15 09:57:26',NULL,NULL,NULL,NULL,0,NULL,NULL,NULL),(39,31,18,NULL,'Schwetzinger Zeitung',0,0,NULL,'2014-04-30','2014-04-30',99,1,NULL,15900,NULL,1,NULL,NULL,'2014-04-15 16:26:57',NULL,NULL,NULL,NULL,0,NULL,NULL,NULL),(40,32,25,NULL,'Select - Basis - Jahresangebot',0,0,'Select - Basis\r\n\r\nRadio Primavera und Radio Galaxy: \r\n\r\nZeitraum:	15.04.2014 bis 14.04.2015 (12 Monate) \r\nSchaltungen:	Monatlich 50 Schaltungen á 15 - 20 Sekunden \r\n	(z.B.: an 10 Tagen je 5 Schaltungen täglich).\r\n	\r\nSendezeiten:	„best of day“, 06:00 – 18:00 Uhr (mindestens 50 %)\r\n	monatliche UP-Grades\r\nProduktion:	Sprecher, Musik, etc. inklusive \r\n	\r\nIhr Sonderpreis:	Monatlich 992,33 € zzgl. gesetzl. MwSt.\r\nMediawert: (Preis lt. Preislis-te)	4.500,00 € zzgl. gesetzl. MwSt.','2014-05-01','2015-04-30',11908,NULL,12000,NULL,NULL,0,NULL,54000,'2014-04-15 16:36:40',NULL,NULL,NULL,NULL,0,NULL,NULL,NULL),(41,32,25,NULL,'Select – Intensiv: Jahresvertrag',0,0,'Select – Intensiv:\r\n\r\nRadio Primavera und Radio Galaxy: \r\n\r\nZeitraum:	15.04.2014 bis 14.04.2015 (12 Monate) \r\nSchaltungen:	Monatlich 100 Schaltungen á 15 - 20 Sekunden \r\n	(z.B.: an 20 Tagen je 5 Schaltungen täglich).\r\n	\r\nSendezeiten:	„best of day“, 06:00 – 18:00 Uhr (mindestens 50 %)\r\n	monatliche UP-Grades\r\nProduktion:	Sprecher, Musik, etc. inklusive \r\n	\r\nIhr Sonderpreis:	Monatlich 1.984,66 € zzgl. gesetzl. MwSt.\r\nMediawert: (Preis lt. Preislis-te)	9.000,00 € zzgl. gesetzl. MwSt.','2014-05-01','2015-04-30',23816,NULL,24000,NULL,NULL,0,NULL,108000,'2014-04-15 16:39:52',NULL,NULL,NULL,NULL,0,NULL,NULL,NULL),(42,33,25,NULL,'Frizz Aschaffenburg - Jahresvertrag',0,1,NULL,'2013-12-01','2014-11-30',3528,12,NULL,18000,'Mai: Cocktail Casino',1,NULL,5880,'2014-04-15 19:07:25',NULL,NULL,NULL,NULL,0,NULL,NULL,NULL),(43,35,25,NULL,'Stadtleben - 3 Monate',0,1,'Hallo Markus,\r\n\r\n\r\nhier die damalige Vereinbarung.\r\n\r\nDa die Fotografie bei all unseren Testläufen nur sehr schlechte Ergebnisse brachte, sind hier leider weniger Galerien entstanden bzw. wir haben Abende mit 1-2 Fotos i. d. R. nicht online gestellt, da sie eher negative Wirkung haben.\r\n\r\nAllerdings haben wir zusätzlich zu den versprochenen Leistungen noch viele Teaserschaltungen im Wert von einigen hundert EUR vorgenommen, insbesondere im Zusammenhang mit Speisekarte und Cocktail Casino. Ich denke von dieser Werbewirkung hattet Ihr einen größeren Nutzen.\r\n\r\nDas erste Quartal bzw. die erste 3-Monatsphase endet am 30.04.2014. Am besten wir setzen uns also in den nächsten 1-2 Wochen mal zusammen und besprechen ob und in wie weit wir hier eine Zusammenarbeit fortsetzen/anpassen. Ich hätte hierzu z. B. am Karfreitag oder am 24.04.2014 nachmittags und am 25.04.2014 zwischen 12:00 und 17:00 Uhr Zeit.','2014-02-01','2014-04-30',570,NULL,NULL,NULL,NULL,1,NULL,NULL,'2014-04-15 19:29:52',NULL,NULL,NULL,NULL,0,NULL,NULL,NULL),(44,34,25,NULL,'Showtime',0,1,NULL,'2014-02-15','2014-05-14',750,NULL,NULL,NULL,NULL,0,NULL,NULL,'2014-04-15 19:31:29',NULL,NULL,NULL,NULL,0,NULL,NULL,NULL),(45,24,21,NULL,'campus-Tüte Sommersemster 2014',0,1,NULL,'2014-04-30','2014-04-30',1,NULL,NULL,3000,NULL,0,NULL,NULL,'2014-04-15 19:34:39',NULL,NULL,NULL,NULL,0,NULL,NULL,NULL),(46,24,15,NULL,'campus-Tüte Sommersemster 2014',0,1,NULL,'2014-04-10','2014-04-10',1,NULL,NULL,800,NULL,0,NULL,NULL,'2014-04-15 19:39:57',NULL,NULL,NULL,NULL,0,NULL,NULL,NULL),(47,24,31,NULL,'campus-Tüte Sommersemster 2014',0,1,NULL,'2014-04-10','2014-04-10',1,NULL,NULL,800,NULL,0,NULL,NULL,'2014-04-15 19:42:46',NULL,NULL,NULL,NULL,0,NULL,NULL,NULL),(48,24,34,NULL,'campus-Tüte Sommersemster 2014',0,1,NULL,'2014-04-28','2014-05-07',1,NULL,NULL,7000,NULL,0,NULL,NULL,'2014-04-15 19:46:39',NULL,NULL,NULL,NULL,0,NULL,NULL,NULL),(49,24,19,NULL,'campus-Tüte Sommersemster 2014',0,1,NULL,'2014-04-28','2014-05-07',1,NULL,NULL,7000,NULL,0,NULL,NULL,'2014-04-15 19:48:20',NULL,NULL,NULL,NULL,0,NULL,NULL,NULL),(50,24,22,NULL,'campus-Tüte Sommersemster 2014',0,1,NULL,'2014-06-05','2014-06-05',1,NULL,NULL,1500,NULL,0,NULL,NULL,'2014-04-15 19:49:56',NULL,NULL,NULL,NULL,0,NULL,NULL,NULL),(51,24,25,NULL,'campus-Tüte Sommersemster 2014',0,1,NULL,'2014-04-08','2014-04-08',1,NULL,NULL,800,NULL,0,NULL,NULL,'2014-04-15 19:51:50',NULL,NULL,NULL,NULL,0,NULL,NULL,NULL),(52,24,14,NULL,'campus-Tüte Sommersemster 2014',0,1,NULL,'2014-04-14','2014-04-14',1,NULL,NULL,2000,NULL,0,NULL,NULL,'2014-04-15 19:55:27',NULL,NULL,NULL,NULL,0,NULL,NULL,NULL),(53,24,30,NULL,'campus-Tüte Sommersemster 2014',0,1,NULL,'2014-04-24','2014-04-24',1,NULL,NULL,2500,NULL,0,NULL,NULL,'2014-04-15 20:02:01',NULL,NULL,NULL,NULL,0,NULL,NULL,NULL),(54,24,28,NULL,'campus-Tüte Sommersemster 2014',0,1,NULL,'2014-04-10','2014-04-10',1,NULL,NULL,3000,NULL,0,NULL,NULL,'2014-04-15 20:10:19',NULL,NULL,NULL,NULL,0,NULL,NULL,NULL),(55,36,28,NULL,'Bremen4 - Cocktail Casino - Werbung',0,1,NULL,'2014-02-10','2014-03-04',5056,NULL,800,77000,NULL,0,NULL,NULL,'2014-04-15 20:16:21',NULL,NULL,NULL,NULL,0,NULL,NULL,NULL),(56,37,25,14,'Verkaufsoffener Sonntag',0,1,NULL,'2014-04-20','2014-04-27',149,2,NULL,148000,NULL,0,NULL,NULL,'2014-04-15 20:30:40',NULL,NULL,NULL,NULL,0,NULL,NULL,NULL),(57,39,21,NULL,'WTFG?! Semesterheft',0,0,NULL,'2014-06-01','2014-06-01',NULL,1,NULL,8000,NULL,0,NULL,500,'2014-04-16 20:26:42',NULL,NULL,NULL,NULL,0,NULL,NULL,NULL),(58,40,23,NULL,'Sportvereinigung 07 Ludwigsburg e.V. - Sponsoring',1,0,NULL,'2014-06-01','2014-06-01',NULL,NULL,NULL,NULL,NULL,0,NULL,NULL,'2014-04-16 21:27:25',NULL,NULL,'2014-07-29 20:05:04',11,0,NULL,NULL,NULL),(59,38,30,NULL,'Anzeige Eröffnung Express Marburg',0,0,'Nachverhandelt: 300 Euro\r\n\r\nHalo Herr Sieber,\r\n\r\nwie eben telefonisch besprochen kann ich Ihnen für die Eröffnungs-Party im Enchilada Marburg im Anzeigenpreis nochmals entgegenkommen:\r\n\r\n***1/4-Seite, 4c, Format: 93mm breit/ 128mm hoch\r\n***Sonderpreis: 346,- EUR +MWSt\r\n\r\nIch würde mich freuen, wenn Ihnen mein Angebot zusagt und Sie sich zwecks Reservierung bis Freitag bei mir melden.\r\n\r\nDie Anzeigendatei brauchen wir bis Montag den 14.04.14\r\nan: feedback@marbuch-verlag.de\r\n\r\nViele Grüße\r\nN.Brinkmöller\r\n\r\n\r\n-- \r\n\r\n\r\nTel: 0 64 21 / 68 44 22\r\nFax: 0 64 21 / 68 44 44\r\nfeedback@marbuch-verlag.de\r\n\r\nMarbuch Verlag GmbH - Magazin Express\r\nErnst-Giller-Str. 20a - 35039 Marburg\r\nwww.marbuch-verlag.de\r\n\r\nGeschäftsführer:\r\nPeter Mannshardt - Michael Boegner\r\nAmtsgericht Marburg HR B Nr. 1484\r\n\r\n-------------------------------------\r\nSOUND I EXPRESS\r\nSa, 12. April 2014, 21 Uhr\r\nBoptown Cats – Rock\'n\'Roll + Rockabilly\r\nLive im Knubbel, Marburg\r\nKarten online unter www.marbuch-verlag.de','2014-04-24','2014-04-24',300,NULL,NULL,12053,NULL,0,NULL,NULL,'2014-04-16 21:45:46',NULL,NULL,NULL,NULL,0,NULL,NULL,NULL),(60,41,29,NULL,'Rhein-Neckar Löwen  Supporterclub – Team',0,0,'Absage durch Robby, 160414','2014-01-01','2014-12-31',NULL,NULL,NULL,NULL,NULL,0,NULL,NULL,'2014-04-16 21:58:14',NULL,NULL,NULL,NULL,0,NULL,NULL,NULL),(61,42,38,NULL,'TV Werbung',0,0,NULL,'2014-05-01','2014-05-10',1000,NULL,1200,NULL,NULL,0,NULL,NULL,'2014-04-16 22:05:15',NULL,NULL,NULL,NULL,0,NULL,NULL,NULL),(62,16,29,9,'Sonderbeilage \"Essen & Geniessen in der Metropolregion\" am 16. Mai 2014',0,0,NULL,'2014-05-16','2014-05-16',580,1,NULL,52590,NULL,0,NULL,NULL,'2014-04-16 22:14:39',NULL,NULL,NULL,NULL,0,NULL,NULL,NULL),(64,30,29,NULL,'Mailing Veranstaltungsraum',0,1,NULL,'2014-05-13','2014-05-14',157,NULL,NULL,NULL,NULL,0,NULL,NULL,'2014-04-17 12:32:49',NULL,NULL,NULL,NULL,0,NULL,NULL,NULL),(65,43,33,NULL,'Gudd Gess',0,0,'http://www.gudd-gess.de/start/gastro/ratskeller/','2014-01-01','2014-12-31',1,NULL,NULL,NULL,NULL,0,NULL,NULL,'2014-04-17 12:43:08',NULL,NULL,NULL,NULL,0,NULL,NULL,NULL),(66,44,29,NULL,'Bio Brotbox Mannheim',0,0,'Von: Achim Scheifl - Seufert & Diemer (Versicherungsmakler) [mailto:a.scheifl@seufert-diemer.de] \r\nGesendet: Donnerstag, 10. April 2014 08:47\r\nAn: Robert Nürnberger\r\nBetreff: Bio Brotbox Mannheim\r\n \r\nHallo Robby, \r\n \r\nanbei sende ich dir noch die versprochene Info zu der Bio-Brotbox, die für die diesjährigen Erstklässler in Mannheim geplant ist und um Spender wirbt. Stückzahl ca. 1400 Boxen. Werden im September verteilt.\r\nAnbei auch einen Link zu einem youtube Beitrag über die Aktion in Berlin. Das sollte doch in Mannehim auch zu schaffen sein... :)\r\n \r\nhttp://youtu.be/7z5hZLFKvEw\r\n \r\nSchaus dir bitte mal an und lass uns quatschen :o)\r\n \r\nLG\r\n \r\nAchim\r\n \r\n \r\n \r\n----- Original Message ----- \r\nFrom: Petra Leinberger \r\nTo: Scheifl, Achim \r\nSent: Wednesday, March 19, 2014 12:44 PM\r\nSubject: Bio Brotbox Mannheim\r\n \r\nHallo Herr Scheifl,\r\nhier noch einmal kurz zusammengefasst Infos zur Bio Brotbox Mannheim.\r\n \r\nWir haben im vergangenen Jahr die Bio Brotbox-Initiative nach Mannheim \"getragen\" und zunächst im kleinen Rahmen (um uns \"warmzulaufen\") mit einer Schule , der Pestalozzischule, begonnen.\r\nEs lief so gut, dass wir uns nun für 2014 zutrauen, allen interessierten Mannheimer Grundschulen die Bio-Brotbox zukommen zu lassen.\r\nKürzlich hatten wir ein Netzwerk-Treffen einiger beteiligter Städte, bei dem wir unsere Erfahrungen austauschen und uns gegenseitig hilfreiche Tipps geben konnten.\r\nDie Initiativen einiger Städte sind schon seit vielen Jahren dabei und werden bei der Bio Brotbox auch durch viele regionale Unternehmen unterstützt.\r\nWarum sollte das nicht auch in Mannheim funktionieren?\r\nWir sprechen zur Zeit alle  Mannheimer Grundschulen an, um die Bio Brotbox anzubieten - natürlich würden wir uns sehr freuen, dabei von vielen MannheimerInnen unterstützt zu werden.\r\nWas wir noch dringend benötigen, sind \"Promi-Paten\", einen Logistiker,bei dem wir die Produkte anliefern,lagern und packen können und der bei der Verteilung/dem Ausfahren hilft, Menschen, die beim Packen und Verteilen helfen und Firmen, die mit Geld zur Beschaffung der leeren Boxen helfen möchten (das müssen keine riesigen Beträge sein,wenn wir  ein paar Unternehmen finden, die 100 bis 200 EUR spenden, haben wir die Boxen ja schon nahezu zusammen, der Preis pro Box lag im vergangenen Jahr bei EUR 0,57 zzgl. MwSt.- eine Spendenquittung ist über die Netzwerkorganisation möglich ).\r\nKreative Leute, die uns bei der Flyererstellung oder sonstwie beim Publizieren der Aktion unterstützen möchten, sind auch willkommen.\r\n \r\nWorum geht es bei der Bio-Brotbox?\r\nBei dieser Aktion wird Erstklässern zur Einschulung eine Brotbox mit gesunden Bio-Lebensmitteln übergeben (z.B. Möhre, Apfel,Müsliriegel,vegetarischer Brotaufstrich, Müsli, Fruchtsaft o.ä.).\r\nBei der Aktion geht es darum, früh das Thema gesunde Ernährung ins Bewusstsein zu rücken und einen Impuls für die Wichtigkeit eines täglichen gesunden Frühstücks zu geben.\r\n \r\n Grundsätzlich sind folgende 3 Ziele definiert : \r\nJedes Kind sollte täglich frühstücken\r\nJedes Kind sollte täglich gesund frühstücken\r\nJedes Kind sollte Nahrung schätzen lernen und Wissen über Herkuft und Entstehung von Lebensmitteln kennenlernen.\r\nDie Aktion bietet also auch den Lehrern/Lehrerinnen die Möglichkeit, mit diesem \"Aufhänger\" eine altersgerechte Auseinandersetzung mit diesem Thema im Unterricht zu implementieren.\r\n \r\nWeitere Info finden Sie auch unter:\r\nwww.bio-brotbox.de oder auf unserer Mannheimer Bio-Brotbox-Website: www.biobrotbox-mannheim.de\r\n \r\nIch sende Ihnen auch einmal die Presseerklärung der Netzwerkorganisation über die Initiativen 2013.\r\nVielleicht haben Sie ja eine Idee und Interesse, uns beim weiteren Aufbau der Aktion in Mannheim zu unterstützen - ich würde mich sehr freuen!\r\n \r\nBei der Akquise von Sponsoren, die die Boxen befüllen, waren wir schon recht erfolgreich und werden Gaben von Alnatura, PEMA, Spielberger Mühle, Reformhaus Escher, WILLMANN PAX AN , Provamel\r\nund anderen erhalten.\r\n.\r\nHerzliche Grüße\r\n \r\n \r\nPetra Leinberger\r\n \r\nCheckpoint Marktforschung\r\nTraitteurstr. 28 - 34\r\n68165 Mannheim\r\nTel 0621 - 49 49 480 - 20\r\nFax 0621 - 49 49 480 - 28\r\nwww.checkpoint-mafo.com\r\n \r\nGründer der Initiative Bio-Brotbox Mannheim\r\nwww.biobrotbox-mannheim.de\r\n \r\nPLEASE: THINK BEFORE YOU PRINT!','2014-06-01','2014-06-01',1,NULL,NULL,NULL,NULL,0,NULL,NULL,'2014-04-17 13:06:53',NULL,NULL,NULL,NULL,0,NULL,NULL,NULL),(67,10,38,5,'Titelseite WOB',0,0,'Hi Markus,\r\n\r\nAuf der Titelseite für den 23. April ist im  Leitartikel  ein Platzierung in der Größe 2/150 frei\r\nPreis laut Liste 1083.-€ , frech wie ich bin  biete ich den für 390.-€ netto an.\r\nDas Format ist 87mm Breite- 150mm Höhe . Bitte gib mir bei Interesse über die Feiertage Bescheid, die Vorlage brauch ich am Dienstag spätestens um 12Uhr ( bitte, bitte nicht später)\r\n\r\n\r\nLG und frohe Ostern','2014-04-23','2014-04-23',390,1,NULL,135000,NULL,0,NULL,1083,'2014-04-18 10:36:11',NULL,NULL,NULL,NULL,0,NULL,NULL,NULL),(68,45,23,NULL,'Anzeige Ludwigsburger Wochenblatt - Biergarteneröffnung',0,0,'Guten Morgen.\r\n\r\n\r\nDie 1/3-Seite ist 324 x 160mm oder 180 x 280mm und die halbe Seite ist 324 x 240mm!  \r\n\r\nMit freundlichem Gruß \r\n\r\nVolker Hildner.\r\n \r\nLudwigsburger Wochenblatt GmbH + Co. KG. \r\nLindenstraße 15. \r\n71634 Ludwigsburg. \r\nTelefon (07141) 96 20-515. \r\nTelefax (07141) 96 20- 10 515.\r\nMobil (0172) 71 644 74. \r\nVolker.Hildner@luwo.de\r\nwww.Ludwigsburger-Wochenblatt.de\r\n\r\nSitz Ludwigsburg. HRA 202159 Stuttgart. \r\nPers.haft. Ges.: Ludwigsburger Wochenblatt Verwaltungs-GmbH 202913 Stuttgart. \r\nGeschäftsführer: Gerhard Ulmer.\r\n\r\n\r\n\r\n\r\n-----Ursprüngliche Nachricht-----\r\nVon: Markus Sieber | beon-communications [mailto:markus.sieber@beon-communications.de]\r\nGesendet: Samstag, 12. April 2014 15:58\r\nAn: Hildner, Volker\r\nBetreff: AW: Re:1/1-Anzeige oder Beilage - Ratskeller Ludwigsburg\r\n\r\n... geben Sie mir mal bitte die Abmessungen und Preise von einer 1/3-Seite und einer 1/2-Seite. Südausgabe.\r\n\r\nDanke!\r\n\r\n-----Ursprüngliche Nachricht-----\r\nVon: Hildner, Volker [mailto:Volker.Hildner@luwo.de]\r\nGesendet: Donnerstag, 10. April 2014 17:01\r\nAn: Markus Sieber | beon-communications\r\nBetreff: WG: Re:1/1-Anzeige oder Beilage - Ratskeller Ludwigsburg\r\nWichtigkeit: Hoch\r\n\r\nHallo Herr Sieber,\r\n\r\nden unteren Teil hatten wir schon zwei mal als Angebot!\r\n\r\nSollten sie bereits Anzeigenvorlagen\r\nhaben und dafür ein Angebot benötigen,dann bitte per Mail senden genauer Größenangabe der Anzeige(n).\r\n\r\nErscheinungestermine:\r\n\r\n\r\nET				Anzeigenschluß\r\n\r\n17.4.2014			15.04.2014 um 15.00 Uhr\r\n24.04.2014			22.04.2014 um 15.00 Uhr\r\n30.04. (statt 01.05.2014)		28.04.2014 um 15.00 Uhr !!!!\r\n \r\n\r\nMit freundlichem Gruß \r\n\r\nVolker Hildner.\r\n \r\nLudwigsburger Wochenblatt GmbH + Co. KG. \r\nLindenstraße 15. \r\n71634 Ludwigsburg. \r\nTelefon (07141) 96 20-515. \r\nTelefax (07141) 96 20- 10 515.\r\nMobil (0172) 71 644 74. \r\nVolker.Hildner@luwo.de\r\nwww.Ludwigsburger-Wochenblatt.de\r\n\r\nSitz Ludwigsburg. HRA 202159 Stuttgart. \r\nPers.haft. Ges.: Ludwigsburger Wochenblatt Verwaltungs-GmbH 202913 Stuttgart. \r\nGeschäftsführer: Gerhard Ulmer.\r\n\r\n\r\n\r\n> ______________________________________________ \r\n> Von: 	Hildner, Volker  \r\n> Gesendet:	Dienstag, 3. Dezember 2013 09:31\r\n> An:	\'markus.sieber@beon-communications.de\'\r\n> Betreff:	Re:1/1-Anzeige oder Beilage - Ratskeller Ludwigsburg\r\n> Wichtigkeit:	Hoch\r\n> \r\n> Hallo Herr Sieber,\r\n> \r\n> auf zum nächsten Versuch> ...>\r\n> \r\n> Also, ein einzelnes A4-Blatt können wir nicht beilegen, aber wie wäre \r\n> es wenn wir das Blatt als Anzeige drucken? Auf die Größe 231 x 327mm \r\n> skalieren und wir haben eine schöne Anzeigengröße zum Preis von:\r\n> \r\n> Gesamtausgabe (153 100 Exemplare):			5342,-> EUR> /Netto	abzügl. AE-Rabatt\r\n> Südausgabe (93 200 Exemplare).			2000,-> EUR> /Netto abzügl. AE-Rabatt\r\n> \r\n> \r\n> Als 1/1-Seite  324 x 485mm\r\n> \r\n> Gesamtausgabe (153 100 Exemplare):			10790,-> EUR> /Netto abzügl. AE-Rabatt\r\n> Südausgabe (93 200 Exemplare).			  3500,-> EUR> /Netto abzügl. AE-Rabatt\r\n> \r\n> Als Anlage habe ich das Gebiet Gesamt und Süd beigefügt.\r\n> \r\n> \r\n> 	> >  <<Gesamt 2012.pdf>> 		> >  <<Süd 2012.pdf>> \r\n> \r\n> \r\n> Mit freundlichem Gruß\r\n> \r\n> Volker Hildner.\r\n>  \r\n> Ludwigsburger Wochenblatt GmbH + Co. KG. \r\n> Lindenstraße 15. \r\n> 71634 Ludwigsburg. \r\n> Telefon (07141) 96 20-515. \r\n> Telefax (07141) 96 20- 10 515.\r\n> Mobil (0172) 71 644 74. \r\n> Volker.Hildner@luwo.de\r\n> www.Ludwigsburger-Wochenblatt.de\r\n> \r\n> Sitz Ludwigsburg. HRA 202159 Stuttgart. \r\n> Pers.haft. Ges.: Ludwigsburger Wochenblatt Verwaltungs-GmbH 202913 Stuttgart. \r\n> Geschäftsführer: Gerhard Ulmer.\r\n> \r\n> \r\n> \r\n> \r\n>  \r\n> 					\r\n> \r\n> \r\n> \r\n> \r\n> \r\n> Guten Tag,\r\n> wir haben Interesse in ihrem Wochenblatt eine ganzseitige Anzeige oder eine Beilage A4 für den Ratskeller Ludwigsburg zu buchen.\r\n> Bittte um ein Angebot.\r\n> Danke!\r\n> Mit freundlichen Grüßen\r\n> Markus Sieber\r\n> beon-communications\r\n> Postfach 52 44\r\n> 97002 Würzburg\r\n> markus.sieber@beon-communications.de\r\n> M 0176/96244951\r\n> Visit us - www.beon-communications.de\r\n> Like us - www.facebook.com/beoncommunications\r\n> \r\n> \r\n>','2014-04-30','2014-05-01',1000,1,NULL,93200,NULL,1,NULL,NULL,'2014-04-18 13:08:18',NULL,NULL,NULL,NULL,0,NULL,NULL,NULL),(69,46,23,19,'Biergarten-Eröffnung Radio',0,1,NULL,'2014-04-28','2014-05-01',1760.05,NULL,300,78000,NULL,1,NULL,NULL,'2014-04-18 13:22:50',NULL,'2014-04-27 14:51:40',NULL,NULL,0,NULL,NULL,NULL),(70,10,38,5,'Sonderseite/-kollektiv Gasto jeden 3 Mittwoch im Monat',0,0,'Hiermit erhalten Sie die Infos zu unserer neuen Sonderseite, mit der wir zielgerichtet die Gastronomie in und um Würzburg unterstützen möchten.\r\nBei diesem Paket haben wir noch einmal sehr stark an unserer „Preisschraube“ gedreht und bieten Ihnen damit die Möglichkeit,  zu einem absolut fairen Preis Ihre  Werbekampagne in der Wob zu verwirklichen.\r\n\r\nDiese Sonderseite/-kollektiv erscheint jeweils zum 3. Mittwoch im Monat.\r\n\r\nKampagnenzeitraum: April bis einschl. September 2014\r\nStart: 16. April 2014\r\n\r\nAngebot:\r\nmm-Preis 0,99 € netto (statt regulär 2,40 € netto) z. B. Anzeigengröße 2sp/50 mm für 99,00 € netto (statt regulär 240,00 € netto) Bei Buchung von 6 Schaltungen erhalten Sie zusätzlich einen Text incl. Bild in der Größe Ihrer gebuchten Anzeige\r\n\r\nSelbstverständlich gilt der günstige mm-Preis für jede weitere Anzeigengröße.\r\n\r\nNutzen Sie diese einmalige Gelegenheit!!\r\nFür Fragen stehe ich Ihnen jederzeit sehr gerne zur Verfügung.\r\n\r\nBis dahin alles Gute und herzliche Grüße\r\n\r\nGisela Schubert\r\nIhre persönliche Mediaberaterin','2014-04-16','2014-04-17',594,6,NULL,135000,NULL,1,NULL,1440,'2014-04-18 17:55:07',NULL,NULL,NULL,NULL,0,NULL,NULL,NULL),(71,47,10,NULL,'Hochzeitsmesse TRAUMHOCHZEIT',0,0,NULL,'2014-10-11','2014-10-12',NULL,NULL,NULL,NULL,NULL,0,NULL,NULL,'2014-04-18 18:13:33',NULL,NULL,NULL,NULL,0,NULL,NULL,NULL),(72,36,28,NULL,'Muttertag-Angebot',0,0,NULL,'2014-05-10','2014-05-10',NULL,NULL,NULL,77000,NULL,0,NULL,NULL,'2014-04-19 09:44:15',NULL,NULL,NULL,NULL,0,NULL,NULL,NULL),(73,30,14,NULL,'Veranstaltungen-Mailing',0,1,NULL,'2014-03-10','2014-03-10',108,NULL,NULL,800,NULL,0,NULL,NULL,'2014-04-19 10:05:24',NULL,NULL,NULL,NULL,0,NULL,NULL,NULL),(74,30,14,NULL,'Mittagstischmailing',0,1,NULL,'2014-01-17','2014-01-17',100,NULL,NULL,250,NULL,0,NULL,NULL,'2014-04-19 10:07:50',NULL,NULL,NULL,NULL,0,NULL,NULL,NULL),(75,30,15,NULL,'Mittagstischmailing',0,1,NULL,'2014-02-20','2014-02-20',NULL,NULL,NULL,299,NULL,0,NULL,120,'2014-04-19 10:15:21',NULL,NULL,NULL,NULL,0,NULL,NULL,NULL),(76,30,16,NULL,'Mittagstischmailing',0,1,NULL,'2014-01-17','2014-01-17',23,NULL,NULL,NULL,NULL,0,NULL,NULL,'2014-04-19 10:19:33',NULL,NULL,NULL,NULL,0,NULL,NULL,NULL),(77,48,10,NULL,'Werbung auf Taxiquittung',0,1,NULL,'2013-04-01','2014-03-31',3000,1,NULL,50000,NULL,0,NULL,NULL,'2014-04-19 10:26:07',NULL,NULL,NULL,NULL,0,NULL,NULL,NULL),(78,24,16,NULL,'Promo an der Uni',0,0,'Servus,\r\n\r\nhier der Preis und die Locations:\r\n\r\nHier die möglichen Standflächen:\r\nMainz, Zentralmensa, Foyer, Staudingerweg 15, 55128 Mainz\r\nMainz, Philosophicum, Foyer, Jakob-Welder-Weg 18, 55128 Mainz\r\nMainz, Uni-ReWi-Gebäude, Foyer, Jakob-Welder-Weg 9, 55128 Mainz  \r\n\r\n100 Euro pro Tag und Location.\r\n\r\nWann soll die Promo sein mit The Big Easy – Job-Flyer?\r\n\r\nMit freundlichen Grüßen\r\n\r\n\r\n\r\nAposto macht eine Promo, wenn wir mit Big Easy durch sind!\r\nBitte auf dem Schirm behalten.\r\n\r\nDanke & Grüße,\r\n\r\nMirko','2014-09-01','2014-09-01',100,NULL,NULL,NULL,NULL,0,NULL,100,'2014-04-19 16:13:08',NULL,NULL,NULL,NULL,0,NULL,NULL,NULL),(79,50,10,NULL,'City Move Cross Media Paket',0,1,'Hallo lieber Partner, ein Jahr ist schon wieder vergangen und Ihr Jahresbeitrag über 690,- Euro für das City Move Cross Media Paket ist wieder fällig. Im Paket ist wie immer eine viertel Seite Anzeige inklusive Bitte senden Sie mir bis zum 28.02.2014 die Anzeige in der Größe von 85 x 264 mm. Bitte teilen Sie mir möglichst zeitnah mit, wenn wir die Anzeige für Sie bauen sollen oder eventuell die Anzeige vom letzten Jahr verwenden sollen......','2014-02-01','2015-01-31',690,1,NULL,NULL,NULL,0,NULL,NULL,'2014-04-19 16:20:57',NULL,NULL,NULL,NULL,0,NULL,NULL,NULL),(80,51,10,NULL,'Jahreskooperation Culinaria Würzburg',0,0,NULL,'2014-01-01','2014-12-31',1,NULL,NULL,NULL,NULL,0,NULL,NULL,'2014-04-19 16:37:19',NULL,NULL,NULL,NULL,0,NULL,NULL,NULL),(81,52,10,NULL,'Anzeige tonight',0,0,'Infos unklar','2014-06-01','2014-06-01',1,NULL,NULL,NULL,NULL,0,NULL,NULL,'2014-04-19 16:40:02',NULL,NULL,NULL,NULL,0,NULL,NULL,NULL),(82,54,29,NULL,'Anzeige  Mannheim Studieren - Wegweiser 2015',0,0,'Hallo Herr Sieber, \r\nvielen Dank für Ihr Interesse am \" Wegweiser 2015 - Studieren in Mannheim \" , der Jahresbroschüre des Studentenwerks Mannheim.\r\nUnsere ganz besonderen Angebote zu einer Anzeigenschaltung finden Sie unten.\r\n\r\n\"Der \" Wegweiser \" erscheint 1 jährlich im Juli, rechtzeitig vor Beginn des Herbst-Wintersemesters, mit einer Auflage von 8.0000 Exemplaren. Das Magazin wird kostenlos durch das Studentenwerk an Universität, Fachhochschule und Berufsakademie verteilt sowie den Anmeldungsunterlagen der vielen neuen Studierenden beigelegt.\r\n\r\n  \r\nAngebote zu einer Anzeigenschaltung im \" Wegweiser 2015 - Studieren in Mannheim \", zum Beispiel:\r\n\r\n1/4 Seite, 58mm breit x 88mm hoch,\r\nAngebotspreis: € 200,- statt € 340,-\r\n1/3 Seite, 120mm breit x 57mm hoch,\r\nAngebotspreis: € 300,- statt € 550,- \r\n1/2 Seite, 120mm breit x 88mm hoch,\r\nAngebotspreis: € 400,-  statt € 750,-\r\njeweils incl. Farbe, zzgl. MwSt.\r\n\r\nAnzeigenschluss:06. Juni 2014\r\nErscheinungstermin ab Juli 2014\r\n\r\nAls Anhang die Mediadaten  und die Ausgabe vom letzten Jahr zur Ansicht.\r\n\r\nSagen Sie mir bitte Bescheid, ob Sie eines unserer Angebote wahrnehmen möchten, damit ich vorab den entsprechenden Platz reservieren kann.  \r\n\r\nIch freue mich auf Ihre Antwort und stehe für Rückfragen gerne zur Verfügung.  \r\n\r\nHerzliche Grüße und eine sonnige Zeit\r\nBernd Riedel\r\n\r\nBR Medienberatung\r\nTel.: 06172 - 2661022\r\nFax: 06172 - 2661024\r\ne-mail: riedel.bernd@t-online.de \r\n\r\n \r\nDER PLAN OHG\r\n\r\nWerbeagentur & Kartografie\r\nSiegmund-Schuckert-Straße 5\r\n68199 Mannheim\r\nTel.: 06 21 / 83 59 69-0\r\nFax: 06 21 / 83 59 69-10\r\nwww.derplan-online.de\r\ninfo@derplan-online.de\r\n \r\nSitz der Gesellschaft: Mannheim\r\nAmtsgericht Mannheim HRA 4930\r\n\r\n\r\n20042014-MS: Angebot und Mediadaten angefordert,','2014-07-01','2014-07-02',1,1,NULL,8000,NULL,0,NULL,NULL,'2014-04-20 12:51:11',NULL,NULL,NULL,NULL,0,NULL,NULL,NULL),(83,53,23,NULL,'Infostand Hochzeitsmesse',0,0,'200414-MS/Unterlagen digital angefordert','2014-11-08','2014-11-09',NULL,NULL,NULL,NULL,NULL,0,NULL,NULL,'2014-04-20 12:55:59',NULL,NULL,NULL,NULL,0,NULL,NULL,NULL),(84,20,38,NULL,'Facebook-Werbung',0,1,NULL,'2014-04-12','2014-04-20',1,NULL,NULL,NULL,NULL,0,NULL,NULL,'2014-04-20 13:01:29',NULL,NULL,NULL,NULL,0,NULL,NULL,NULL),(85,55,38,NULL,'Titelseite Frizz Würzburg',0,1,NULL,'2014-05-01','2014-05-31',1200,1,NULL,NULL,NULL,1,NULL,NULL,'2014-04-20 13:08:50',NULL,NULL,NULL,NULL,0,NULL,NULL,NULL),(86,56,10,NULL,'TischKultur... Essen und Wein',0,0,NULL,'2014-05-15','2014-05-15',200,1,NULL,12500,NULL,0,NULL,380,'2014-04-20 15:07:53',NULL,NULL,NULL,NULL,0,NULL,NULL,NULL),(87,57,34,NULL,'Sonderheft WM-FIEBER 2014',0,0,NULL,'2014-05-27','2014-05-27',NULL,NULL,NULL,30000,NULL,0,NULL,NULL,'2014-04-20 15:23:59',NULL,NULL,NULL,NULL,0,NULL,NULL,NULL),(88,57,19,NULL,'Sonderheft WM-FIEBER 2014',0,0,NULL,'2014-05-27','2014-05-27',NULL,NULL,NULL,30000,NULL,0,NULL,NULL,'2014-04-20 15:24:50',NULL,NULL,NULL,NULL,0,NULL,NULL,NULL),(89,58,29,NULL,'City-Guide 2014/2015 Mannheim',0,0,'Sehr geehrter Herr Sieber, \r\n\r\nanbei erhalten Sie Ihre Anzeigenvorlage, die Sie in unserem City-Guide 2013/2014 geschaltet haben. \r\n\r\nMöchten Sie diese Anzeige auch wieder für unseren City-Guide 2014/2015 schalten? \r\n\r\nDer City-Guide 2014/2015 wird ab Mai 2014 verteilt. \r\n\r\nSonderpreis wie 2013 = 500,- Euro netto \r\n\r\n\r\nMediadaten: \r\nKompakt, übersichtlich, anregend: der neue „City Guide – LEBENSFREUDE.IM QUADRAT.“ \r\nMannheims interessante Adressen parallel im Internet und in der Mannheim App. \r\nProfitieren Sie vom Crossmedia Angebot im attraktiven City Guide Mannheim. Präsentieren Sie sich als eine der interessanten Adressen unserer Stadt in einem der Bereiche: \r\n\r\n• Shopping \r\n• Food & More \r\n• Culture \r\nAuch als Website unter » www.cityguide.morgenweb.de und iPhone-/Android App als Ergänzung zu den wichtigsten Veranstaltungen Mannheims, dem aktuellen Kinoprogramm und allen kulturellen Highlights. \r\nDiesen umfangreichen crossmedialen City Guide haben wir entwickelt für die Kongressbesucher und Touristen Mannheims, für Shopping-Affine und Lifestyle-Orientierte, für neue Bürger und natürlich für den Einzelhandel und die Gastronomie-Szene der Stadt.\r\nSeien Sie dabei und nutzen Sie unser attraktives Medium und Angebot! \r\nReservieren Sie gleich Ihr Wunsch-Format, ich berate Sie gerne über weitere Details. \r\nMit freundlichen Grüßen','2014-05-17','2014-05-17',500,NULL,NULL,30000,NULL,0,NULL,750,'2014-04-20 15:31:56',NULL,NULL,NULL,NULL,0,91,71,NULL),(90,59,10,NULL,'Einkaufsführer 2014 BGAK',0,0,NULL,'2014-05-01','2014-05-01',1,1,NULL,NULL,NULL,0,NULL,NULL,'2014-04-21 19:45:59',NULL,NULL,NULL,NULL,0,NULL,NULL,NULL),(91,59,32,NULL,'Einkaufsführer 2014 Enchilada Würzburg',0,0,NULL,'2014-05-01','2014-05-01',1,1,NULL,NULL,NULL,0,NULL,NULL,'2014-04-21 19:47:15',NULL,NULL,NULL,NULL,0,NULL,NULL,NULL),(92,59,38,NULL,'Einkaufsführer 2014 Besitos Würzburg',0,0,NULL,'2014-05-01','2014-05-01',1,1,NULL,NULL,NULL,0,NULL,NULL,'2014-04-21 19:48:24',NULL,NULL,NULL,NULL,0,NULL,NULL,NULL),(93,60,20,21,'in Muenchen - Anzeigen-Angebot Muttertag',0,0,'Hallo zurück Herr Sieber,\r\n \r\nLust, dafür im „in“ zu werben ?\r\nWir würden uns freuen!\r\nVoila z.B.:\r\n \r\n·         Redaktionelle Einbindung / Promotion  in der Rubrik „Lokalitäten“ \r\n \r\n·    eine Anzeige (nstrecke) in beliebigem Umfang und beliebigen Formaten\r\nmit   bis zu  50% Kundenrabatt\r\n \r\nz.B.\r\n \r\n1/ 8 Seite (80b x 80h) , 4c,\r\nListenpreis 660,- \r\n50% Rabatt\r\n<   330,00 €  + MwSt.\r\n \r\n \r\n1/ 10 Seite (80b x 69h bzw 39b x 141h ) , 4c,\r\nListenpreis 540,- \r\n50% Rabatt\r\n<   270,00 €  + MwSt.\r\n \r\n \r\n 1/ 12 Seite (39b x 112h bzw 80b x 55h) , 4c,\r\nListenpreis 450,- \r\n50% Rabatt\r\n<   225,00 €  + MwSt.\r\n \r\n \r\n \r\n \r\n·         Bei einer Flyerbeilage\r\nliegen Sie bei 72 € / 1000 Stk.\r\nEine Touren-Auswahl sende ich Ihnen bei Interesse separat zu.\r\n \r\n \r\nDie Mediadaten und Erscheinungstermine in Kalenderform\r\nsind im Anhang.\r\n \r\nHerzlich,\r\n \r\nRenate Kieninger','2014-05-01','2014-05-01',1,1,NULL,NULL,NULL,0,NULL,NULL,'2014-04-24 13:15:25',NULL,NULL,NULL,NULL,0,NULL,NULL,NULL),(94,61,10,NULL,'Szene Magazin',0,0,NULL,'2014-05-01','2014-05-01',1,NULL,NULL,20000,NULL,0,NULL,NULL,'2014-04-25 07:59:56',NULL,NULL,NULL,NULL,0,NULL,NULL,NULL),(95,19,22,10,'Bus-Werbung',0,0,'http://www.eswe-verkehr.de/verkehrsmittelwerbung/werbeformen-preise/','2014-06-01','2015-05-31',1800,NULL,NULL,NULL,NULL,0,NULL,NULL,'2014-04-27 14:38:16',NULL,NULL,NULL,NULL,0,NULL,NULL,NULL),(96,19,22,NULL,'Internetwerbung - Stadtleben.de',0,0,NULL,'2014-01-01','2014-12-31',0.01,NULL,NULL,NULL,NULL,0,NULL,NULL,'2014-04-27 14:39:16',NULL,NULL,NULL,NULL,0,NULL,NULL,NULL),(97,10,24,NULL,'gastrocareer',0,0,NULL,'2014-05-01','2014-06-30',220,NULL,NULL,NULL,NULL,0,NULL,NULL,'2014-04-27 15:35:01',NULL,NULL,NULL,NULL,0,NULL,NULL,NULL),(99,57,19,NULL,'Lift - Brunch-Bewerbung/Jahresvertrag',0,0,NULL,'2014-06-01','2014-06-01',1,NULL,NULL,30000,NULL,0,NULL,NULL,'2014-04-30 09:50:20',NULL,NULL,NULL,NULL,0,NULL,NULL,NULL),(100,64,23,NULL,'Werbung im Parkhaus',0,0,'458 Stellplätze','2014-06-01','2014-06-02',3960,NULL,NULL,NULL,NULL,0,NULL,3960,'2014-05-03 12:52:27',NULL,NULL,NULL,NULL,0,NULL,NULL,NULL),(101,19,17,10,'Stadtleben',0,0,NULL,'2014-01-01','2014-01-02',1,NULL,NULL,NULL,NULL,0,NULL,NULL,'2014-05-03 12:57:23',NULL,NULL,NULL,NULL,0,NULL,NULL,NULL),(102,66,38,NULL,'Campus Würzburg',0,1,NULL,'2014-06-28','2014-06-29',70,1,NULL,NULL,NULL,0,NULL,70,'2014-05-04 10:49:48',NULL,NULL,NULL,NULL,0,NULL,NULL,NULL),(103,66,32,NULL,'Campus Würzburg',0,1,NULL,'2014-06-28','2014-06-29',70,1,NULL,NULL,NULL,0,NULL,70,'2014-05-04 10:56:01',NULL,NULL,NULL,NULL,0,NULL,NULL,NULL),(104,66,10,NULL,'Campus Würzburg',0,1,NULL,'2014-06-28','2014-06-29',70,1,NULL,NULL,NULL,0,NULL,70,'2014-05-04 10:57:14',NULL,NULL,NULL,NULL,0,NULL,NULL,NULL),(106,20,22,NULL,'Facebook Werbung allgmein',0,1,'Wurde von Simone ausgelegt - abgerechnet.','2014-04-03','2014-04-22',342,NULL,NULL,NULL,NULL,0,NULL,342,'2014-05-06 08:00:55',NULL,NULL,NULL,NULL,0,NULL,NULL,NULL),(107,50,32,NULL,'WM Special City Move',0,0,NULL,'2014-06-12','2014-06-13',120,NULL,NULL,NULL,NULL,0,NULL,250,'2014-05-07 14:15:26',NULL,NULL,NULL,NULL,0,NULL,NULL,NULL),(108,20,43,NULL,'Facebook Werbung allgmein',1,0,NULL,'2014-02-01','2014-02-28',19.78,NULL,NULL,NULL,NULL,0,NULL,NULL,'2014-05-07 17:18:01',NULL,NULL,'2014-05-07 17:20:32',11,0,NULL,NULL,NULL),(109,20,43,NULL,'Facebook Werbung allgmein',0,0,NULL,'2014-03-01','2014-03-31',9.82,NULL,NULL,NULL,NULL,0,NULL,NULL,'2014-05-07 17:18:53',NULL,NULL,NULL,NULL,0,NULL,NULL,NULL),(110,20,30,NULL,'Facebook Werbung',0,1,NULL,'2014-04-01','2014-04-30',29,NULL,NULL,NULL,NULL,0,NULL,NULL,'2014-05-07 19:54:10',NULL,NULL,NULL,NULL,0,NULL,NULL,NULL),(111,20,38,NULL,'Facebook Werbung Eröffnung',0,1,NULL,'2014-04-21','2014-04-30',135.46,NULL,NULL,NULL,NULL,0,NULL,NULL,'2014-05-07 19:55:49',NULL,NULL,NULL,NULL,0,NULL,NULL,NULL),(112,20,43,NULL,'Facebook-Werbung',0,1,NULL,'2014-04-01','2014-04-30',3.4,NULL,NULL,NULL,NULL,0,NULL,NULL,'2014-05-07 19:56:43',NULL,NULL,NULL,NULL,0,NULL,NULL,NULL),(113,20,37,NULL,'Facebook Werbung',0,1,NULL,'2014-04-01','2014-04-30',72.8,NULL,NULL,NULL,NULL,0,NULL,NULL,'2014-05-07 19:58:01',NULL,NULL,NULL,NULL,0,NULL,NULL,NULL),(114,20,19,NULL,'Facebook-Werbung',0,0,NULL,'2014-04-01','2014-04-30',54.97,NULL,NULL,NULL,NULL,0,NULL,NULL,'2014-05-07 19:59:22',NULL,NULL,NULL,NULL,0,NULL,NULL,NULL),(115,20,19,NULL,'Facebook-Werbung',0,0,NULL,'2014-03-01','2014-03-31',41.03,NULL,NULL,NULL,NULL,0,NULL,NULL,'2014-05-07 20:00:17',NULL,NULL,NULL,NULL,0,NULL,NULL,NULL),(116,20,30,NULL,'Facebook-Werbung',0,0,NULL,'2014-03-01','2014-03-31',201.25,NULL,NULL,NULL,NULL,0,NULL,NULL,'2014-05-07 20:01:15',NULL,NULL,NULL,NULL,0,NULL,NULL,NULL),(117,20,43,NULL,'Facebook-Werbung',0,0,NULL,'2014-03-01','2014-03-31',9.82,NULL,NULL,NULL,NULL,0,NULL,NULL,'2014-05-07 20:02:07',NULL,NULL,NULL,NULL,0,NULL,NULL,NULL),(118,20,43,NULL,'Facebook-Werbung',0,0,NULL,'2014-02-01','2014-02-28',19.78,NULL,NULL,NULL,NULL,0,NULL,NULL,'2014-05-07 20:03:38',NULL,NULL,NULL,NULL,0,NULL,NULL,NULL),(119,20,25,NULL,'Facebook-Werbung',0,0,NULL,'2014-02-01','2014-02-28',61,NULL,NULL,NULL,NULL,0,NULL,NULL,'2014-05-07 20:04:28',NULL,NULL,NULL,NULL,0,NULL,NULL,NULL),(120,10,24,NULL,'Spot-Produktion Radio',0,0,'Hallo Markus,\r\n\r\nvielen Dank für Deine Mail und Deine Anfrage.\r\n\r\nDa es bisher noch kein Radiokonzept gibt und um die Ansprüche der Franchise zu erfüllen schlagen wir folgendes vor:\r\n\r\n\r\n1. Spot mit 4 Anhängen und \"normalem\" Sprecher kommt auf: 600 Euro zzgl. 19 % MwSt.\r\n\r\n2. Spot mit \"Sprecher Speziale\": Sprecherkosten hängen immer vom Sprecher ab und kann man daher nicht pauschal sagen, nur nach Auswahl... Ich finde allerdings den ganz gut: Martin A., macht gesamt 800 Euro zzgl. 19 % MwSt. - Sprecherdemo anbei.\r\n\r\n\r\nMemo bzgl. SFX: das Geräusch ist gaaanz schwer... wir haben schon mal recherchiert, aber das wird ne Nummer eines zu finden, dass man dann auch erkennt und gut klingt, also das kann etwas dauern, da es oftmals nicht identifizierbar ist und nur wie ein Wassersplash klingt...\r\n\r\nBei Fragen stehe ich gerne zur Verfügung.\r\n\r\nFreue mich auf Dein Feedback.\r\n\r\nSonnige Grüße aus Augsburg.\r\n\r\nMarkus','2014-06-01','2014-06-02',1,NULL,NULL,135000,NULL,0,NULL,NULL,'2014-05-08 11:56:41',NULL,NULL,NULL,NULL,0,NULL,NULL,NULL),(121,71,23,NULL,'Parkhauswerbung',0,0,NULL,'2014-06-01','2016-05-31',1,NULL,NULL,NULL,NULL,0,NULL,1,'2014-05-08 13:52:28',NULL,NULL,NULL,NULL,0,NULL,NULL,NULL),(122,72,22,NULL,'Anzeige Lokale Zeitung',0,1,NULL,'2014-05-17','2014-05-18',150,1,NULL,19000,NULL,0,NULL,650,'2014-05-08 13:54:34',NULL,NULL,NULL,NULL,0,NULL,NULL,NULL),(123,73,123,NULL,'WM-Coupons',0,0,NULL,'2014-06-10','2014-06-11',695,1,NULL,128435,NULL,1,NULL,1400,'2014-05-11 11:30:02',NULL,NULL,NULL,NULL,0,326,230,NULL),(124,20,25,NULL,'Facebook - Cocktail Casino 12.05.2014',0,1,NULL,'2014-05-11','2014-05-12',29,NULL,NULL,NULL,NULL,0,NULL,29,'2014-05-11 11:40:03',NULL,NULL,NULL,NULL,0,NULL,NULL,NULL),(125,20,21,NULL,'Facebook-Werbung für Nightlounge 07. Juni 2014',0,1,NULL,'2014-06-03','2014-06-07',120,NULL,NULL,NULL,NULL,0,NULL,NULL,'2014-05-11 12:41:35',NULL,NULL,NULL,NULL,0,NULL,NULL,NULL),(126,20,31,NULL,'Facebook Werbung allgmein',0,1,'200 Euro total','2014-05-12','2014-06-30',200,NULL,NULL,NULL,NULL,0,NULL,200,'2014-05-12 19:48:32',NULL,NULL,NULL,NULL,0,NULL,NULL,NULL),(127,20,19,NULL,'Facebook-Werbung Brunch 18.05.2014',0,1,NULL,'2014-05-15','2014-05-18',30,NULL,NULL,NULL,NULL,0,NULL,NULL,'2014-05-15 11:08:35',NULL,NULL,NULL,NULL,0,NULL,NULL,NULL),(128,24,24,NULL,'Flyerverteilung Uni',0,1,NULL,'2014-05-22','2014-05-23',100,NULL,NULL,NULL,NULL,0,NULL,NULL,'2014-05-21 21:37:02',NULL,NULL,NULL,NULL,0,NULL,NULL,NULL),(129,20,15,NULL,'Facebook Werbung allgmein',0,1,NULL,'2014-06-01','2014-07-31',1,NULL,NULL,NULL,NULL,0,NULL,NULL,'2014-05-31 22:59:39',NULL,NULL,NULL,NULL,0,NULL,NULL,NULL),(130,74,21,NULL,'Gutscheinheft FHZV',0,0,NULL,'2014-10-01','2014-10-02',35,1,NULL,1500,NULL,0,NULL,35,'2014-06-04 23:07:17',NULL,NULL,NULL,NULL,0,NULL,NULL,NULL),(131,75,38,NULL,'Kalender für die Erstsemester',0,1,NULL,'2014-10-01','2014-10-02',170,1,NULL,NULL,NULL,0,NULL,NULL,'2014-06-05 12:44:15',NULL,NULL,NULL,NULL,0,NULL,NULL,NULL),(132,75,32,NULL,'Kalender für die Erstsemester',0,1,NULL,'2014-10-01','2014-10-02',170,1,NULL,NULL,NULL,0,NULL,NULL,'2014-06-05 13:02:50',NULL,NULL,NULL,NULL,0,NULL,NULL,NULL),(134,76,23,NULL,'Public Viewing Ludwigsburger Kreiszeitung',0,1,NULL,'2014-06-14','2014-07-11',200,4,NULL,41000,NULL,0,NULL,NULL,'2014-06-06 10:48:36',NULL,NULL,NULL,NULL,0,NULL,NULL,NULL),(135,54,29,NULL,'Wegweiser 2015 - Studieren in Mannheim',0,1,'1/2 Seite, 120mm breit x 88mm hoch,\r\nAngebotspreis: € 300,-  statt € 750,-','2014-07-01','2014-07-02',250,1,NULL,8000,NULL,0,NULL,750,'2014-06-09 12:34:58',NULL,NULL,NULL,NULL,0,NULL,NULL,NULL),(136,79,107,NULL,'Anzeige Besitos Stuttgart Brunch - Stuttgarter Wochenblatt',0,0,NULL,'2014-06-20','2014-06-21',1,NULL,NULL,NULL,NULL,0,NULL,NULL,'2014-06-13 14:25:08',NULL,NULL,NULL,NULL,0,NULL,NULL,NULL),(137,65,17,NULL,'Jahrespaket 2014/15 Antenne Mainz',0,1,NULL,'2014-07-01','2015-06-30',1,NULL,NULL,NULL,NULL,0,NULL,NULL,'2014-06-16 16:43:05',NULL,NULL,NULL,NULL,0,NULL,NULL,NULL),(138,32,25,NULL,'Radio-Jahrespaket',0,1,NULL,'2014-06-01','2015-05-30',6600,NULL,12000,NULL,NULL,0,NULL,NULL,'2014-06-25 15:13:53',NULL,NULL,NULL,NULL,0,NULL,NULL,NULL),(139,81,117,NULL,'Sommerferien-Angebot',0,1,NULL,'2014-07-30','2014-09-15',1999,2520,1680,1,NULL,0,NULL,5040,'2014-06-26 19:43:19',NULL,NULL,NULL,NULL,0,NULL,NULL,NULL),(140,65,16,NULL,'Jahresvereinbarung Antenne Mainz',0,0,NULL,'2014-07-01','2015-06-30',3750,NULL,5000,NULL,NULL,0,NULL,NULL,'2014-06-26 19:55:54',NULL,NULL,NULL,NULL,0,NULL,NULL,NULL),(141,65,24,NULL,'Jahresvereinbarung Antenne Mainz',0,0,NULL,'2014-07-01','2015-06-30',3750,NULL,5000,NULL,NULL,0,NULL,NULL,'2014-06-26 19:55:54',NULL,NULL,NULL,NULL,0,NULL,NULL,NULL),(142,65,17,NULL,'Jahresvereinbarung Antenne Mainz',0,0,NULL,'2014-07-01','2015-06-30',3750,NULL,5000,NULL,NULL,0,NULL,NULL,'2014-06-26 19:55:54',NULL,NULL,NULL,NULL,0,NULL,NULL,NULL),(143,78,107,NULL,'Image-Package Gold plus',0,0,'a.	Imagewerbung: 1140 Sekunden pro Monat, z.B. 57 Spots à 20 Sekunden // 1 Spotproduktion incl. // 1 Woche Onlineintegration\r\nb.	Aktionswerbung: 60 Spots à 20 Sekunden (1200 Sek insgesamt im Paketzeitraum) // 1 Aktionswerbespotproduktion incl.\r\n\r\n        Eure Investition: 1.315,60 EUR/Monat für 6 Monate (AE-fähig)','2014-07-01','2014-12-31',6709.56,NULL,8040,29000,NULL,0,NULL,NULL,'2014-06-29 01:31:56',NULL,NULL,NULL,NULL,0,NULL,NULL,NULL),(144,83,34,NULL,'Stuttgart geht aus',0,1,'1/3 Seite quer, 4c','2014-11-12','2015-11-11',1,1,NULL,26000,NULL,0,NULL,1,'2014-07-01 14:08:14',NULL,NULL,NULL,NULL,0,NULL,NULL,NULL),(145,83,19,NULL,'Stuttgart geht aus',0,0,NULL,'2014-11-12','2015-11-11',1,1,NULL,26000,NULL,0,NULL,1,'2014-07-01 14:08:14',NULL,NULL,NULL,NULL,0,NULL,NULL,NULL),(146,10,25,NULL,'Parkhausticket-Werbung',0,1,NULL,'2014-08-01','2014-12-31',1,NULL,NULL,135000,NULL,0,NULL,NULL,'2014-07-08 13:09:59',NULL,NULL,NULL,NULL,0,NULL,NULL,NULL),(147,90,20,NULL,'Stellenanzeige',0,1,NULL,'2014-07-12','2014-07-13',88,2,NULL,NULL,NULL,0,NULL,88,'2014-07-08 18:11:53',NULL,NULL,NULL,NULL,0,NULL,NULL,NULL),(148,85,28,NULL,'Sonderseite Schlachte',0,1,NULL,'2014-07-23','2014-07-24',153.3,1,NULL,70000,NULL,1,NULL,NULL,'2014-07-08 21:31:20',NULL,NULL,NULL,NULL,0,92,70,NULL),(149,10,117,NULL,'Kennenlernwochen',0,0,NULL,'2014-07-30','2014-08-12',1350,2,NULL,135000,NULL,1,NULL,2746.8,'2014-07-12 12:29:52',NULL,NULL,NULL,NULL,0,312,120,NULL),(150,20,43,NULL,'Facebook Werbung',0,0,NULL,'2014-05-31','2014-06-04',19.27,NULL,NULL,NULL,NULL,0,NULL,NULL,'2014-07-13 16:52:28',NULL,NULL,NULL,NULL,0,NULL,NULL,NULL),(151,20,22,NULL,'Facebook Werbung',0,0,NULL,'2014-05-31','2014-06-04',45.86,NULL,NULL,NULL,NULL,0,NULL,NULL,'2014-07-13 16:52:28',NULL,NULL,NULL,NULL,0,NULL,NULL,NULL),(152,20,31,NULL,'Facebook Werbung',0,0,NULL,'2014-05-31','2014-06-04',18.35,NULL,NULL,NULL,NULL,0,NULL,NULL,'2014-07-13 16:52:28',NULL,NULL,NULL,NULL,0,NULL,NULL,NULL),(153,20,41,NULL,'Facebook Werbung',0,0,NULL,'2014-05-31','2014-06-04',18.34,NULL,NULL,NULL,NULL,0,NULL,NULL,'2014-07-13 16:52:28',NULL,NULL,NULL,NULL,0,NULL,NULL,NULL),(154,20,15,NULL,'Facebook Werbung',0,0,NULL,'2014-05-31','2014-06-04',82.08,NULL,NULL,NULL,NULL,0,NULL,NULL,'2014-07-13 16:52:28',NULL,NULL,NULL,NULL,0,NULL,NULL,NULL),(155,20,19,NULL,'Facebook Werbung',0,0,NULL,'2014-05-31','2014-06-04',0.58,NULL,NULL,NULL,NULL,0,NULL,NULL,'2014-07-13 16:52:28',NULL,NULL,NULL,NULL,0,NULL,NULL,NULL),(156,20,25,NULL,'Facebook Werbung',0,0,NULL,'2014-05-31','2014-06-04',5.78,NULL,NULL,NULL,NULL,0,NULL,NULL,'2014-07-13 16:52:28',NULL,NULL,NULL,NULL,0,NULL,NULL,NULL),(157,20,21,NULL,'Facebook Werbung',0,0,NULL,'2014-05-31','2014-06-04',9.83,NULL,NULL,NULL,NULL,0,NULL,NULL,'2014-07-13 16:52:28',NULL,NULL,NULL,NULL,0,NULL,NULL,NULL),(158,20,43,NULL,'Facebook Werbung',0,1,NULL,'2014-06-04','2014-06-13',40.62,NULL,NULL,NULL,NULL,0,NULL,NULL,'2014-07-13 17:16:13',NULL,NULL,NULL,NULL,0,NULL,NULL,NULL),(159,20,22,NULL,'Facebook Werbung',0,1,NULL,'2014-06-04','2014-06-13',85.61,NULL,NULL,NULL,NULL,0,NULL,NULL,'2014-07-13 17:16:13',NULL,NULL,NULL,NULL,0,NULL,NULL,NULL),(160,20,31,NULL,'Facebook Werbung',0,1,NULL,'2014-06-04','2014-06-13',34.2,NULL,NULL,NULL,NULL,0,NULL,NULL,'2014-07-13 17:16:13',NULL,NULL,NULL,NULL,0,NULL,NULL,NULL),(161,20,41,NULL,'Facebook Werbung',0,1,NULL,'2014-06-04','2014-06-13',34.24,NULL,NULL,NULL,NULL,0,NULL,NULL,'2014-07-13 17:16:13',NULL,NULL,NULL,NULL,0,NULL,NULL,NULL),(162,20,15,NULL,'Facebook Werbung',0,1,NULL,'2014-06-04','2014-06-13',139.55,NULL,NULL,NULL,NULL,0,NULL,NULL,'2014-07-13 17:16:13',NULL,NULL,NULL,NULL,0,NULL,NULL,NULL),(163,20,21,NULL,'Facebook Werbung',0,1,NULL,'2014-06-04','2014-06-13',66.13,NULL,NULL,NULL,NULL,0,NULL,NULL,'2014-07-13 17:16:13',NULL,NULL,NULL,NULL,0,NULL,NULL,NULL),(164,20,43,NULL,'Facebook Werbung',0,1,NULL,'2014-06-13','2014-06-30',67.48,NULL,NULL,NULL,NULL,0,NULL,NULL,'2014-07-13 17:42:06',NULL,NULL,NULL,NULL,0,NULL,NULL,NULL),(165,20,22,NULL,'Facebook Werbung',0,1,NULL,'2014-06-13','2014-06-30',168.52,NULL,NULL,NULL,NULL,0,NULL,NULL,'2014-07-13 17:42:06',NULL,NULL,NULL,NULL,0,NULL,NULL,NULL),(166,20,31,NULL,'Facebook Werbung',0,1,NULL,'2014-06-13','2014-06-30',67.39,NULL,NULL,NULL,NULL,0,NULL,NULL,'2014-07-13 17:42:06',NULL,NULL,NULL,NULL,0,NULL,NULL,NULL),(167,20,41,NULL,'Facebook Werbung',0,1,NULL,'2014-06-13','2014-06-30',88.34,NULL,NULL,NULL,NULL,0,NULL,NULL,'2014-07-13 17:42:06',NULL,NULL,NULL,NULL,0,NULL,NULL,NULL),(168,20,15,NULL,'Facebook Werbung',0,1,NULL,'2014-06-13','2014-06-30',147.35,NULL,NULL,NULL,NULL,0,NULL,NULL,'2014-07-13 17:42:06',NULL,NULL,NULL,NULL,0,NULL,NULL,NULL),(169,20,21,NULL,'Facebook Werbung',0,1,NULL,'2014-06-13','2014-06-30',11,NULL,NULL,NULL,NULL,0,NULL,NULL,'2014-07-13 17:42:06',NULL,NULL,NULL,NULL,0,NULL,NULL,NULL),(170,10,10,NULL,'FH-Werbung',0,0,NULL,'2014-08-01','2014-08-02',1,NULL,NULL,135000,NULL,0,NULL,NULL,'2014-07-14 13:39:59',NULL,NULL,NULL,NULL,0,NULL,NULL,NULL),(171,10,10,NULL,'Jahrespacket',0,0,NULL,'2014-07-27','2014-07-27',2200,NULL,NULL,135000,NULL,0,NULL,45,'2014-07-27 11:51:12',NULL,NULL,NULL,NULL,0,NULL,NULL,NULL),(172,10,10,NULL,'test test test',0,0,NULL,'2014-07-27','2014-07-27',2200,NULL,NULL,135000,NULL,0,NULL,45,'2014-07-27 11:54:31',NULL,NULL,NULL,NULL,0,NULL,NULL,NULL),(173,10,10,NULL,'Jahrespacket',0,0,NULL,'2014-09-12','2015-02-13',2200,NULL,NULL,135000,NULL,0,NULL,445,'2014-07-27 12:06:20',NULL,NULL,NULL,NULL,0,NULL,NULL,NULL),(174,10,10,8,NULL,0,0,NULL,'2014-07-04','2014-07-11',2200,NULL,NULL,56,NULL,0,NULL,445,'2014-07-27 12:15:41',NULL,NULL,NULL,NULL,0,NULL,NULL,NULL),(175,10,10,NULL,'Test',1,0,'dfsdf','2014-07-29','2014-07-29',1000,NULL,NULL,135000,NULL,0,NULL,NULL,'2014-07-29 18:48:17',NULL,NULL,'2014-07-29 18:50:01',9,0,NULL,NULL,NULL);
/*!40000 ALTER TABLE `Campaign` ENABLE KEYS */;
UNLOCK TABLES;

--
-- Table structure for table `City`
--

DROP TABLE IF EXISTS `City`;
/*!40101 SET @saved_cs_client     = @@character_set_client */;
/*!40101 SET character_set_client = utf8 */;
CREATE TABLE `City` (
  `id` int(11) NOT NULL AUTO_INCREMENT,
  `name` varchar(255) COLLATE utf8_unicode_ci NOT NULL,
  `population` int(11) NOT NULL,
  `notes` longtext COLLATE utf8_unicode_ci,
  `events` longtext COLLATE utf8_unicode_ci,
  PRIMARY KEY (`id`)
) ENGINE=InnoDB AUTO_INCREMENT=17 DEFAULT CHARSET=utf8 COLLATE=utf8_unicode_ci;
/*!40101 SET character_set_client = @saved_cs_client */;

--
-- Dumping data for table `City`
--

LOCK TABLES `City` WRITE;
/*!40000 ALTER TABLE `City` DISABLE KEYS */;
INSERT INTO `City` VALUES (1,'Würzburg',124577,'x','x'),(2,'Schwetzingen',21194,'x','x'),(3,'Bamberg',70863,'x','x'),(4,'Gera',95384,'x','x'),(5,'Schweinfurt',52098,'x','27.07. Schweinfurt blobbt'),(6,'Aschaffenburg',67681,'x','x'),(7,'Mainz',202756,'x','x'),(8,'Wiesbaden',272636,'x','x'),(9,'Gießen',76680,'x','x'),(10,'Marburg',72433,'x','x'),(11,'Mannheim',294627,'x','x'),(12,'Ludwigsburg',88200,'x','x'),(13,'München',1388308,'x','x'),(14,'Saarbrücken',176996,'x','x'),(15,'Bremen',546451,'x','x'),(16,'Stuttgart',597939,NULL,NULL);
/*!40000 ALTER TABLE `City` ENABLE KEYS */;
UNLOCK TABLES;

--
-- Table structure for table `Complaint`
--

DROP TABLE IF EXISTS `Complaint`;
/*!40101 SET @saved_cs_client     = @@character_set_client */;
/*!40101 SET character_set_client = utf8 */;
CREATE TABLE `Complaint` (
  `id` int(11) NOT NULL AUTO_INCREMENT,
  `customer_id` int(11) NOT NULL,
  `subject` varchar(255) COLLATE utf8_unicode_ci DEFAULT NULL,
  `body` longtext COLLATE utf8_unicode_ci,
  `channel` smallint(6) NOT NULL,
  `outletReceivedAt` date DEFAULT NULL,
  `beonReceivedAt` date DEFAULT NULL,
  `respondedAt` date DEFAULT NULL,
  `user_id` int(11) NOT NULL,
  `status` smallint(6) NOT NULL,
  `resolution` smallint(6) DEFAULT NULL,
  PRIMARY KEY (`id`),
  KEY `IDX_DDD6B0169395C3F3` (`customer_id`),
  KEY `IDX_DDD6B016A76ED395` (`user_id`),
  CONSTRAINT `FK_DDD6B0169395C3F3` FOREIGN KEY (`customer_id`) REFERENCES `Customer` (`id`) ON DELETE CASCADE,
  CONSTRAINT `FK_DDD6B016A76ED395` FOREIGN KEY (`user_id`) REFERENCES `User` (`id`) ON DELETE CASCADE
) ENGINE=InnoDB AUTO_INCREMENT=11 DEFAULT CHARSET=utf8 COLLATE=utf8_unicode_ci;
/*!40101 SET character_set_client = @saved_cs_client */;

--
-- Dumping data for table `Complaint`
--

LOCK TABLES `Complaint` WRITE;
/*!40000 ALTER TABLE `Complaint` DISABLE KEYS */;
INSERT INTO `Complaint` VALUES (1,34,'Beschwerde','Lucas Seiler:\r\nKellnerin Sanchez versucht mehrfach zuviel abzurechnen.\r\nBetrug am Gast, Frechheit! Meidet diesen Rotzladen!',3,'2014-05-06','2014-05-20','2014-05-20',8,804,1003),(2,25,'Beschwerde','Ann-Kathrin Elbert:\r\nschlecht organisiert, lauwarmes essen und sehr lange Wartezeiten. Meiner Meinung nach nicht empfehlenswert',3,'2014-05-13','2014-05-19',NULL,8,804,1003),(3,33,'Beschwerde','Carsten Lehnert: Sehr schlechter Service. Beim Buffet muss man sich direkt beeilen sonst ist alles leer. Auffüllen fehl anzeige. Zwischen zeitig waren auch keine Teller mehr da. Schlechte Kalkulation. Nie mehr wieder für das Geld.',3,'2014-05-13','2014-05-14','2014-05-15',8,804,1003),(4,22,'restaurant-kritik.de','http://www.restaurant-kritik.de/bewertungen/366017?utm_campaign=news&utm_medium=email&utm_source=wall_mailer',4,'2014-05-19','2014-05-20',NULL,8,804,1003),(5,34,'Service-Beschwerde via Facebook','Bearbeitung beim Kunden!\r\n\r\nEs Tevi Milu\r\n24. Mai 13:01 \r\nWar gestern (Freitag, 23.03.2014) mit meiner Freundin in Stuttgart im Enchilada gegen 20-21.30 Uhr. In einer Kartoffel von ihr befand sich ein Stück Metalldraht!!!!!! (etwa 2 cm lang) Wahrscheinlich von der Friteuse, sagte die Kellnerin. \r\n\r\nSie entschuldigte sich. Ich finde das eine bodenlose Frechheit, dass es \"nur\" eine kleine Entschuldigung gab und damit war die Sache erledigt. \r\n\r\nVon einem GUTEN Restaurant hätte ich wenigstens einen Aperitiv als Entschuldigung erwartet. Man stelle sich vor, was passiert wäre, wenn sie den Draht gegessen hätte. Kundenfreundlichkeit sieht anders aus. Nie wieder!',3,'2014-05-24','2014-05-24',NULL,11,804,1003),(6,10,'Beschwerde','Thomas Geißler',3,'2014-05-20','2014-05-23','2014-05-24',8,804,1003),(7,34,'Beschwerde via Facebook','Kilian Seiler‎Enchilada Stuttgart\r\n26. Mai um 17:53 · \r\nPeinlich, dass ihr nichtmal regaiet nachdem ihr großspurig ein Gespräch anbietet. Und eure Kellnerin Sanchez wollte uns mehrfach über den Tisch ziehen!',3,'2014-05-26','2014-05-31',NULL,11,804,1003),(8,19,'Facebook-Beschwerde','San Cho\r\n23. Juni 00:26\r\nWAR HEUTE DAS LETZTE MAL BEI EUCH NIX LOS ABER 15 Minuten GEWARTET DAS ÜBERHAUPT JEMAND KOMMT DANN KOMMT TATSÄCHLICH JEMAND VORBEI    5 NACH 00 UHR WOLLTE  GETRÄNKE MIT TAPAS BESTELLEN ABER KÜCHE HAT ZU GEHABT\r\nVIEL GLÜCK FÜR DIE ZUKUNFT',3,'2014-06-23','2014-06-23',NULL,11,804,1003),(9,21,'Service-Beschwerde via Facebook','Die Bedienung war einfach nur dilettantisch und sehr langsam. Der Latte Macchiato hat scheußlich geschmeckt und sah auch noch so aus. Bei einer Nachbestellung ging dann der Bestellzettel verloren (hatte nach ca. 40.min. nachgefragt wo\'s bleibt.) . Zudem wurde mir mein Cocktail im \"versabberten\" Glas (übergelaufen/verschüttet) einfach so serviert! Echt ein NO- GO !!!! \r\nDas einzig positive was ich loswerden kann ist, dass man die Preise für die Cocktails würfelt. Die Idee ist echt lustig!',3,'2014-07-08','2014-07-12','2014-07-13',11,804,1001),(10,25,'Bewertung mit Beschwerde','Allgemein\r\nHeute mal mexikanische Küche - ein kurzer Blick in die Online-Speisekarte und dann los zum Enchilada. Ein leichtes Unbehagen bleibt, der erste Ausflug in das Land der Tortillas und Co. war in Aschaffenburg nicht so prickelnd.\r\n\r\nDas Laden befindet sich dort, wo zuvor das Pinguin/Don Pinguino seine Heimat hatte. Da es kurz nach 17 Uhr war als wir dort eintrafen, war die Platzsuche kein Problem.\r\n\r\nBedienung\r\nDie Wartezeit bis die Bedienung wieder vorbei kam, um die Bestellung aufzunehmen, zog sich dahin (Lokal war nicht voll, hatte ja erst aufgemacht). Nach geschätzten 30 Minuten kam das Essen, ich hatte ein Hamburger „El Gaucho“ inklusive Pommes für 12€ und als Vorspeise „Flautas con pollo“.\r\n\r\nDas Essen\r\nIch hatte ein Hamburger „El Gaucho“ inklusive Pommes für 12€ und als Vorspeise „Flautas con pollo“.\r\n\r\nEine kleine Abschweifung in Sachen Burger: Ich war in Frankfurt am Main schon in einigen Burgerläden (Heidi & Paul, Heroes, Die Kuh die lacht), dort bezahlt man in der Regel ca. 6-9€ für einen Burger, plus Pommes ca.  9-12€. Da erwartet man in Aschaffenburg für 12€ schon was!\r\n\r\nDie Vorspeise: Weizentortillas, gefüllt mit Hähnchen und Käse (Flautas con pollo) für 5,90€. Ich kann mich gar nicht mehr genau daran erinnern….so wenig war das was da aufgetischt wurde. Wenn ich nur 2,90€ dafür bezahlt hätte, hätte ich mich nicht veräppelt gefühlt, aber so…\r\n\r\nVielleicht wurde auch nur der „Gruß aus der Küche“ mit der Vorspeise verwechselt.\r\n\r\nDie bisherige Wartezeit und die Quantität der Vorspeise lässt Böses erahnen …\r\n\r\nAls das Hauptgericht (endlich) kam zeigte ein kurzer Fingerdruck auf das Fleisch, nur lauwarm! Das Brötchen (als Briochebrötchen angepriesen, also als weiches Hefebrötchen) war staubtrocken und zerbröselte in meinen Händen wie eine 4000 Jahre alte Mumie..... Nach 2-3 Bissen in der Mitte angekommen verändert sich die Konsistenz des Fleisches, denn hier war es noch ziemlich roh. Abgesehen „davon“ geschmacklich okay, auch die Pommes.\r\n\r\nWieder mal ein Grund zu sagen: „Danke für nichts!“\r\n\r\nDas Ambiente\r\nViel mexikanische Deko, südländische Farben, Spiegel und Bilder.\r\n\r\nSauberkeit\r\nKeine Beanstandungen im Restaurant. Obwohl grade erst geöffnet wurde, waren auf der Toilette (immer noch) die Papierhandtücher leer.',4,'2014-07-09','2014-07-14',NULL,11,801,NULL);
/*!40000 ALTER TABLE `Complaint` ENABLE KEYS */;
UNLOCK TABLES;

--
-- Table structure for table `Customer`
--

DROP TABLE IF EXISTS `Customer`;
/*!40101 SET @saved_cs_client     = @@character_set_client */;
/*!40101 SET character_set_client = utf8 */;
CREATE TABLE `Customer` (
  `id` int(11) NOT NULL AUTO_INCREMENT,
  `name` varchar(255) COLLATE utf8_unicode_ci DEFAULT NULL,
  `address` longtext COLLATE utf8_unicode_ci,
  `contactName` varchar(255) COLLATE utf8_unicode_ci DEFAULT NULL,
  `contactPhone` varchar(255) COLLATE utf8_unicode_ci DEFAULT NULL,
  `contactMobile` varchar(255) COLLATE utf8_unicode_ci DEFAULT NULL,
  `contactEmail` varchar(255) COLLATE utf8_unicode_ci DEFAULT NULL,
  `contractStart` date DEFAULT NULL,
  `contractEnd` date DEFAULT NULL,
  `contactBirthday` date DEFAULT NULL,
  `monday` varchar(255) COLLATE utf8_unicode_ci DEFAULT NULL,
  `tuesday` varchar(255) COLLATE utf8_unicode_ci DEFAULT NULL,
  `wednesday` varchar(255) COLLATE utf8_unicode_ci DEFAULT NULL,
  `thursday` varchar(255) COLLATE utf8_unicode_ci DEFAULT NULL,
  `friday` varchar(255) COLLATE utf8_unicode_ci DEFAULT NULL,
  `saturday` varchar(255) COLLATE utf8_unicode_ci DEFAULT NULL,
  `sunday` varchar(255) COLLATE utf8_unicode_ci DEFAULT NULL,
  `holiday` varchar(255) COLLATE utf8_unicode_ci DEFAULT NULL,
  `daily` varchar(255) COLLATE utf8_unicode_ci DEFAULT NULL,
  `irregular` varchar(255) COLLATE utf8_unicode_ci DEFAULT NULL,
  `postingInfo` varchar(255) COLLATE utf8_unicode_ci DEFAULT NULL,
  `checkWebsite` date DEFAULT NULL,
  `checkCityPage` date DEFAULT NULL,
  `lastFbPrivatePost` date DEFAULT NULL,
  `lastVisit` date DEFAULT NULL,
  `parent_id` int(11) DEFAULT NULL,
  `level` smallint(6) NOT NULL,
  `cocktailCasino` date DEFAULT NULL,
  `ladiesNight` date DEFAULT NULL,
  `nightlounge` date DEFAULT NULL,
  `fajitaDay` date DEFAULT NULL,
  `cooperationType` int(11) DEFAULT NULL,
  `note` varchar(255) COLLATE utf8_unicode_ci DEFAULT NULL,
  `discountInfo` longtext COLLATE utf8_unicode_ci,
  `internetPermission` tinyint(1) NOT NULL,
  `city_id` int(11) DEFAULT NULL,
  PRIMARY KEY (`id`),
  KEY `IDX_784FEC5F727ACA70` (`parent_id`),
  KEY `IDX_784FEC5F8BAC62AF` (`city_id`),
  CONSTRAINT `FK_784FEC5F727ACA70` FOREIGN KEY (`parent_id`) REFERENCES `Customer` (`id`) ON DELETE SET NULL,
  CONSTRAINT `FK_784FEC5F8BAC62AF` FOREIGN KEY (`city_id`) REFERENCES `City` (`id`) ON DELETE SET NULL
) ENGINE=InnoDB AUTO_INCREMENT=139 DEFAULT CHARSET=utf8 COLLATE=utf8_unicode_ci;
/*!40101 SET character_set_client = @saved_cs_client */;

--
-- Dumping data for table `Customer`
--

LOCK TABLES `Customer` WRITE;
/*!40000 ALTER TABLE `Customer` DISABLE KEYS */;
INSERT INTO `Customer` VALUES (10,'Brauerei-Gasthof Alter Kranen','Kranenkai 1, 97070 Würzburg','Alexis Kyventidis','093199131545',NULL,'info@alterkranen.de','2014-01-01',NULL,NULL,'Mittagstisch','ab 15. 10. jeden Di Spare Ribs all you can eat (Flyer dropbox)',NULL,NULL,NULL,NULL,'jeden 1. Sonntag Kranen-Frühstück (Flyer folgt)',NULL,'Holzfass-Happy Hour',NULL,NULL,NULL,NULL,NULL,NULL,95,2,NULL,NULL,NULL,NULL,0,NULL,NULL,0,1),(14,'Aposto Bamberg','Geyerswörthstraße 5,\r\n96047 Bamberg','Jens Müller','0951 91700481',NULL,'bamberg@aposto.eu','2014-01-01','2014-06-30','2011-02-01','\"Jumbo-Monday  Mittagstisch\"',NULL,NULL,NULL,NULL,NULL,'Jazzbrunch',NULL,NULL,NULL,NULL,NULL,NULL,NULL,NULL,92,2,NULL,NULL,NULL,NULL,0,NULL,NULL,0,3),(15,'Aposto Schweinfurt','Markt 1, 97421 Schweinfurt','Adrian Ujvari','09721-18 80 85 8',NULL,'schweinfurt@aposot.eu','2014-01-01',NULL,NULL,'Mittagstisch',NULL,NULL,NULL,NULL,NULL,'\"Aposto Hour 17 bis 20 Uhr  Happy Hour ab 22:30 Uhr !!!Cocktails 4,20 & Jumbos 5 Euro!!!\"',NULL,NULL,NULL,NULL,NULL,NULL,NULL,NULL,92,2,NULL,NULL,NULL,NULL,0,NULL,NULL,0,5),(16,'Aposto Mainz','Gutenbergplatz 8-12, 55116 Mainz','Mirko Knittel','06131 6931620',NULL,'mainz@aposto.eu','2014-01-01',NULL,'2011-11-19','Mamma Mia - Jumbo Monday ab 17 Uhr',NULL,NULL,NULL,NULL,NULL,NULL,NULL,'HH ab 22:30 Uhr',NULL,NULL,NULL,NULL,NULL,NULL,92,2,NULL,NULL,NULL,NULL,0,NULL,NULL,0,7),(17,'Besitos Mainz','Bahnhofplatz 4,\r\n55116 Mainz','Markus Hoffmann','06131 55 43 834',NULL,'mainz@besitos.de','2014-01-01',NULL,'2004-02-12','\"Mittagstisch  Cocktail Casino\"',NULL,NULL,NULL,NULL,NULL,'Paella',NULL,NULL,NULL,NULL,NULL,NULL,NULL,NULL,91,2,NULL,NULL,NULL,NULL,0,NULL,NULL,0,7),(18,'Besitos Schwetzingen','Schlossplatz 7\r\n68723 Schwetzingen','Felicitas Schneider','06202/1260404',NULL,'schwetzingen@besitos.de','2014-01-01','2014-04-30','2013-04-04',NULL,NULL,NULL,NULL,NULL,NULL,NULL,NULL,NULL,NULL,NULL,NULL,NULL,NULL,NULL,91,2,NULL,NULL,NULL,NULL,0,NULL,NULL,0,2),(19,'Besitos Stuttgart','Rotebühlplatz 21\r\n70178 Stuttgart','Tobias Morgenthaler','071148 98 430',NULL,'stuttgart@besitos.de','2014-01-01',NULL,'2002-10-01',NULL,NULL,NULL,NULL,NULL,NULL,NULL,NULL,NULL,NULL,NULL,NULL,NULL,NULL,NULL,91,2,NULL,NULL,NULL,NULL,0,NULL,NULL,0,16),(20,'The Big Easy München','Frundsbergstraße 46, 80634 München','Daniel Kostrewa','089 15 89 02 53',NULL,'info4us@thebigeasy.de','2014-01-01',NULL,NULL,'Seit 28. April 14 neuer Burger-Monday. Burger zum Aktionpreis!','Ladies Night',NULL,'Live Musik - im Juni, Juli, August Sommerpause','Jumbo-Friday',NULL,'Sunday Jazz Cooking Breakfast Brunch - 06/07/08 nur eine Schicht',NULL,'\"Happy Hour 17 - 19 Uhr Late Hour ab 22 Uhr\"',NULL,NULL,NULL,NULL,NULL,'2014-05-21',94,2,NULL,NULL,NULL,NULL,0,NULL,NULL,0,13),(21,'Enchilada Gießen','Ludwigstraße 30, 35390 Gießen','Chris Mandel','0641 98386392',NULL,'gießen@enchilada.de','2014-01-01',NULL,'2013-11-16','EMAT','Fajita Day alle Fajitas für 9,90 Euro!',NULL,'EMAT',NULL,NULL,NULL,NULL,'EMAT',NULL,NULL,NULL,NULL,NULL,'2014-05-06',93,2,NULL,NULL,NULL,NULL,0,NULL,NULL,0,9),(22,'Enchilada Wiesbaden','Schützenhofstr. 3, 65183 Wiesbaden','Erkan Tan','0611 45048350',NULL,'wiesbaden@enchilada.de','2014-01-01',NULL,'2012-10-24','Caipi-Monday','Night Lounge ab 1.Feb samstags',NULL,NULL,NULL,NULL,'Gambas Sunday',NULL,NULL,NULL,NULL,NULL,NULL,NULL,NULL,93,2,NULL,NULL,NULL,NULL,0,NULL,NULL,0,8),(23,'Ratskeller Ludwigsburg','Wilhelmstrasse 13, 71638 Ludwigsburg','Tobias Morgenthaler','07141 2423020',NULL,NULL,'2014-01-01',NULL,NULL,NULL,NULL,'Haxentag - 9,90 Euro','\"jeden 2. und letzten Donnerstag GONZO`N`FRIENDS\"',NULL,NULL,NULL,NULL,'\"Happy Hour täglich von 17:00 bis 20:00 Uhr  alle Cocktails & Longdrinks für 4,50 Euro und alle Jumbo Cocktails für 5,50 Euro!  Ratsstunde täglich ab 22:00 Uhr\"','Monatliche Party: http://www.platin-party.com/location/ratskeller',NULL,NULL,NULL,NULL,'2014-05-20',95,2,NULL,NULL,NULL,NULL,0,NULL,NULL,0,12),(24,'The Big Easy Mainz','Jockel-Fuchs-Platz 3, 55116 Mainz','Grit Matanda','06131 6931620',NULL,NULL,'2014-05-01',NULL,NULL,NULL,NULL,NULL,NULL,NULL,NULL,NULL,NULL,NULL,NULL,NULL,NULL,NULL,NULL,NULL,94,2,NULL,NULL,NULL,NULL,0,NULL,NULL,0,7),(25,'Enchilada Aschaffenburg','Goldbacher Straße 25, 63739 Aschaffenburg','Markus Hahn','06021 4562850',NULL,'aschaffenburg@enchilada.de','2014-01-01',NULL,'2013-10-15','Cocktail Casino ab 20 bis End','Kinotag - Nach dem Kinobesuch gegen Abgabe der Kinokarte HH','Sneak-Tag - Nach dem Kinobesuch gegen Abgabe der Kinokarte HH',NULL,NULL,NULL,NULL,NULL,NULL,NULL,NULL,NULL,NULL,NULL,'2014-05-19',93,2,NULL,NULL,NULL,NULL,0,NULL,NULL,0,6),(28,'Enchilada Bremen','Langenstr. 42, 28195 Bremen','Andrew Laukant','0421 16 85 400',NULL,'bremen@enchilada.de','2014-01-01',NULL,'1999-04-09',NULL,NULL,NULL,NULL,NULL,NULL,NULL,NULL,NULL,NULL,NULL,NULL,NULL,NULL,NULL,93,2,NULL,NULL,NULL,NULL,0,NULL,NULL,0,15),(29,'Enchilada Mannheim','S4, 17-22\r\n68161 Mannheim','Robert Nürnberger','0621 1 56 93 27',NULL,'mannheim@enchilada.de','2014-01-01',NULL,'2000-01-22','Casino Mexicano',NULL,NULL,NULL,NULL,NULL,'\"Nur jeden 1. Sonntag im Monat: Dinner Buffet\"',NULL,'\"Happy Hour 18.00 - 20.00 Uhr  Enchilada Hour ab 22:30 Uhr\"',NULL,NULL,NULL,NULL,NULL,NULL,93,2,'2011-02-15',NULL,NULL,NULL,0,NULL,NULL,0,11),(30,'Enchilada Marburg','Gerhard-Jahn-Platz 21-21a, 35037 Marburg','Markus Niederberghaus','06421/1657845',NULL,'marburg@enchilada.de','2014-01-01',NULL,NULL,NULL,NULL,NULL,NULL,NULL,NULL,NULL,NULL,NULL,NULL,NULL,NULL,NULL,NULL,NULL,93,2,NULL,NULL,NULL,NULL,0,NULL,NULL,0,10),(31,'Enchilada Schweinfurt','Rückertstraße 30, 97421 Schweinfurt','David Rothe','09721 5419621',NULL,'schweinfurt@enchilada.de','2014-01-01',NULL,'2012-04-01',NULL,NULL,'Cocktail Casino',NULL,NULL,NULL,NULL,NULL,NULL,NULL,NULL,NULL,NULL,NULL,NULL,93,2,NULL,NULL,NULL,NULL,0,NULL,NULL,0,5),(32,'Enchilada Würzburg','Karmelitenstraße 20, 97070 Würzburg','Jacqueline Rupp','0931- 40 444 02',NULL,'wuerzburg@enchilada.de','2014-01-01',NULL,'2004-09-13','\"Bilder posten vom Wochenende /   Mittagstisch  Fajita Montag\"','Cocktail Casino','Ladies Night',NULL,NULL,NULL,NULL,NULL,'\"Happy Hour 17.00 - 20.00 Uhr  Enchilada Hour ab 22:30 Uhr\"',NULL,NULL,NULL,NULL,NULL,NULL,93,2,NULL,NULL,NULL,NULL,0,NULL,NULL,0,1),(33,'Ratskeller Saarbrücken','Rathausplatz 1, 66111 Saarbrücken','Peter Habermann','0681 9101708',NULL,'info@ratskeller-saarbruecken.de','2014-01-01',NULL,'2009-10-15','\"Mittagstisch  Cocktail Casino\"','Schnitzeltag!!!',NULL,NULL,NULL,NULL,NULL,NULL,NULL,NULL,NULL,NULL,NULL,NULL,NULL,95,2,NULL,NULL,NULL,NULL,0,NULL,NULL,0,14),(34,'Enchilada Stuttgart','Eberhardstr. 69 - 71, 70173 Stuttgart','Harald Huber','0711 236 59 74',NULL,'stuttgart@enchilada.de','2014-01-01',NULL,'1998-07-10',NULL,NULL,NULL,NULL,NULL,NULL,NULL,NULL,NULL,NULL,NULL,NULL,NULL,NULL,NULL,93,2,NULL,NULL,NULL,NULL,0,NULL,NULL,0,16),(35,'Aposto Gera','Parkstraße 10, 07548 Gera',NULL,'0365/83200832',NULL,'gera@aposto.eu','2014-01-01',NULL,'2014-07-12',NULL,NULL,NULL,NULL,NULL,NULL,NULL,NULL,'HH 17 - 20 Uhr - Aposto Hour ab 22:30 - Alle Cocktails 4,20 Euro, Jumbo-Cocktails 5,50 Euro',NULL,NULL,NULL,NULL,NULL,'2014-07-11',92,2,NULL,NULL,NULL,NULL,0,NULL,NULL,0,4),(36,'Wirkes','Nürnberger Str. 90, 97076 Würzburg','Marlies Frachet','0931/2307884',NULL,NULL,'2014-01-01',NULL,NULL,NULL,NULL,NULL,NULL,NULL,NULL,NULL,NULL,NULL,NULL,NULL,NULL,NULL,NULL,NULL,NULL,2,NULL,NULL,NULL,NULL,0,NULL,NULL,0,NULL),(37,'Hahnzelt Würzburg','Weinmarkt 9, 91438 Bad Windsheim','Theresa Pröschel','09841 40170',NULL,'info@hahnzelt.de','2014-01-01',NULL,NULL,NULL,NULL,NULL,NULL,NULL,NULL,NULL,NULL,NULL,NULL,NULL,NULL,NULL,NULL,NULL,NULL,2,NULL,NULL,NULL,NULL,0,NULL,NULL,0,NULL),(38,'Besitos Würzburg','Karmelitenstrasse 20, 97070 Würzburg','Karsten Rupp',NULL,NULL,'wuerzburg@besitos.de','2014-01-01',NULL,NULL,NULL,NULL,NULL,NULL,NULL,NULL,NULL,NULL,NULL,NULL,NULL,NULL,NULL,NULL,NULL,91,2,NULL,NULL,NULL,NULL,0,NULL,NULL,0,1),(39,'Enchilada Franchise',NULL,NULL,NULL,NULL,NULL,'2014-01-01',NULL,NULL,NULL,NULL,NULL,NULL,NULL,NULL,NULL,NULL,NULL,NULL,NULL,NULL,NULL,NULL,NULL,NULL,2,NULL,NULL,NULL,NULL,0,NULL,NULL,0,NULL),(40,'beon-communications',NULL,NULL,NULL,NULL,NULL,'2014-01-01',NULL,NULL,NULL,NULL,NULL,NULL,NULL,NULL,NULL,NULL,NULL,NULL,NULL,NULL,NULL,NULL,NULL,NULL,2,NULL,NULL,NULL,NULL,0,NULL,NULL,0,NULL),(41,'Hahnzelt Schweinfurt',NULL,NULL,NULL,NULL,NULL,'2014-06-20',NULL,NULL,NULL,NULL,NULL,NULL,NULL,NULL,NULL,NULL,NULL,NULL,NULL,NULL,NULL,NULL,NULL,NULL,2,NULL,NULL,NULL,NULL,0,NULL,NULL,0,NULL),(42,'DB Regio',NULL,NULL,NULL,NULL,NULL,'2014-01-01',NULL,NULL,NULL,NULL,NULL,NULL,NULL,NULL,NULL,NULL,NULL,NULL,NULL,NULL,NULL,NULL,NULL,NULL,2,NULL,NULL,NULL,NULL,0,NULL,NULL,0,NULL),(43,'JUNX4YOU',NULL,NULL,NULL,NULL,NULL,'2014-01-01',NULL,NULL,NULL,NULL,NULL,NULL,NULL,NULL,NULL,NULL,NULL,NULL,NULL,NULL,NULL,NULL,NULL,NULL,2,NULL,NULL,NULL,NULL,0,NULL,NULL,0,NULL),(44,'Toleranz Fabrik e.V.',NULL,NULL,NULL,NULL,NULL,'2014-01-01',NULL,NULL,NULL,NULL,NULL,NULL,NULL,NULL,NULL,NULL,NULL,NULL,NULL,NULL,NULL,NULL,NULL,NULL,2,NULL,NULL,NULL,NULL,0,NULL,NULL,0,NULL),(45,'Enchilada Aalen','Friedhofstr. 19\r\n73430 Aalen',NULL,NULL,NULL,'aalen@enchilada.de','2013-12-30','2013-12-31',NULL,NULL,NULL,NULL,NULL,NULL,NULL,NULL,NULL,NULL,NULL,NULL,NULL,NULL,NULL,NULL,93,2,NULL,NULL,NULL,NULL,0,NULL,NULL,0,NULL),(46,'Enchilada Augsburg','Hallstrasse 4\r\n86150 Augsburg',NULL,NULL,NULL,'augsburg@enchilada.de','2013-12-30','2013-12-31',NULL,NULL,NULL,NULL,NULL,NULL,NULL,NULL,NULL,NULL,NULL,NULL,NULL,NULL,NULL,NULL,93,2,NULL,NULL,NULL,NULL,0,NULL,NULL,0,NULL),(47,'Enchilada Bayreuth','Hindenburgstr. 3\r\n95445 Bayreuth',NULL,NULL,NULL,'bayreuth@enchilada.de','2013-12-30','2013-12-31',NULL,NULL,NULL,NULL,NULL,NULL,NULL,NULL,NULL,NULL,NULL,NULL,NULL,NULL,NULL,NULL,93,2,NULL,NULL,NULL,NULL,0,NULL,NULL,0,NULL),(48,'Enchilada Bruchsal','Am Alten Schloss 8\r\n76646 Bruchsal',NULL,NULL,NULL,'bruchsal@enchilada.de','2013-12-30','2013-12-31',NULL,NULL,NULL,NULL,NULL,NULL,NULL,NULL,NULL,NULL,NULL,NULL,NULL,NULL,NULL,NULL,93,2,NULL,NULL,NULL,NULL,0,NULL,NULL,0,NULL),(49,'Enchilada Darmstadt','Kasinostr. 5\r\n64293 Darmstadt',NULL,NULL,NULL,'darmstadt@enchilada.de','2013-12-30','2013-12-31',NULL,NULL,NULL,NULL,NULL,NULL,NULL,NULL,NULL,NULL,NULL,NULL,NULL,NULL,NULL,NULL,93,2,NULL,NULL,NULL,NULL,0,NULL,NULL,0,NULL),(50,'Enchilada Freiburg','Auf der Zinnen 1\r\n79098 Freiburg',NULL,NULL,NULL,'freiburg@enchilada.de','2013-12-30','2013-12-31',NULL,NULL,NULL,NULL,NULL,NULL,NULL,NULL,NULL,NULL,NULL,NULL,NULL,NULL,NULL,NULL,93,2,NULL,NULL,NULL,NULL,0,NULL,NULL,0,NULL),(51,'Enchilada Freudenstadt','Lauterbadstraße 5\r\n72250 Freudenstadt',NULL,NULL,NULL,'freudenstadt@enchilada.de','2013-12-30','2013-12-31',NULL,NULL,NULL,NULL,NULL,NULL,NULL,NULL,NULL,NULL,NULL,NULL,NULL,NULL,NULL,NULL,93,2,NULL,NULL,NULL,NULL,0,NULL,NULL,0,NULL),(52,'Enchilada Gronau','Mühlenplatz 1\r\n48599 Gronau',NULL,NULL,NULL,'gronau@enchilada.de','2013-12-30','2013-12-31',NULL,NULL,NULL,NULL,NULL,NULL,NULL,NULL,NULL,NULL,NULL,NULL,NULL,NULL,NULL,NULL,93,2,NULL,NULL,NULL,NULL,0,NULL,NULL,0,NULL),(53,'Enchilada Halle','Universitätsring 6\r\n06108 Halle',NULL,NULL,NULL,'halle@enchilada.de','2013-12-30','2013-12-31',NULL,NULL,NULL,NULL,NULL,NULL,NULL,NULL,NULL,NULL,NULL,NULL,NULL,NULL,NULL,NULL,93,2,NULL,NULL,NULL,NULL,0,NULL,NULL,0,NULL),(54,'Enchilada Hamm','Martin-Luther-Straße 31-33\r\n59065 Hamm',NULL,NULL,NULL,'hamm@enchilada.de','2013-12-30','2013-12-31',NULL,NULL,NULL,NULL,NULL,NULL,NULL,NULL,NULL,NULL,NULL,NULL,NULL,NULL,NULL,NULL,93,2,NULL,NULL,NULL,NULL,0,NULL,NULL,0,NULL),(55,'Enchilada Hannover','Knochenhauerstraße 36\r\n30159 Hannover',NULL,NULL,NULL,'hannover@enchilada.de','2013-12-30','2013-12-31',NULL,NULL,NULL,NULL,NULL,NULL,NULL,NULL,NULL,NULL,NULL,NULL,NULL,NULL,NULL,NULL,93,2,NULL,NULL,NULL,NULL,0,NULL,NULL,0,NULL),(56,'Enchilada Heilbronn','Allee 18\r\n74072 Heilbronn',NULL,NULL,NULL,'heilbronn@enchilada.de','2013-12-30','2013-12-31',NULL,NULL,NULL,NULL,NULL,NULL,NULL,NULL,NULL,NULL,NULL,NULL,NULL,NULL,NULL,NULL,93,2,NULL,NULL,NULL,NULL,0,NULL,NULL,0,NULL),(57,'Enchilada Karlsruhe','Waldstrasse 63\r\n76133 Karlsruhe',NULL,NULL,NULL,'karlsruhe@enchilada.de','2013-12-30','2013-12-31',NULL,NULL,NULL,NULL,NULL,NULL,NULL,NULL,NULL,NULL,NULL,NULL,NULL,NULL,NULL,NULL,93,2,NULL,NULL,NULL,NULL,0,NULL,NULL,0,NULL),(58,'Enchilada Kassel','Opernstr. 9\r\n34117 Kassel',NULL,NULL,NULL,'kassel@enchilada.de','2013-12-30','2013-12-31',NULL,NULL,NULL,NULL,NULL,NULL,NULL,NULL,NULL,NULL,NULL,NULL,NULL,NULL,NULL,NULL,93,2,NULL,NULL,NULL,NULL,0,NULL,NULL,0,NULL),(59,'Enchilada Koblenz','Gerichtsstr. 2\r\n56068 Koblenz',NULL,NULL,NULL,'koblenz@enchilada.de','2013-12-30','2013-12-31',NULL,NULL,NULL,NULL,NULL,NULL,NULL,NULL,NULL,NULL,NULL,NULL,NULL,NULL,NULL,NULL,93,2,NULL,NULL,NULL,NULL,0,NULL,NULL,0,NULL),(60,'Enchilada Leipzig','Richard-Wagner-Platz 1\r\n04109 Leipzig',NULL,NULL,NULL,'leipzig@enchilada.de','2013-12-30','2013-12-31',NULL,NULL,NULL,NULL,NULL,NULL,NULL,NULL,NULL,NULL,NULL,NULL,NULL,NULL,NULL,NULL,93,2,NULL,NULL,NULL,NULL,0,NULL,NULL,0,NULL),(61,'Enchilada Minden','Markt 14\r\n32423 Minden',NULL,NULL,NULL,'minden@enchilada.de','2013-12-30','2013-12-31',NULL,NULL,NULL,NULL,NULL,NULL,NULL,NULL,NULL,NULL,NULL,NULL,NULL,NULL,NULL,NULL,93,2,NULL,NULL,NULL,NULL,0,NULL,NULL,0,NULL),(62,'Enchilada München','Gabelsbergerstr. 97\r\n80333 München',NULL,NULL,NULL,'muenchen@enchilada.de','2013-12-30','2013-12-31',NULL,NULL,NULL,NULL,NULL,NULL,NULL,NULL,NULL,NULL,NULL,NULL,NULL,NULL,NULL,NULL,93,2,NULL,NULL,NULL,NULL,0,NULL,NULL,0,NULL),(63,'Enchilada Münster','Arztkarrengasse 12\r\n48143 Münster',NULL,NULL,NULL,'muenster@enchilada.de','2013-12-30','2013-12-31',NULL,NULL,NULL,NULL,NULL,NULL,NULL,NULL,NULL,NULL,NULL,NULL,NULL,NULL,NULL,NULL,93,2,NULL,NULL,NULL,NULL,0,NULL,NULL,0,NULL),(64,'Enchilada Nürnberg','Obstmarkt 10\r\n90403 Nürnberg',NULL,NULL,NULL,'nuernberg@enchilada.de','2013-12-30','2013-12-31',NULL,NULL,NULL,NULL,NULL,NULL,NULL,NULL,NULL,NULL,NULL,NULL,NULL,NULL,NULL,NULL,93,2,NULL,NULL,NULL,NULL,0,NULL,NULL,0,NULL),(65,'Enchilada Pforzheim','Schloßberg 20\r\n75175 Pforzheim',NULL,NULL,NULL,'pforzheim@enchilada.de','2013-12-30','2013-12-31',NULL,NULL,NULL,NULL,NULL,NULL,NULL,NULL,NULL,NULL,NULL,NULL,NULL,NULL,NULL,NULL,93,2,NULL,NULL,NULL,NULL,0,NULL,NULL,0,NULL),(66,'Enchilada Rosenheim','Schmetterer Straße 18\r\n83022 Rosenheim',NULL,NULL,NULL,'rosenheim@enchilada.de','2013-12-30','2013-12-31',NULL,NULL,NULL,NULL,NULL,NULL,NULL,NULL,NULL,NULL,NULL,NULL,NULL,NULL,NULL,NULL,93,2,NULL,NULL,NULL,NULL,0,NULL,NULL,0,NULL),(67,'Enchilada Ulm','Schelergasse 6\r\n89073 Ulm',NULL,NULL,NULL,'ulm@enchilada.de','2013-12-30','2013-12-31',NULL,NULL,NULL,NULL,NULL,NULL,NULL,NULL,NULL,NULL,NULL,NULL,NULL,NULL,NULL,NULL,93,2,NULL,NULL,NULL,NULL,0,NULL,NULL,0,NULL),(68,'Enchilada Wuppertal','Friedrich-Ebert-Str. 130\r\n42117 Wuppertal',NULL,NULL,NULL,'wuppertal@enchilada.de','2013-12-30','2013-12-31',NULL,NULL,NULL,NULL,NULL,NULL,NULL,NULL,NULL,NULL,NULL,NULL,NULL,NULL,NULL,NULL,93,2,NULL,NULL,NULL,NULL,0,NULL,NULL,0,NULL),(69,'Enchilada Zwickau','Hauptmarkt 14\r\n08056 Zwickau',NULL,NULL,NULL,'zwickau@enchilada.de','2013-12-30','2013-12-31',NULL,NULL,NULL,NULL,NULL,NULL,NULL,NULL,NULL,NULL,NULL,NULL,NULL,NULL,NULL,NULL,93,2,NULL,NULL,NULL,NULL,0,NULL,NULL,0,NULL),(70,'Besitos Aachen','Kapuzinergraben 19\r\n52062 Aachen',NULL,NULL,NULL,'aachen@besitos.de','2013-12-30','2013-12-31',NULL,NULL,NULL,NULL,NULL,NULL,NULL,NULL,NULL,NULL,NULL,NULL,NULL,NULL,NULL,NULL,91,2,NULL,NULL,NULL,NULL,0,NULL,NULL,0,NULL),(71,'Besitos Baden-Baden','Lange Str. 79\r\n76530 Baden-Baden',NULL,NULL,NULL,'baden-baden@besitos.de','2013-12-30','2013-12-31',NULL,NULL,NULL,NULL,NULL,NULL,NULL,NULL,NULL,NULL,NULL,NULL,NULL,NULL,NULL,NULL,91,2,NULL,NULL,NULL,NULL,0,NULL,NULL,0,NULL),(72,'Besitos Hannover','Goseriede 4\r\n30159 Hannover',NULL,NULL,NULL,'hannover@besitos.de','2013-12-30','2013-12-31',NULL,NULL,NULL,NULL,NULL,NULL,NULL,NULL,NULL,NULL,NULL,NULL,NULL,NULL,NULL,NULL,91,2,NULL,NULL,NULL,NULL,0,NULL,NULL,0,NULL),(73,'Besitos Münster','Alter Steinweg 21\r\n48143 Münster',NULL,NULL,NULL,'muenster@besitos.de','2013-12-30','2013-12-31',NULL,NULL,NULL,NULL,NULL,NULL,NULL,NULL,NULL,NULL,NULL,NULL,NULL,NULL,NULL,NULL,91,2,NULL,NULL,NULL,NULL,0,NULL,NULL,0,NULL),(74,'Besitos Pforzheim','Schloßberg 16\r\n75175 Pforzheim',NULL,NULL,NULL,'pforzheim@besitos.de','2013-12-30','2013-12-31',NULL,NULL,NULL,NULL,NULL,NULL,NULL,NULL,NULL,NULL,NULL,NULL,NULL,NULL,NULL,NULL,91,2,NULL,NULL,NULL,NULL,0,NULL,NULL,0,NULL),(75,'Besitos Rheine','Marktstr. 2 - 4\r\n48431 Rheine',NULL,NULL,NULL,'rheine@besitos.de','2013-12-30','2013-12-31',NULL,NULL,NULL,NULL,NULL,NULL,NULL,NULL,NULL,NULL,NULL,NULL,NULL,NULL,NULL,NULL,91,2,NULL,NULL,NULL,NULL,0,NULL,NULL,0,NULL),(76,'Besitos Rostock','Warnowufer 64a\r\n18057 Rostock',NULL,NULL,NULL,'rostock@besitos.de','2013-12-30','2013-12-31',NULL,NULL,NULL,NULL,NULL,NULL,NULL,NULL,NULL,NULL,NULL,NULL,NULL,NULL,NULL,NULL,91,2,NULL,NULL,NULL,NULL,0,NULL,NULL,0,NULL),(77,'Besitos Ulm','Neue Straße 71\r\n89073 Ulm',NULL,NULL,NULL,'ulm@besitos.de','2013-12-30','2013-12-31',NULL,NULL,NULL,NULL,NULL,NULL,NULL,NULL,NULL,NULL,NULL,NULL,NULL,NULL,NULL,NULL,91,2,NULL,NULL,NULL,NULL,0,NULL,NULL,0,NULL),(78,'Aposto Karlsruhe','Waldstraße 57\r\n76133 Karlsruhe',NULL,NULL,NULL,'karlsruhe@aposto.eu','2013-12-30','2013-12-31',NULL,NULL,NULL,NULL,NULL,NULL,NULL,NULL,NULL,NULL,NULL,NULL,NULL,NULL,NULL,NULL,92,2,NULL,NULL,NULL,NULL,0,NULL,NULL,0,NULL),(79,'Aposto Münster','Alter Steinweg 21\r\n48143 Münster',NULL,NULL,NULL,'muenster@aposto.eu','2013-12-30','2013-12-31',NULL,NULL,NULL,NULL,NULL,NULL,NULL,NULL,NULL,NULL,NULL,NULL,NULL,NULL,NULL,NULL,92,2,NULL,NULL,NULL,NULL,0,NULL,NULL,0,NULL),(80,'Aposto Pforzheim','Bahnhofstr. 28-30\r\n75172 Pforzheim',NULL,NULL,NULL,'pforzheim@aposto.eu','2013-12-30','2013-12-31',NULL,NULL,NULL,NULL,NULL,NULL,NULL,NULL,NULL,NULL,NULL,NULL,NULL,NULL,NULL,NULL,92,2,NULL,NULL,NULL,NULL,0,NULL,NULL,0,NULL),(81,'Lehner\'s Wirtshaus Heilbronn','Bahnhofstr. 1\r\n74072 Heilbronn',NULL,NULL,NULL,'heilbronn@lehners-wirtshaus.de','2013-12-30','2013-12-31',NULL,NULL,NULL,NULL,NULL,NULL,NULL,NULL,NULL,NULL,NULL,NULL,NULL,NULL,NULL,NULL,90,2,NULL,NULL,NULL,NULL,0,NULL,NULL,0,NULL),(82,'Lehner\'s Wirtshaus Karlsruhe','Karlstraße 21 a\r\n76133 Karlsruhe',NULL,NULL,NULL,'karlsruhe@lehners-wirtshaus.de','2013-12-30','2013-12-31',NULL,NULL,NULL,NULL,NULL,NULL,NULL,NULL,NULL,NULL,NULL,NULL,NULL,NULL,NULL,NULL,90,2,NULL,NULL,NULL,NULL,0,NULL,NULL,0,NULL),(83,'Lehner\'s Wirtshaus München','Wasserburger Landstraße 272\r\n81827 München',NULL,NULL,NULL,'muenchen@lehners-wirtshaus.de','2013-12-30','2013-12-31',NULL,NULL,NULL,NULL,NULL,NULL,NULL,NULL,NULL,NULL,NULL,NULL,NULL,NULL,NULL,NULL,90,2,NULL,NULL,NULL,NULL,0,NULL,NULL,0,NULL),(84,'Lehner\'s Wirtshaus Pforzheim','Schloßberg 16\r\n75175 Pforzheim',NULL,NULL,NULL,'pforzheim@lehners-wirtshaus.de','2013-12-30','2013-12-31',NULL,NULL,NULL,NULL,NULL,NULL,NULL,NULL,NULL,NULL,NULL,NULL,NULL,NULL,NULL,NULL,90,2,NULL,NULL,NULL,NULL,0,NULL,NULL,0,NULL),(85,'Lehner\'s Wirtshaus Rastatt','Am Schlossplatz 2 / 2\r\n76437 Rastatt',NULL,NULL,NULL,'rastatt@lehners-wirtshaus.de','2013-12-30','2013-12-31',NULL,NULL,NULL,NULL,NULL,NULL,NULL,NULL,NULL,NULL,NULL,NULL,NULL,NULL,NULL,NULL,90,2,NULL,NULL,NULL,NULL,0,NULL,NULL,0,NULL),(86,'Ratskeller Augsburg','Rathausplatz 2\r\n86150 Augsburg',NULL,NULL,NULL,'info@ratskeller-augsburg.de','2013-12-30','2013-12-31',NULL,NULL,NULL,NULL,NULL,NULL,NULL,NULL,NULL,NULL,NULL,NULL,NULL,NULL,NULL,NULL,95,2,NULL,NULL,NULL,NULL,0,NULL,NULL,0,NULL),(87,'Carls Brauhaus','Stauffenbergstraße 1\r\n70173 Stuttgart',NULL,NULL,NULL,'stuttgart@carls-brauhaus.de','2013-12-30','2013-12-31',NULL,NULL,NULL,NULL,NULL,NULL,NULL,NULL,NULL,NULL,NULL,NULL,NULL,NULL,NULL,NULL,95,2,NULL,NULL,NULL,NULL,0,NULL,NULL,0,NULL),(88,'Park Cafe München','Sophienstr 7\r\n80333 München',NULL,NULL,NULL,'info@parkcafe089.de','2013-12-30','2013-12-31',NULL,NULL,NULL,NULL,NULL,NULL,NULL,NULL,NULL,NULL,NULL,NULL,NULL,NULL,NULL,NULL,95,2,NULL,NULL,NULL,NULL,0,NULL,NULL,0,NULL),(89,'Riegele Wirtshaus','Frölichstraße 26\r\n86150 Augsburg',NULL,NULL,NULL,'info@riegele-wirtshaus.de','2013-12-30','2013-12-31',NULL,NULL,NULL,NULL,NULL,NULL,NULL,NULL,NULL,NULL,NULL,NULL,NULL,NULL,NULL,NULL,95,2,NULL,NULL,NULL,NULL,0,NULL,NULL,0,NULL),(90,'Lehners',NULL,NULL,NULL,NULL,NULL,'2014-01-01',NULL,NULL,NULL,NULL,NULL,NULL,NULL,NULL,NULL,NULL,NULL,NULL,NULL,NULL,NULL,NULL,NULL,96,1,NULL,NULL,NULL,NULL,0,NULL,NULL,0,NULL),(91,'Besitos',NULL,NULL,NULL,NULL,NULL,'2014-01-01',NULL,NULL,NULL,NULL,NULL,NULL,NULL,NULL,NULL,NULL,NULL,NULL,NULL,NULL,NULL,NULL,NULL,96,1,NULL,NULL,NULL,NULL,0,NULL,NULL,0,NULL),(92,'Aposto',NULL,NULL,NULL,NULL,NULL,'2014-01-01',NULL,NULL,NULL,NULL,NULL,NULL,NULL,NULL,NULL,NULL,NULL,NULL,NULL,NULL,NULL,NULL,NULL,96,1,NULL,NULL,NULL,NULL,0,NULL,NULL,0,NULL),(93,'Enchiladas',NULL,NULL,NULL,NULL,NULL,'2014-01-01',NULL,NULL,NULL,NULL,NULL,NULL,NULL,NULL,NULL,NULL,NULL,NULL,NULL,NULL,NULL,NULL,NULL,96,1,NULL,NULL,NULL,NULL,0,NULL,NULL,0,NULL),(94,'Big Easy',NULL,NULL,NULL,NULL,NULL,'2014-01-01',NULL,NULL,NULL,NULL,NULL,NULL,NULL,NULL,NULL,NULL,NULL,NULL,NULL,NULL,NULL,NULL,NULL,96,1,NULL,NULL,NULL,NULL,0,NULL,NULL,0,NULL),(95,'Einzelkonzept',NULL,NULL,NULL,NULL,NULL,'2014-01-01',NULL,NULL,NULL,NULL,NULL,NULL,NULL,NULL,NULL,NULL,NULL,NULL,NULL,NULL,NULL,NULL,NULL,96,1,NULL,NULL,NULL,NULL,0,NULL,NULL,0,NULL),(96,'Enchilada Gruppe',NULL,NULL,NULL,NULL,NULL,'2014-01-01',NULL,NULL,NULL,NULL,NULL,NULL,NULL,NULL,NULL,NULL,NULL,NULL,NULL,NULL,NULL,NULL,NULL,NULL,0,NULL,NULL,NULL,NULL,0,NULL,NULL,0,NULL),(97,'Fitness First',NULL,NULL,NULL,NULL,NULL,'2014-05-19',NULL,NULL,NULL,NULL,NULL,NULL,NULL,NULL,NULL,NULL,NULL,NULL,NULL,NULL,NULL,NULL,NULL,25,4,NULL,NULL,NULL,NULL,2147483647,NULL,'Mitglieder 10 %, MA 20 %',0,NULL),(98,'stallions-Mitglieder',NULL,NULL,NULL,NULL,NULL,'2014-05-19',NULL,NULL,NULL,NULL,NULL,NULL,NULL,NULL,NULL,NULL,NULL,NULL,NULL,NULL,NULL,NULL,NULL,25,4,NULL,NULL,NULL,NULL,2147483647,NULL,'10 %',0,NULL),(99,'Kinopolis-Mitarbeiter',NULL,NULL,NULL,NULL,NULL,'2014-10-17',NULL,NULL,NULL,NULL,NULL,NULL,NULL,NULL,NULL,NULL,NULL,NULL,NULL,NULL,NULL,NULL,NULL,25,4,NULL,NULL,NULL,NULL,2147483647,NULL,'20 %',0,NULL),(100,'Vor-Ort-Besuch TEST',NULL,NULL,NULL,NULL,NULL,'2014-06-01','2014-06-30',NULL,NULL,NULL,NULL,NULL,NULL,NULL,NULL,NULL,NULL,NULL,NULL,NULL,NULL,NULL,NULL,43,3,NULL,NULL,NULL,NULL,0,NULL,NULL,0,NULL),(101,'NASPA',NULL,NULL,NULL,NULL,NULL,'2014-01-01',NULL,NULL,NULL,NULL,NULL,NULL,NULL,NULL,NULL,NULL,NULL,NULL,NULL,NULL,NULL,NULL,NULL,22,4,NULL,NULL,NULL,NULL,2147483647,NULL,'Bis zu zwei Personen trinken den ersten\r\nCocktail zum Happy-Hour-Preis von\r\n4,90 statt 8,90 Euro',0,NULL),(102,'15-Tage-15-Euro',NULL,NULL,NULL,NULL,NULL,'2014-08-10','2014-08-28',NULL,NULL,NULL,NULL,NULL,NULL,NULL,NULL,NULL,NULL,NULL,NULL,NULL,NULL,NULL,NULL,21,3,NULL,NULL,NULL,NULL,0,NULL,NULL,0,NULL),(103,'Cocktail Casino',NULL,NULL,NULL,NULL,NULL,'2014-01-01',NULL,NULL,NULL,NULL,NULL,NULL,NULL,NULL,NULL,NULL,NULL,NULL,NULL,NULL,NULL,NULL,NULL,29,3,NULL,NULL,NULL,NULL,0,NULL,NULL,0,NULL),(104,'Cocktail Casino',NULL,NULL,NULL,NULL,NULL,'2014-10-07',NULL,NULL,NULL,NULL,NULL,NULL,NULL,NULL,NULL,NULL,NULL,NULL,NULL,NULL,NULL,NULL,NULL,28,3,NULL,NULL,NULL,NULL,0,NULL,NULL,0,NULL),(105,'Kinderpizza-Gutscheine für Weltkinderspartag',NULL,NULL,NULL,NULL,NULL,'2014-10-01',NULL,NULL,NULL,NULL,NULL,NULL,NULL,NULL,NULL,NULL,NULL,NULL,NULL,NULL,NULL,NULL,NULL,NULL,4,NULL,NULL,NULL,NULL,0,NULL,NULL,0,NULL),(106,'Margarita of the Week',NULL,NULL,NULL,NULL,NULL,'2014-06-01',NULL,NULL,NULL,NULL,NULL,NULL,NULL,NULL,NULL,NULL,NULL,NULL,NULL,NULL,NULL,NULL,NULL,31,3,NULL,NULL,NULL,NULL,NULL,NULL,NULL,0,NULL),(107,'Brunch',NULL,NULL,NULL,NULL,NULL,'2014-06-13',NULL,NULL,NULL,NULL,NULL,NULL,NULL,NULL,NULL,NULL,NULL,NULL,NULL,NULL,NULL,NULL,NULL,19,3,NULL,NULL,NULL,NULL,NULL,NULL,NULL,0,NULL),(108,'10 Jahre Besitos Mainz',NULL,NULL,NULL,NULL,NULL,'2014-10-24','2014-10-25',NULL,NULL,NULL,NULL,NULL,NULL,NULL,NULL,NULL,NULL,NULL,NULL,NULL,NULL,NULL,NULL,17,3,NULL,NULL,NULL,NULL,NULL,NULL,NULL,0,NULL),(109,'Studiplex-App',NULL,NULL,NULL,NULL,NULL,'2014-03-15','2014-07-31',NULL,NULL,NULL,NULL,NULL,NULL,NULL,NULL,NULL,NULL,NULL,NULL,NULL,NULL,NULL,NULL,21,4,NULL,NULL,NULL,NULL,2147483647,NULL,NULL,0,NULL),(110,'Kundenkarte “Die Blaue”',NULL,NULL,NULL,NULL,NULL,'2013-03-01',NULL,NULL,NULL,NULL,NULL,NULL,NULL,NULL,NULL,NULL,NULL,NULL,NULL,NULL,NULL,NULL,NULL,33,4,NULL,NULL,NULL,NULL,2147483647,NULL,NULL,0,NULL),(111,'B&B Hotel',NULL,NULL,NULL,NULL,NULL,'2014-01-01',NULL,NULL,NULL,NULL,NULL,NULL,NULL,NULL,NULL,NULL,NULL,NULL,NULL,NULL,NULL,NULL,NULL,33,4,NULL,NULL,NULL,NULL,2147483647,NULL,'10 %',0,NULL),(112,'http://multiforum3000.com/',NULL,NULL,NULL,NULL,NULL,'2014-01-01',NULL,NULL,NULL,NULL,NULL,NULL,NULL,NULL,NULL,NULL,NULL,NULL,NULL,NULL,NULL,NULL,NULL,33,4,NULL,NULL,NULL,NULL,2147483647,NULL,NULL,0,NULL),(113,'R & R Limousinenservice',NULL,NULL,NULL,NULL,NULL,'2014-01-01',NULL,NULL,NULL,NULL,NULL,NULL,NULL,NULL,NULL,NULL,NULL,NULL,NULL,NULL,NULL,NULL,NULL,33,4,NULL,NULL,NULL,NULL,2147483647,NULL,NULL,0,NULL),(114,'DealPooling',NULL,NULL,NULL,NULL,NULL,'2014-01-01',NULL,NULL,NULL,NULL,NULL,NULL,NULL,NULL,NULL,NULL,NULL,NULL,NULL,NULL,NULL,NULL,NULL,33,4,NULL,NULL,NULL,NULL,2147483647,NULL,NULL,0,NULL),(115,'Locallico',NULL,NULL,NULL,NULL,NULL,'2014-01-01',NULL,NULL,NULL,NULL,NULL,NULL,NULL,NULL,NULL,NULL,NULL,NULL,NULL,NULL,NULL,NULL,NULL,16,4,NULL,NULL,NULL,NULL,2147483647,NULL,NULL,0,NULL),(116,'Kick-Off Stundents Cocktail Casino',NULL,NULL,NULL,NULL,NULL,'2014-10-27',NULL,NULL,NULL,NULL,NULL,NULL,NULL,NULL,NULL,NULL,NULL,NULL,NULL,NULL,NULL,NULL,NULL,17,3,NULL,NULL,NULL,NULL,NULL,NULL,NULL,0,NULL),(117,'Kennenlernwochen',NULL,NULL,NULL,NULL,NULL,'2014-07-30',NULL,NULL,NULL,NULL,NULL,NULL,NULL,NULL,NULL,NULL,NULL,NULL,NULL,NULL,NULL,NULL,NULL,38,3,NULL,NULL,NULL,NULL,NULL,NULL,NULL,0,NULL),(119,'2014-07 Vor-Ort-Besuch',NULL,NULL,NULL,NULL,NULL,'2014-07-01','2014-07-30',NULL,NULL,NULL,NULL,NULL,NULL,NULL,NULL,NULL,NULL,NULL,NULL,NULL,NULL,NULL,NULL,31,3,NULL,NULL,NULL,NULL,NULL,NULL,NULL,0,NULL),(120,'10 Jahre',NULL,NULL,NULL,NULL,NULL,'2014-09-01',NULL,NULL,NULL,NULL,NULL,NULL,NULL,NULL,NULL,NULL,NULL,NULL,NULL,NULL,NULL,NULL,NULL,32,3,NULL,NULL,NULL,NULL,NULL,NULL,NULL,0,NULL),(121,'Eröffnungsparty',NULL,NULL,NULL,NULL,NULL,'2014-08-01',NULL,NULL,NULL,NULL,NULL,NULL,NULL,NULL,NULL,NULL,NULL,NULL,NULL,NULL,NULL,NULL,NULL,35,3,NULL,NULL,NULL,NULL,NULL,NULL,NULL,0,NULL),(122,'13. Decathlon Skate Night',NULL,NULL,NULL,NULL,NULL,'2014-07-27',NULL,NULL,NULL,NULL,NULL,NULL,NULL,NULL,NULL,NULL,NULL,NULL,NULL,NULL,NULL,NULL,NULL,40,3,NULL,NULL,NULL,NULL,NULL,NULL,NULL,0,NULL),(123,'WM-Coupons',NULL,NULL,NULL,NULL,NULL,'2014-06-12','2014-07-12',NULL,NULL,NULL,NULL,NULL,NULL,NULL,NULL,NULL,NULL,NULL,NULL,NULL,NULL,NULL,NULL,21,3,NULL,NULL,NULL,NULL,NULL,NULL,NULL,0,NULL),(124,'Stadtfest Aschaffenburg',NULL,NULL,NULL,NULL,NULL,'2014-08-01',NULL,NULL,NULL,NULL,NULL,NULL,NULL,NULL,NULL,NULL,NULL,NULL,NULL,NULL,NULL,NULL,NULL,25,3,NULL,NULL,NULL,NULL,NULL,NULL,NULL,0,NULL),(125,'15 Tage - 15 Euro',NULL,NULL,NULL,NULL,NULL,'2014-08-10','2014-08-28',NULL,NULL,NULL,NULL,NULL,NULL,NULL,NULL,NULL,NULL,NULL,NULL,NULL,NULL,NULL,NULL,25,3,NULL,NULL,NULL,NULL,NULL,'Cocktail nach Wahl, Vor + Haupt + Nachspeise',NULL,0,NULL),(126,'Kennenlernwochen',NULL,NULL,NULL,NULL,NULL,'2014-08-01','2014-08-31',NULL,NULL,NULL,NULL,NULL,NULL,NULL,NULL,NULL,NULL,NULL,NULL,NULL,NULL,NULL,NULL,20,3,NULL,NULL,NULL,NULL,NULL,NULL,NULL,0,NULL),(127,'15 Jahre',NULL,NULL,NULL,NULL,NULL,'2015-01-01',NULL,NULL,NULL,NULL,NULL,NULL,NULL,NULL,NULL,NULL,NULL,NULL,NULL,NULL,NULL,NULL,NULL,29,3,NULL,NULL,NULL,NULL,NULL,NULL,NULL,0,NULL),(128,'2014-07 Vor-Ort-Besuch',NULL,NULL,NULL,NULL,NULL,'2014-07-15','2014-07-16',NULL,NULL,NULL,NULL,NULL,NULL,NULL,NULL,NULL,NULL,NULL,NULL,NULL,NULL,NULL,NULL,29,3,NULL,NULL,NULL,NULL,NULL,NULL,NULL,0,NULL),(129,'2014-07 Vor-Ort-Besuch',NULL,NULL,NULL,NULL,NULL,'2014-07-16',NULL,NULL,NULL,NULL,NULL,NULL,NULL,NULL,NULL,NULL,NULL,NULL,NULL,NULL,NULL,NULL,NULL,16,3,NULL,NULL,NULL,NULL,NULL,NULL,NULL,0,NULL),(130,'2014-07 Vor-Ort-Besuch',NULL,NULL,NULL,NULL,NULL,'2014-07-16','2014-07-17',NULL,NULL,NULL,NULL,NULL,NULL,NULL,NULL,NULL,NULL,NULL,NULL,NULL,NULL,NULL,NULL,24,3,NULL,NULL,NULL,NULL,NULL,NULL,NULL,0,NULL),(131,'Kennenlernwochen im The Big Easy Mainz',NULL,NULL,NULL,NULL,NULL,'2014-08-01',NULL,NULL,NULL,NULL,NULL,NULL,NULL,NULL,NULL,NULL,NULL,NULL,NULL,NULL,NULL,NULL,NULL,24,3,NULL,NULL,NULL,NULL,NULL,NULL,NULL,0,NULL),(132,'Kids-Club Aposto',NULL,NULL,NULL,NULL,NULL,'2015-01-01',NULL,NULL,NULL,NULL,NULL,NULL,NULL,NULL,NULL,NULL,NULL,NULL,NULL,NULL,NULL,NULL,NULL,16,3,NULL,NULL,NULL,NULL,NULL,NULL,NULL,0,NULL),(133,'2014-08 Vor-Ort-Besuch',NULL,NULL,NULL,NULL,NULL,'2014-08-01',NULL,NULL,NULL,NULL,NULL,NULL,NULL,NULL,NULL,NULL,NULL,NULL,NULL,NULL,NULL,NULL,NULL,16,3,NULL,NULL,NULL,NULL,NULL,NULL,NULL,0,NULL),(134,'2014-07 Vor-Ort-Besuch',NULL,NULL,NULL,NULL,NULL,'2014-07-16','2014-07-17',NULL,NULL,NULL,NULL,NULL,NULL,NULL,NULL,NULL,NULL,NULL,NULL,NULL,NULL,NULL,NULL,22,3,NULL,NULL,NULL,NULL,NULL,NULL,NULL,0,NULL),(135,'Hochzeitsmesse',NULL,NULL,NULL,NULL,NULL,'2014-09-01',NULL,NULL,NULL,NULL,NULL,NULL,NULL,NULL,NULL,NULL,NULL,NULL,NULL,NULL,NULL,NULL,NULL,33,3,NULL,NULL,NULL,NULL,NULL,NULL,NULL,0,NULL),(136,'Sommer 2015',NULL,NULL,NULL,NULL,NULL,'2015-06-01','2015-09-30',NULL,NULL,NULL,NULL,NULL,NULL,NULL,NULL,NULL,NULL,NULL,NULL,NULL,NULL,NULL,NULL,31,3,NULL,NULL,NULL,NULL,NULL,NULL,NULL,0,NULL),(137,'ZEIT_Facebook-Postings',NULL,NULL,NULL,NULL,NULL,'2014-01-01',NULL,NULL,NULL,NULL,NULL,NULL,NULL,NULL,NULL,NULL,NULL,NULL,NULL,NULL,NULL,NULL,NULL,NULL,3,NULL,NULL,NULL,NULL,NULL,NULL,NULL,0,NULL),(138,'ZEIT_Check-Bewertungsseiten',NULL,NULL,NULL,NULL,NULL,'2014-01-01',NULL,NULL,NULL,NULL,NULL,NULL,NULL,NULL,NULL,NULL,NULL,NULL,NULL,NULL,NULL,NULL,NULL,NULL,3,NULL,NULL,NULL,NULL,NULL,NULL,NULL,0,NULL);
/*!40000 ALTER TABLE `Customer` ENABLE KEYS */;
UNLOCK TABLES;

--
-- Table structure for table `CustomerFacebookUrl`
--

DROP TABLE IF EXISTS `CustomerFacebookUrl`;
/*!40101 SET @saved_cs_client     = @@character_set_client */;
/*!40101 SET character_set_client = utf8 */;
CREATE TABLE `CustomerFacebookUrl` (
  `id` int(11) NOT NULL AUTO_INCREMENT,
  `url_id` int(11) NOT NULL,
  `customer_id` int(11) NOT NULL,
  `is_own` tinyint(1) NOT NULL,
  PRIMARY KEY (`id`),
  KEY `IDX_F0836DF81CFDAE7` (`url_id`),
  KEY `IDX_F0836DF9395C3F3` (`customer_id`),
  CONSTRAINT `FK_F0836DF81CFDAE7` FOREIGN KEY (`url_id`) REFERENCES `FacebookUrl` (`id`) ON DELETE CASCADE,
  CONSTRAINT `FK_F0836DF9395C3F3` FOREIGN KEY (`customer_id`) REFERENCES `Customer` (`id`) ON DELETE CASCADE
) ENGINE=InnoDB AUTO_INCREMENT=179 DEFAULT CHARSET=utf8 COLLATE=utf8_unicode_ci;
/*!40101 SET character_set_client = @saved_cs_client */;

--
-- Dumping data for table `CustomerFacebookUrl`
--

LOCK TABLES `CustomerFacebookUrl` WRITE;
/*!40000 ALTER TABLE `CustomerFacebookUrl` DISABLE KEYS */;
INSERT INTO `CustomerFacebookUrl` VALUES (1,1,10,1),(2,2,14,1),(3,3,15,1),(4,4,16,1),(5,5,17,1),(6,6,18,1),(7,7,19,1),(8,8,20,1),(9,9,21,1),(10,10,22,1),(11,11,23,1),(12,12,24,1),(13,13,25,1),(14,14,28,1),(15,15,29,1),(16,16,30,1),(17,17,31,1),(18,18,32,1),(19,19,33,1),(20,20,34,1),(21,21,35,1),(22,22,36,1),(23,23,37,1),(24,24,38,1),(25,25,39,1),(26,26,40,1),(27,27,41,1),(28,28,42,1),(29,29,43,1),(30,30,44,1),(32,31,45,1),(33,24,10,0),(34,32,46,1),(35,33,47,1),(36,18,10,0),(37,34,48,1),(38,35,49,1),(39,36,50,1),(40,37,51,1),(41,38,52,1),(42,39,53,1),(43,40,54,1),(44,41,55,1),(45,42,56,1),(46,43,57,1),(47,44,58,1),(48,45,59,1),(49,46,60,1),(50,47,61,1),(51,48,62,1),(52,49,63,1),(53,50,64,1),(54,51,65,1),(55,52,66,1),(56,53,67,1),(57,54,68,1),(58,55,69,1),(59,56,70,1),(60,57,71,1),(61,58,72,1),(62,59,73,1),(63,60,74,1),(64,61,75,1),(65,62,76,1),(66,63,77,1),(67,64,78,1),(68,65,79,1),(69,66,80,1),(70,67,81,1),(71,68,82,1),(72,69,83,1),(73,70,84,1),(74,71,85,1),(75,72,86,1),(76,73,87,1),(77,74,88,1),(78,75,89,1),(79,76,10,0),(80,77,10,0),(81,78,10,0),(82,79,10,0),(83,80,10,0),(84,81,10,0),(85,82,10,0),(86,83,10,0),(87,84,32,0),(88,85,32,0),(89,86,32,0),(90,87,31,0),(91,88,25,0),(92,90,44,0),(93,91,16,0),(94,12,16,0),(95,5,16,0),(96,4,17,0),(97,12,17,0),(98,4,24,0),(99,5,24,0),(100,92,16,0),(101,93,34,0),(102,94,34,0),(103,95,29,0),(104,96,28,0),(105,97,28,0),(106,98,28,0),(107,99,28,0),(108,100,14,0),(109,101,25,0),(110,102,25,0),(111,103,25,0),(112,104,25,0),(113,105,25,0),(114,106,25,0),(115,107,43,0),(116,108,43,0),(117,109,34,0),(118,110,39,0),(119,111,25,0),(120,112,25,0),(121,113,23,0),(122,114,23,0),(123,115,23,0),(124,116,23,0),(125,117,23,0),(126,118,23,0),(127,119,23,0),(128,120,23,0),(129,121,23,0),(130,122,23,0),(131,48,20,0),(132,123,36,0),(133,124,36,0),(134,125,34,0),(135,7,34,0),(136,126,34,0),(137,127,34,0),(138,128,20,0),(139,129,20,0),(140,130,20,0),(141,74,20,0),(142,131,20,0),(143,132,20,0),(144,133,20,0),(145,134,14,0),(146,135,14,0),(147,136,14,0),(148,137,14,0),(149,138,14,0),(150,139,14,0),(151,140,14,0),(152,141,14,0),(153,142,14,0),(154,143,14,0),(155,144,14,0),(156,145,14,0),(157,146,14,0),(158,147,31,0),(159,147,15,0),(160,17,15,0),(161,20,19,0),(162,73,19,0),(163,73,34,0),(164,27,37,0),(165,148,25,0),(166,3,31,0),(167,149,29,0),(168,6,29,0),(169,150,29,0),(170,151,39,0),(171,152,39,0),(172,153,39,0),(173,154,39,0),(174,155,39,0),(175,156,39,0),(176,157,39,0),(177,158,39,0),(178,159,39,0);
/*!40000 ALTER TABLE `CustomerFacebookUrl` ENABLE KEYS */;
UNLOCK TABLES;

--
-- Table structure for table `Enum`
--

DROP TABLE IF EXISTS `Enum`;
/*!40101 SET @saved_cs_client     = @@character_set_client */;
/*!40101 SET character_set_client = utf8 */;
CREATE TABLE `Enum` (
  `id` int(11) NOT NULL AUTO_INCREMENT,
  `name` varchar(255) COLLATE utf8_unicode_ci DEFAULT NULL,
  `value` longtext COLLATE utf8_unicode_ci COMMENT '(DC2Type:json_array)',
  PRIMARY KEY (`id`)
) ENGINE=InnoDB DEFAULT CHARSET=utf8 COLLATE=utf8_unicode_ci;
/*!40101 SET character_set_client = @saved_cs_client */;

--
-- Dumping data for table `Enum`
--

LOCK TABLES `Enum` WRITE;
/*!40000 ALTER TABLE `Enum` DISABLE KEYS */;
/*!40000 ALTER TABLE `Enum` ENABLE KEYS */;
UNLOCK TABLES;

--
-- Table structure for table `FacebookLikecount`
--

DROP TABLE IF EXISTS `FacebookLikecount`;
/*!40101 SET @saved_cs_client     = @@character_set_client */;
/*!40101 SET character_set_client = utf8 */;
CREATE TABLE `FacebookLikecount` (
  `id` int(11) NOT NULL AUTO_INCREMENT,
  `url_id` int(11) DEFAULT NULL,
  `date` date NOT NULL,
  `likecount` int(11) NOT NULL,
  `is_posted` tinyint(1) NOT NULL,
  PRIMARY KEY (`id`),
  KEY `IDX_44BA8E9681CFDAE7` (`url_id`),
  CONSTRAINT `FK_44BA8E9681CFDAE7` FOREIGN KEY (`url_id`) REFERENCES `FacebookUrl` (`id`) ON DELETE SET NULL
) ENGINE=InnoDB AUTO_INCREMENT=8956 DEFAULT CHARSET=utf8 COLLATE=utf8_unicode_ci;
/*!40101 SET character_set_client = @saved_cs_client */;

--
-- Dumping data for table `FacebookLikecount`
--

LOCK TABLES `FacebookLikecount` WRITE;
/*!40000 ALTER TABLE `FacebookLikecount` DISABLE KEYS */;
INSERT INTO `FacebookLikecount` VALUES (1,1,'2014-04-11',1381,0),(2,1,'2014-04-12',1382,0),(3,1,'2014-04-13',1382,0),(4,1,'2014-04-14',1382,0),(5,1,'2014-01-01',1290,0),(6,1,'2014-02-01',1309,0),(7,1,'2014-03-01',1346,0),(8,1,'2014-04-01',1366,0),(9,1,'2014-04-15',1384,0),(10,1,'2014-04-16',1385,0),(11,1,'2014-04-17',1386,0),(12,1,'2014-04-18',1387,0),(13,1,'2014-04-19',1388,0),(14,1,'2014-04-20',1388,0),(15,1,'2014-04-21',1389,0),(16,1,'2014-04-22',1391,0),(17,1,'2014-04-23',1392,0),(18,1,'2014-04-24',1396,0),(19,1,'2014-04-25',1399,0),(20,1,'2014-04-26',1400,0),(21,1,'2014-04-27',1400,0),(22,1,'2014-04-28',1404,0),(23,1,'2014-04-29',1404,0),(24,1,'2014-04-30',1404,0),(25,1,'2014-05-01',1407,0),(26,1,'2014-05-02',1409,0),(27,1,'2014-05-03',1411,0),(28,1,'2014-05-04',1411,0),(29,1,'2014-05-05',1412,0),(30,1,'2014-05-06',1412,0),(31,1,'2014-05-07',1414,0),(32,1,'2014-05-08',1417,0),(33,1,'2014-05-09',1418,0),(34,1,'2014-05-10',1421,0),(35,1,'2014-05-11',1422,0),(36,1,'2014-05-12',1422,0),(37,1,'2014-05-13',1423,0),(38,1,'2014-05-14',1423,0),(39,2,'2014-04-13',2168,0),(40,2,'2014-04-14',2176,0),(41,2,'2014-01-01',2020,0),(42,2,'2014-02-01',2043,0),(43,2,'2014-03-01',2117,0),(44,2,'2014-04-01',2148,0),(45,2,'2014-04-15',2178,0),(46,2,'2014-04-16',2180,0),(47,2,'2014-04-17',2180,0),(48,2,'2014-04-18',2184,0),(49,2,'2014-04-19',2184,0),(50,2,'2014-04-20',2184,0),(51,2,'2014-04-21',2186,0),(52,2,'2014-04-22',2199,0),(53,2,'2014-04-23',2248,0),(54,2,'2014-04-24',2275,0),(55,2,'2014-04-25',2274,0),(56,2,'2014-04-26',2277,0),(57,2,'2014-04-27',2279,0),(58,2,'2014-04-28',2279,0),(59,2,'2014-04-29',2284,0),(60,2,'2014-04-30',2285,0),(61,2,'2014-05-01',2286,0),(62,2,'2014-05-02',2290,0),(63,2,'2014-05-03',2294,0),(64,2,'2014-05-04',2296,0),(65,2,'2014-05-05',2297,0),(66,2,'2014-05-06',2296,0),(67,2,'2014-05-07',2296,0),(68,2,'2014-05-08',2297,0),(69,2,'2014-05-09',2301,0),(70,2,'2014-05-10',2303,0),(71,2,'2014-05-11',2305,0),(72,2,'2014-05-12',2305,0),(73,2,'2014-05-13',2307,0),(74,2,'2014-05-14',2307,0),(75,3,'2014-04-13',2449,0),(76,3,'2014-04-14',2451,0),(77,3,'2014-01-01',2210,0),(78,3,'2014-02-01',2305,0),(79,3,'2014-03-01',2371,0),(80,3,'2014-04-01',2430,0),(81,3,'2014-04-15',2453,0),(82,3,'2014-04-16',2455,0),(83,3,'2014-04-17',2456,0),(84,3,'2014-04-18',2458,0),(85,3,'2014-04-19',2459,0),(86,3,'2014-04-20',2459,0),(87,3,'2014-04-21',2461,0),(88,3,'2014-04-22',2464,0),(89,3,'2014-04-23',2465,0),(90,3,'2014-04-24',2466,0),(91,3,'2014-04-25',2464,0),(92,3,'2014-04-26',2465,0),(93,3,'2014-04-27',2468,0),(94,3,'2014-04-28',2467,0),(95,3,'2014-04-29',2470,0),(96,3,'2014-04-30',2471,0),(97,3,'2014-05-01',2472,0),(98,3,'2014-05-02',2474,0),(99,3,'2014-05-03',2476,0),(100,3,'2014-05-04',2479,0),(101,3,'2014-05-05',2481,0),(102,3,'2014-05-06',2556,0),(103,3,'2014-05-07',2562,0),(104,3,'2014-05-08',2562,0),(105,3,'2014-05-09',2567,0),(106,3,'2014-05-10',2569,0),(107,3,'2014-05-11',2571,0),(108,3,'2014-05-12',2572,0),(109,3,'2014-05-13',2579,0),(110,3,'2014-05-14',2580,0),(111,4,'2014-04-13',5427,0),(112,4,'2014-04-14',5430,0),(113,4,'2014-01-01',5164,0),(114,4,'2014-02-01',5255,0),(115,4,'2014-03-01',5334,0),(116,4,'2014-04-01',5402,0),(117,4,'2014-04-15',5430,0),(118,4,'2014-04-16',5428,0),(119,4,'2014-04-17',5435,0),(120,4,'2014-04-18',5447,0),(121,4,'2014-04-19',5451,0),(122,4,'2014-04-20',5470,0),(123,4,'2014-04-21',5477,0),(124,4,'2014-04-22',5484,0),(125,4,'2014-04-23',5485,0),(126,4,'2014-04-24',5488,0),(127,4,'2014-04-25',5485,0),(128,4,'2014-04-26',5488,0),(129,4,'2014-04-27',5497,0),(130,4,'2014-04-28',5499,0),(131,4,'2014-04-29',5503,0),(132,4,'2014-04-30',5511,0),(133,4,'2014-05-01',5517,0),(134,4,'2014-05-02',5520,0),(135,4,'2014-05-03',5526,0),(136,4,'2014-05-04',5534,0),(137,4,'2014-05-05',5538,0),(138,4,'2014-05-06',5540,0),(139,4,'2014-05-07',5543,0),(140,4,'2014-05-08',5544,0),(141,4,'2014-05-09',5545,0),(142,4,'2014-05-10',5545,0),(143,4,'2014-05-11',5548,0),(144,4,'2014-05-12',5552,0),(145,4,'2014-05-13',5556,0),(146,4,'2014-05-14',5558,0),(147,5,'2014-04-14',1457,0),(148,5,'2014-01-01',1374,0),(149,5,'2014-02-01',1406,0),(150,5,'2014-03-01',1422,0),(151,5,'2014-04-01',1442,0),(152,5,'2014-04-15',1458,0),(153,5,'2014-04-16',1460,0),(154,5,'2014-04-17',1460,0),(155,5,'2014-04-18',1460,0),(156,5,'2014-04-19',1460,0),(157,5,'2014-04-20',1465,0),(158,5,'2014-04-21',1468,0),(159,5,'2014-04-22',1467,0),(160,5,'2014-04-23',1467,0),(161,5,'2014-04-24',1468,0),(162,5,'2014-04-25',1468,0),(163,5,'2014-04-26',1468,0),(164,5,'2014-04-27',1469,0),(165,5,'2014-04-28',1472,0),(166,5,'2014-04-29',1473,0),(167,5,'2014-04-30',1474,0),(168,5,'2014-05-01',1475,0),(169,5,'2014-05-02',1476,0),(170,5,'2014-05-03',1476,0),(171,5,'2014-05-04',1476,0),(172,5,'2014-05-05',1476,0),(173,5,'2014-05-06',1476,0),(174,5,'2014-05-07',1476,0),(175,5,'2014-05-08',1476,0),(176,5,'2014-05-09',1477,0),(177,5,'2014-05-10',1478,0),(178,5,'2014-05-11',1479,0),(179,5,'2014-05-12',1479,0),(180,5,'2014-05-13',1481,0),(181,5,'2014-05-14',1480,0),(182,6,'2014-04-13',672,0),(183,6,'2014-04-14',674,0),(184,6,'2014-01-01',613,0),(185,6,'2014-02-01',626,0),(186,6,'2014-03-01',641,0),(187,6,'2014-04-01',657,0),(188,6,'2014-04-15',675,0),(189,6,'2014-04-16',675,0),(190,6,'2014-04-17',676,0),(191,6,'2014-04-18',676,0),(192,6,'2014-04-19',677,0),(193,6,'2014-04-20',678,0),(194,6,'2014-04-21',678,0),(195,6,'2014-04-22',679,0),(196,6,'2014-04-23',680,0),(197,6,'2014-04-24',681,0),(198,6,'2014-04-25',683,0),(199,6,'2014-04-26',685,0),(200,6,'2014-04-27',685,0),(201,6,'2014-04-28',686,0),(202,6,'2014-04-29',688,0),(203,6,'2014-04-30',689,0),(204,6,'2014-05-01',690,0),(205,6,'2014-05-02',691,0),(206,6,'2014-05-03',692,0),(207,6,'2014-05-04',692,0),(208,6,'2014-05-05',695,0),(209,6,'2014-05-06',694,0),(210,6,'2014-05-07',694,0),(211,6,'2014-05-08',693,0),(212,6,'2014-05-09',694,0),(213,6,'2014-05-10',698,0),(214,6,'2014-05-11',698,0),(215,6,'2014-05-12',699,0),(216,6,'2014-05-13',700,0),(217,6,'2014-05-14',702,0),(218,7,'2014-04-13',2419,0),(219,7,'2014-04-14',2422,0),(220,7,'2014-01-01',2020,0),(221,7,'2014-02-01',2073,0),(222,7,'2014-03-01',2182,0),(223,7,'2014-04-01',2366,0),(224,7,'2014-04-15',2426,0),(225,7,'2014-04-16',2429,0),(226,7,'2014-04-17',2429,0),(227,7,'2014-04-18',2430,0),(228,7,'2014-04-19',2437,0),(229,7,'2014-04-20',2436,0),(230,7,'2014-04-21',2445,0),(231,7,'2014-04-22',2446,0),(232,7,'2014-04-23',2447,0),(233,7,'2014-04-24',2449,0),(234,7,'2014-04-25',2452,0),(235,7,'2014-04-26',2461,0),(236,7,'2014-04-27',2467,0),(237,7,'2014-04-28',2470,0),(238,7,'2014-04-29',2473,0),(239,7,'2014-04-30',2474,0),(240,7,'2014-05-01',2475,0),(241,7,'2014-05-02',2479,0),(242,7,'2014-05-03',2479,0),(243,7,'2014-05-04',2482,0),(244,7,'2014-05-05',2485,0),(245,7,'2014-05-06',2488,0),(246,7,'2014-05-07',2490,0),(247,7,'2014-05-08',2491,0),(248,7,'2014-05-09',2493,0),(249,7,'2014-05-10',2493,0),(250,7,'2014-05-11',2492,0),(251,7,'2014-05-12',2498,0),(252,7,'2014-05-13',2503,0),(253,7,'2014-05-14',2506,0),(254,8,'2014-04-14',698,0),(255,8,'2014-01-01',642,0),(256,8,'2014-02-01',663,0),(257,8,'2014-03-01',671,0),(258,8,'2014-04-01',690,0),(259,8,'2014-04-15',698,0),(260,8,'2014-04-16',698,0),(261,8,'2014-04-17',699,0),(262,8,'2014-04-18',701,0),(263,8,'2014-04-19',702,0),(264,8,'2014-04-20',702,0),(265,8,'2014-04-21',704,0),(266,8,'2014-04-22',706,0),(267,8,'2014-04-23',706,0),(268,8,'2014-04-24',707,0),(269,8,'2014-04-25',707,0),(270,8,'2014-04-26',707,0),(271,8,'2014-04-27',709,0),(272,8,'2014-04-28',710,0),(273,8,'2014-04-29',712,0),(274,8,'2014-04-30',715,0),(275,8,'2014-05-01',716,0),(276,8,'2014-05-02',717,0),(277,8,'2014-05-03',717,0),(278,8,'2014-05-04',720,0),(279,8,'2014-05-05',722,0),(280,8,'2014-05-06',723,0),(281,8,'2014-05-07',724,0),(282,8,'2014-05-08',727,0),(283,8,'2014-05-09',729,0),(284,8,'2014-05-10',729,0),(285,8,'2014-05-11',730,0),(286,8,'2014-05-12',730,0),(287,8,'2014-05-13',731,0),(288,8,'2014-05-14',731,0),(289,9,'2014-04-14',1178,0),(290,9,'2014-01-01',1040,0),(291,9,'2014-02-01',1079,0),(292,9,'2014-03-01',1114,0),(293,9,'2014-04-01',1153,0),(294,9,'2014-04-15',1179,0),(295,9,'2014-04-16',1180,0),(296,9,'2014-04-17',1180,0),(297,9,'2014-04-18',1182,0),(298,9,'2014-04-19',1182,0),(299,9,'2014-04-20',1183,0),(300,9,'2014-04-21',1184,0),(301,9,'2014-04-22',1187,0),(302,9,'2014-04-23',1187,0),(303,9,'2014-04-24',1187,0),(304,9,'2014-04-25',1187,0),(305,9,'2014-04-26',1189,0),(306,9,'2014-04-27',1198,0),(307,9,'2014-04-28',1200,0),(308,9,'2014-04-29',1198,0),(309,9,'2014-04-30',1200,0),(310,9,'2014-05-01',1200,0),(311,9,'2014-05-02',1202,0),(312,9,'2014-05-03',1204,0),(313,9,'2014-05-04',1206,0),(314,9,'2014-05-05',1207,0),(315,9,'2014-05-06',1210,0),(316,9,'2014-05-07',1212,0),(317,9,'2014-05-08',1213,0),(318,9,'2014-05-09',1215,0),(319,9,'2014-05-10',1214,0),(320,9,'2014-05-11',1214,0),(321,9,'2014-05-12',1215,0),(322,9,'2014-05-13',1217,0),(323,9,'2014-05-14',1222,0),(324,10,'2014-04-14',2531,0),(325,10,'2014-01-01',1892,0),(326,10,'2014-02-01',1977,0),(327,10,'2014-03-01',2059,0),(328,10,'2014-04-01',2100,0),(329,10,'2014-04-15',2571,0),(330,10,'2014-04-16',2623,0),(331,10,'2014-04-17',2668,0),(332,10,'2014-04-18',2724,0),(333,10,'2014-04-19',2768,0),(334,10,'2014-04-20',2820,0),(335,10,'2014-04-21',2867,0),(336,10,'2014-04-22',2922,0),(337,10,'2014-04-23',2942,0),(338,10,'2014-04-24',2958,0),(339,10,'2014-04-25',2973,0),(340,10,'2014-04-26',2985,0),(341,10,'2014-04-27',3008,0),(342,10,'2014-04-28',3028,0),(343,10,'2014-04-29',3043,0),(344,10,'2014-04-30',3058,0),(345,10,'2014-05-01',3073,0),(346,10,'2014-05-02',3086,0),(347,10,'2014-05-03',3101,0),(348,10,'2014-05-04',3116,0),(349,10,'2014-05-05',3132,0),(350,10,'2014-05-06',3146,0),(351,10,'2014-05-07',3163,0),(352,10,'2014-05-08',3178,0),(353,10,'2014-05-09',3190,0),(354,10,'2014-05-10',3198,0),(355,10,'2014-05-11',3214,0),(356,10,'2014-05-12',3234,0),(357,10,'2014-05-13',3257,0),(358,10,'2014-05-14',3274,0),(359,11,'2014-04-14',1199,0),(360,11,'2014-01-01',1103,0),(361,11,'2014-02-01',1133,0),(362,11,'2014-03-01',1159,0),(363,11,'2014-04-01',1193,0),(364,11,'2014-04-15',1201,0),(365,11,'2014-04-16',1202,0),(366,11,'2014-04-17',1203,0),(367,11,'2014-04-18',1204,0),(368,11,'2014-04-19',1203,0),(369,11,'2014-04-20',1207,0),(370,11,'2014-04-21',1209,0),(371,11,'2014-04-22',1211,0),(372,11,'2014-04-23',1212,0),(373,11,'2014-04-24',1213,0),(374,11,'2014-04-25',1212,0),(375,11,'2014-04-26',1212,0),(376,11,'2014-04-27',1214,0),(377,11,'2014-04-28',1218,0),(378,11,'2014-04-29',1219,0),(379,11,'2014-04-30',1222,0),(380,11,'2014-05-01',1223,0),(381,11,'2014-05-02',1225,0),(382,11,'2014-05-03',1225,0),(383,11,'2014-05-04',1228,0),(384,11,'2014-05-05',1228,0),(385,11,'2014-05-06',1229,0),(386,11,'2014-05-07',1230,0),(387,11,'2014-05-08',1230,0),(388,11,'2014-05-09',1231,0),(389,11,'2014-05-10',1231,0),(390,11,'2014-05-11',1234,0),(391,11,'2014-05-12',1235,0),(392,11,'2014-05-13',1234,0),(393,11,'2014-05-14',1236,0),(394,12,'2014-04-14',246,0),(395,12,'2014-04-15',246,0),(396,12,'2014-04-16',246,0),(397,12,'2014-04-17',246,0),(398,12,'2014-04-18',247,0),(399,12,'2014-04-19',247,0),(400,12,'2014-04-20',249,0),(401,12,'2014-04-21',253,0),(402,12,'2014-04-22',253,0),(403,12,'2014-04-23',253,0),(404,12,'2014-04-24',253,0),(405,12,'2014-04-25',253,0),(406,12,'2014-04-26',253,0),(407,12,'2014-04-27',253,0),(408,12,'2014-04-28',253,0),(409,12,'2014-04-29',254,0),(410,12,'2014-04-30',254,0),(411,12,'2014-05-01',260,0),(412,12,'2014-05-02',261,0),(413,12,'2014-05-03',262,0),(414,12,'2014-05-04',262,0),(415,12,'2014-05-05',262,0),(416,12,'2014-05-06',263,0),(417,12,'2014-05-07',264,0),(418,12,'2014-05-08',269,0),(419,12,'2014-05-09',271,0),(420,12,'2014-05-10',273,0),(421,12,'2014-05-11',273,0),(422,12,'2014-05-12',276,0),(423,12,'2014-05-13',279,0),(424,12,'2014-05-14',280,0),(425,13,'2014-04-14',1813,0),(426,13,'2014-01-01',1627,0),(427,13,'2014-02-01',1694,0),(428,13,'2014-03-01',1760,0),(429,13,'2014-04-01',1804,0),(430,13,'2014-04-15',1814,0),(431,13,'2014-04-16',1816,0),(432,13,'2014-04-17',1816,0),(433,13,'2014-04-18',1816,0),(434,13,'2014-04-19',1816,0),(435,13,'2014-04-20',1817,0),(436,13,'2014-04-21',1817,0),(437,13,'2014-04-22',1818,0),(438,13,'2014-04-23',1818,0),(439,13,'2014-04-24',1820,0),(440,13,'2014-04-25',1819,0),(441,13,'2014-04-26',1819,0),(442,13,'2014-04-27',1820,0),(443,13,'2014-04-28',1822,0),(444,13,'2014-04-29',1823,0),(445,13,'2014-04-30',1825,0),(446,13,'2014-05-01',1826,0),(447,13,'2014-05-02',1827,0),(448,13,'2014-05-03',1827,0),(449,13,'2014-05-04',1827,0),(450,13,'2014-05-05',1828,0),(451,13,'2014-05-06',1829,0),(452,13,'2014-05-07',1829,0),(453,13,'2014-05-08',1830,0),(454,13,'2014-05-09',1834,0),(455,13,'2014-05-10',1836,0),(456,13,'2014-05-11',1841,0),(457,13,'2014-05-12',1842,0),(458,13,'2014-05-13',1843,0),(459,13,'2014-05-14',1844,0),(460,14,'2014-04-14',3098,0),(461,14,'2014-01-01',2485,0),(462,14,'2014-02-01',2983,0),(463,14,'2014-03-01',3032,0),(464,14,'2014-04-01',3082,0),(465,14,'2014-04-15',3100,0),(466,14,'2014-04-16',3103,0),(467,14,'2014-04-17',3103,0),(468,14,'2014-04-18',3104,0),(469,14,'2014-04-19',3106,0),(470,14,'2014-04-20',3106,0),(471,14,'2014-04-21',3110,0),(472,14,'2014-04-22',3109,0),(473,14,'2014-04-23',3112,0),(474,14,'2014-04-24',3115,0),(475,14,'2014-04-25',3115,0),(476,14,'2014-04-26',3117,0),(477,14,'2014-04-27',3119,0),(478,14,'2014-04-28',3122,0),(479,14,'2014-04-29',3123,0),(480,14,'2014-04-30',3125,0),(481,14,'2014-05-01',3128,0),(482,14,'2014-05-02',3130,0),(483,14,'2014-05-03',3132,0),(484,14,'2014-05-04',3133,0),(485,14,'2014-05-05',3138,0),(486,14,'2014-05-06',3139,0),(487,14,'2014-05-07',3140,0),(488,14,'2014-05-08',3141,0),(489,14,'2014-05-09',3145,0),(490,14,'2014-05-10',3147,0),(491,14,'2014-05-11',3149,0),(492,14,'2014-05-12',3149,0),(493,14,'2014-05-13',3150,0),(494,14,'2014-05-14',3151,0),(495,15,'2014-04-14',2666,0),(496,15,'2014-01-01',2557,0),(497,15,'2014-02-01',2582,0),(498,15,'2014-03-01',2627,0),(499,15,'2014-04-01',2651,0),(500,15,'2014-04-15',2668,0),(501,15,'2014-04-16',2671,0),(502,15,'2014-04-17',2671,0),(503,15,'2014-04-18',2674,0),(504,15,'2014-04-19',2673,0),(505,15,'2014-04-20',2676,0),(506,15,'2014-04-21',2677,0),(507,15,'2014-04-22',2678,0),(508,15,'2014-04-23',2678,0),(509,15,'2014-04-24',2678,0),(510,15,'2014-04-25',2680,0),(511,15,'2014-04-26',2683,0),(512,15,'2014-04-27',2684,0),(513,15,'2014-04-28',2686,0),(514,15,'2014-04-29',2688,0),(515,15,'2014-04-30',2689,0),(516,15,'2014-05-01',2689,0),(517,15,'2014-05-02',2689,0),(518,15,'2014-05-03',2690,0),(519,15,'2014-05-04',2688,0),(520,15,'2014-05-05',2693,0),(521,15,'2014-05-06',2693,0),(522,15,'2014-05-07',2694,0),(523,15,'2014-05-08',2695,0),(524,15,'2014-05-09',2695,0),(525,15,'2014-05-10',2697,0),(526,15,'2014-05-11',2697,0),(527,15,'2014-05-12',2698,0),(528,15,'2014-05-13',2696,0),(529,15,'2014-05-14',2695,0),(530,16,'2014-04-14',786,0),(531,16,'2014-01-01',94,0),(532,16,'2014-02-01',160,0),(533,16,'2014-03-01',297,0),(534,16,'2014-04-01',745,0),(535,16,'2014-04-15',788,0),(536,16,'2014-04-16',795,0),(537,16,'2014-04-17',801,0),(538,16,'2014-04-18',804,0),(539,16,'2014-04-19',810,0),(540,16,'2014-04-20',833,0),(541,16,'2014-04-21',836,0),(542,16,'2014-04-22',841,0),(543,16,'2014-04-23',843,0),(544,16,'2014-04-24',848,0),(545,16,'2014-04-25',855,0),(546,16,'2014-04-26',876,0),(547,16,'2014-04-27',886,0),(548,16,'2014-04-28',892,0),(549,16,'2014-04-29',898,0),(550,16,'2014-04-30',900,0),(551,16,'2014-05-01',901,0),(552,16,'2014-05-02',909,0),(553,16,'2014-05-03',917,0),(554,16,'2014-05-04',920,0),(555,16,'2014-05-05',919,0),(556,16,'2014-05-06',923,0),(557,16,'2014-05-07',925,0),(558,16,'2014-05-08',926,0),(559,16,'2014-05-09',932,0),(560,16,'2014-05-10',936,0),(561,16,'2014-05-11',939,0),(562,16,'2014-05-12',944,0),(563,16,'2014-05-13',950,0),(564,16,'2014-05-14',952,0),(565,17,'2014-04-14',1865,0),(566,17,'2014-01-01',1706,0),(567,17,'2014-02-01',1768,0),(568,17,'2014-03-01',1813,0),(569,17,'2014-04-01',1852,0),(570,17,'2014-04-15',1867,0),(571,17,'2014-04-16',1866,0),(572,17,'2014-04-17',1866,0),(573,17,'2014-04-18',1868,0),(574,17,'2014-04-19',1869,0),(575,17,'2014-04-20',1871,0),(576,17,'2014-04-21',1871,0),(577,17,'2014-04-22',1873,0),(578,17,'2014-04-23',1875,0),(579,17,'2014-04-24',1874,0),(580,17,'2014-04-25',1874,0),(581,17,'2014-04-26',1875,0),(582,17,'2014-04-27',1876,0),(583,17,'2014-04-28',1876,0),(584,17,'2014-04-29',1878,0),(585,17,'2014-04-30',1880,0),(586,17,'2014-05-01',1879,0),(587,17,'2014-05-02',1880,0),(588,17,'2014-05-03',1881,0),(589,17,'2014-05-04',1882,0),(590,17,'2014-05-05',1885,0),(591,17,'2014-05-06',1887,0),(592,17,'2014-05-07',1886,0),(593,17,'2014-05-08',1887,0),(594,17,'2014-05-09',1888,0),(595,17,'2014-05-10',1889,0),(596,17,'2014-05-11',1889,0),(597,17,'2014-05-12',1892,0),(598,17,'2014-05-13',1905,0),(599,17,'2014-05-14',1925,0),(600,18,'2014-04-14',5177,0),(601,18,'2014-01-01',4938,0),(602,18,'2014-02-01',5040,0),(603,18,'2014-03-01',5082,0),(604,18,'2014-04-01',5149,0),(605,18,'2014-04-15',5176,0),(606,18,'2014-04-16',5177,0),(607,18,'2014-04-17',5182,0),(608,18,'2014-04-18',5181,0),(609,18,'2014-04-19',5179,0),(610,18,'2014-04-20',5180,0),(611,18,'2014-04-21',5179,0),(612,18,'2014-04-22',5181,0),(613,18,'2014-04-23',5183,0),(614,18,'2014-04-24',5183,0),(615,18,'2014-04-25',5185,0),(616,18,'2014-04-26',5187,0),(617,18,'2014-04-27',5191,0),(618,18,'2014-04-28',5195,0),(619,18,'2014-04-29',5198,0),(620,18,'2014-04-30',5200,0),(621,18,'2014-05-01',5202,0),(622,18,'2014-05-02',5201,0),(623,18,'2014-05-03',5203,0),(624,18,'2014-05-04',5206,0),(625,18,'2014-05-05',5207,0),(626,18,'2014-05-06',5205,0),(627,18,'2014-05-07',5208,0),(628,18,'2014-05-08',5213,0),(629,18,'2014-05-09',5215,0),(630,18,'2014-05-10',5217,0),(631,18,'2014-05-11',5218,0),(632,18,'2014-05-12',5213,0),(633,18,'2014-05-13',5213,0),(634,18,'2014-05-14',5213,0),(635,19,'2014-04-14',2827,0),(636,19,'2014-01-01',2740,0),(637,19,'2014-02-01',2767,0),(638,19,'2014-03-01',2787,0),(639,19,'2014-04-01',2815,0),(640,19,'2014-04-15',2828,0),(641,19,'2014-04-16',2828,0),(642,19,'2014-04-17',2829,0),(643,19,'2014-04-18',2830,0),(644,19,'2014-04-19',2832,0),(645,19,'2014-04-20',2834,0),(646,19,'2014-04-21',2833,0),(647,19,'2014-04-22',2833,0),(648,19,'2014-04-23',2835,0),(649,19,'2014-04-24',2837,0),(650,19,'2014-04-25',2837,0),(651,19,'2014-04-26',2837,0),(652,19,'2014-04-27',2836,0),(653,19,'2014-04-28',2836,0),(654,19,'2014-04-29',2835,0),(655,19,'2014-04-30',2840,0),(656,19,'2014-05-01',2843,0),(657,19,'2014-05-02',2847,0),(658,19,'2014-05-03',2848,0),(659,19,'2014-05-04',2847,0),(660,19,'2014-05-05',2847,0),(661,19,'2014-05-06',2846,0),(662,19,'2014-05-07',2845,0),(663,19,'2014-05-08',2845,0),(664,19,'2014-05-09',2845,0),(665,19,'2014-05-10',2844,0),(666,19,'2014-05-11',2845,0),(667,19,'2014-05-12',2848,0),(668,19,'2014-05-13',2847,0),(669,19,'2014-05-14',2847,0),(670,20,'2014-04-14',3032,0),(671,20,'2014-01-01',2810,0),(672,20,'2014-02-01',2900,0),(673,20,'2014-03-01',2962,0),(674,20,'2014-04-01',3005,0),(675,20,'2014-04-15',3034,0),(676,20,'2014-04-16',3035,0),(677,20,'2014-04-17',3036,0),(678,20,'2014-04-18',3037,0),(679,20,'2014-04-19',3035,0),(680,20,'2014-04-20',3037,0),(681,20,'2014-04-21',3037,0),(682,20,'2014-04-22',3039,0),(683,20,'2014-04-23',3039,0),(684,20,'2014-04-24',3041,0),(685,20,'2014-04-25',3049,0),(686,20,'2014-04-26',3049,0),(687,20,'2014-04-27',3048,0),(688,20,'2014-04-28',3049,0),(689,20,'2014-04-29',3050,0),(690,20,'2014-04-30',3052,0),(691,20,'2014-05-01',3052,0),(692,20,'2014-05-02',3055,0),(693,20,'2014-05-03',3053,0),(694,20,'2014-05-04',3052,0),(695,20,'2014-05-05',3053,0),(696,20,'2014-05-06',3054,0),(697,20,'2014-05-07',3054,0),(698,20,'2014-05-08',3055,0),(699,20,'2014-05-09',3056,0),(700,20,'2014-05-10',3057,0),(701,20,'2014-05-11',3061,0),(702,20,'2014-05-12',3061,0),(703,20,'2014-05-13',3062,0),(704,20,'2014-05-14',3063,0),(705,21,'2014-04-14',185,0),(706,21,'2014-01-01',104,0),(707,21,'2014-02-01',117,0),(708,21,'2014-03-01',150,0),(709,21,'2014-04-01',175,0),(710,21,'2014-04-15',185,0),(711,21,'2014-04-16',186,0),(712,21,'2014-04-17',188,0),(713,21,'2014-04-18',188,0),(714,21,'2014-04-19',188,0),(715,21,'2014-04-20',189,0),(716,21,'2014-04-21',189,0),(717,21,'2014-04-22',190,0),(718,21,'2014-04-23',191,0),(719,21,'2014-04-24',192,0),(720,21,'2014-04-25',192,0),(721,21,'2014-04-26',193,0),(722,21,'2014-04-27',193,0),(723,21,'2014-04-28',193,0),(724,21,'2014-04-29',198,0),(725,21,'2014-04-30',199,0),(726,21,'2014-05-01',202,0),(727,21,'2014-05-02',202,0),(728,21,'2014-05-03',203,0),(729,21,'2014-05-04',203,0),(730,21,'2014-05-05',203,0),(731,21,'2014-05-06',207,0),(732,21,'2014-05-07',207,0),(733,21,'2014-05-08',207,0),(734,21,'2014-05-09',207,0),(735,21,'2014-05-10',208,0),(736,21,'2014-05-11',208,0),(737,21,'2014-05-12',208,0),(738,21,'2014-05-13',208,0),(739,21,'2014-05-14',208,0),(740,22,'2014-04-14',527,0),(741,22,'2014-01-01',492,0),(742,22,'2014-02-01',496,0),(743,22,'2014-03-01',507,0),(744,22,'2014-04-01',524,0),(745,22,'2014-04-15',527,0),(746,22,'2014-04-16',528,0),(747,22,'2014-04-17',528,0),(748,22,'2014-04-18',528,0),(749,22,'2014-04-19',528,0),(750,22,'2014-04-20',530,0),(751,22,'2014-04-21',530,0),(752,22,'2014-04-22',530,0),(753,22,'2014-04-23',530,0),(754,22,'2014-04-24',532,0),(755,22,'2014-04-25',533,0),(756,22,'2014-04-26',533,0),(757,22,'2014-04-27',533,0),(758,22,'2014-04-28',533,0),(759,22,'2014-04-29',533,0),(760,22,'2014-04-30',533,0),(761,22,'2014-05-01',533,0),(762,22,'2014-05-02',533,0),(763,22,'2014-05-03',533,0),(764,22,'2014-05-04',533,0),(765,22,'2014-05-05',533,0),(766,22,'2014-05-06',533,0),(767,22,'2014-05-07',533,0),(768,22,'2014-05-08',533,0),(769,22,'2014-05-09',533,0),(770,22,'2014-05-10',533,0),(771,22,'2014-05-11',533,0),(772,22,'2014-05-12',535,0),(773,22,'2014-05-13',536,0),(774,22,'2014-05-14',536,0),(775,23,'2014-04-14',698,0),(776,23,'2014-01-01',269,0),(777,23,'2014-02-01',267,0),(778,23,'2014-03-01',279,0),(779,23,'2014-04-01',485,0),(780,23,'2014-04-15',699,0),(781,23,'2014-04-16',698,0),(782,23,'2014-04-17',698,0),(783,23,'2014-04-18',698,0),(784,23,'2014-04-19',698,0),(785,23,'2014-04-20',698,0),(786,23,'2014-04-21',697,0),(787,23,'2014-04-22',697,0),(788,23,'2014-04-23',697,1),(789,23,'2014-04-24',697,0),(790,23,'2014-04-25',699,0),(791,23,'2014-04-26',699,0),(792,23,'2014-04-27',699,0),(793,23,'2014-04-28',699,0),(794,23,'2014-04-29',699,0),(795,23,'2014-04-30',699,0),(796,23,'2014-05-01',699,0),(797,23,'2014-05-02',699,0),(798,23,'2014-05-03',699,0),(799,23,'2014-05-04',701,0),(800,23,'2014-05-05',701,0),(801,23,'2014-05-06',702,0),(802,23,'2014-05-07',702,0),(803,23,'2014-05-08',703,0),(804,23,'2014-05-09',704,0),(805,23,'2014-05-10',705,0),(806,23,'2014-05-11',706,0),(807,23,'2014-05-12',707,0),(808,23,'2014-05-13',707,0),(809,23,'2014-05-14',707,0),(810,24,'2014-04-14',550,0),(811,24,'2014-03-01',278,0),(812,24,'2014-04-01',363,0),(813,24,'2014-04-15',593,0),(814,24,'2014-04-16',634,0),(815,24,'2014-04-17',693,0),(816,24,'2014-04-18',754,0),(817,24,'2014-04-19',796,0),(818,24,'2014-04-20',842,0),(819,24,'2014-04-21',844,0),(820,24,'2014-04-22',846,0),(821,24,'2014-04-23',850,0),(822,24,'2014-04-24',851,0),(823,24,'2014-04-25',851,0),(824,24,'2014-04-26',856,0),(825,24,'2014-04-27',857,0),(826,24,'2014-04-28',862,0),(827,24,'2014-04-29',865,0),(828,24,'2014-04-30',869,0),(829,24,'2014-05-01',871,0),(830,24,'2014-05-02',875,0),(831,24,'2014-05-03',875,0),(832,24,'2014-05-04',876,0),(833,24,'2014-05-05',877,0),(834,24,'2014-05-06',877,0),(835,24,'2014-05-07',878,0),(836,24,'2014-05-08',878,0),(837,24,'2014-05-09',878,0),(838,24,'2014-05-10',880,0),(839,24,'2014-05-11',884,0),(840,24,'2014-05-12',888,0),(841,24,'2014-05-13',893,0),(842,24,'2014-05-14',892,0),(843,25,'2014-04-15',1691,0),(844,25,'2014-04-16',1691,0),(845,25,'2014-04-17',1691,0),(846,25,'2014-04-18',1691,0),(847,25,'2014-04-19',1691,0),(848,25,'2014-04-20',1691,0),(849,25,'2014-04-21',1691,0),(850,25,'2014-04-22',1691,0),(851,25,'2014-04-23',1691,0),(852,25,'2014-04-24',1691,0),(853,25,'2014-04-25',1692,0),(854,25,'2014-04-26',1691,0),(855,25,'2014-04-27',1692,0),(856,25,'2014-04-28',1690,0),(857,25,'2014-04-29',1690,0),(858,25,'2014-04-30',1690,0),(859,25,'2014-05-01',1689,0),(860,25,'2014-05-02',1689,0),(861,25,'2014-05-03',1689,0),(862,25,'2014-05-04',1688,0),(863,25,'2014-05-05',1688,0),(864,25,'2014-05-06',1687,0),(865,25,'2014-05-07',1687,0),(866,25,'2014-05-08',1688,0),(867,25,'2014-05-09',1688,0),(868,25,'2014-05-10',1688,0),(869,25,'2014-05-11',1688,0),(870,25,'2014-05-12',1688,0),(871,25,'2014-05-13',1687,0),(872,25,'2014-05-14',1687,0),(873,26,'2014-05-01',79,0),(874,26,'2014-05-02',79,0),(875,26,'2014-05-03',79,0),(876,26,'2014-05-04',79,0),(877,26,'2014-05-05',79,0),(878,26,'2014-05-06',79,0),(879,26,'2014-05-07',79,0),(880,26,'2014-05-08',79,0),(881,26,'2014-05-09',79,0),(882,26,'2014-05-10',79,0),(883,26,'2014-05-11',79,0),(884,26,'2014-05-12',81,0),(885,26,'2014-05-13',81,0),(886,26,'2014-05-14',81,0),(887,27,'2014-05-03',93,0),(888,27,'2014-05-04',93,0),(889,27,'2014-05-05',93,0),(890,27,'2014-05-06',93,0),(891,27,'2014-05-07',93,0),(892,27,'2014-05-08',93,0),(893,27,'2014-05-09',93,0),(894,27,'2014-05-10',93,0),(895,27,'2014-05-11',93,0),(896,27,'2014-05-12',93,0),(897,27,'2014-05-13',93,0),(898,27,'2014-05-14',93,0),(899,28,'2014-05-03',71162,0),(900,28,'2014-05-04',71206,0),(901,28,'2014-05-05',71244,0),(902,28,'2014-05-06',71309,0),(903,28,'2014-05-07',71376,0),(904,28,'2014-05-08',71429,0),(905,28,'2014-05-09',71472,0),(906,28,'2014-05-10',71527,0),(907,28,'2014-05-11',71577,0),(908,28,'2014-05-12',71625,0),(909,28,'2014-05-13',71652,0),(910,28,'2014-05-14',71677,0),(911,29,'2014-05-08',879,0),(912,29,'2014-05-09',877,0),(913,29,'2014-05-10',877,0),(914,29,'2014-05-11',877,0),(915,29,'2014-05-12',877,0),(916,29,'2014-05-13',878,0),(917,29,'2014-05-14',878,0),(918,30,'2014-05-08',519,0),(919,30,'2014-05-09',519,0),(920,30,'2014-05-10',519,0),(921,30,'2014-05-11',519,0),(922,30,'2014-05-12',519,0),(923,30,'2014-05-13',521,0),(924,30,'2014-05-14',524,0),(925,1,'2014-05-15',1425,0),(926,2,'2014-05-15',2310,0),(927,3,'2014-05-15',2580,0),(928,4,'2014-05-15',5561,0),(929,5,'2014-05-15',1481,0),(930,6,'2014-05-15',707,0),(931,7,'2014-05-15',2511,0),(932,8,'2014-05-15',732,0),(933,9,'2014-05-15',1222,0),(934,10,'2014-05-15',3285,0),(935,11,'2014-05-15',1237,0),(936,12,'2014-05-15',281,0),(937,13,'2014-05-15',1845,0),(938,14,'2014-05-15',3151,0),(939,15,'2014-05-15',2697,0),(940,16,'2014-05-15',953,0),(941,17,'2014-05-15',1938,0),(942,18,'2014-05-15',5216,0),(943,19,'2014-05-15',2848,0),(944,20,'2014-05-15',3062,0),(945,21,'2014-05-15',208,0),(946,22,'2014-05-15',536,0),(947,23,'2014-05-15',707,0),(948,24,'2014-05-15',894,0),(949,25,'2014-05-15',1687,0),(950,26,'2014-05-15',81,0),(951,27,'2014-05-15',93,0),(952,28,'2014-05-15',71712,0),(953,29,'2014-05-15',879,0),(954,30,'2014-05-15',525,0),(955,31,'2014-05-15',3157,0),(956,33,'2014-05-15',9020,0),(957,34,'2014-05-15',1311,0),(958,35,'2014-05-15',3461,0),(959,36,'2014-05-15',6791,0),(960,37,'2014-05-15',4300,0),(961,38,'2014-05-15',2520,0),(962,39,'2014-05-15',4745,0),(963,40,'2014-05-15',4650,0),(964,41,'2014-05-15',1381,0),(965,42,'2014-05-15',3643,0),(966,43,'2014-05-15',4141,0),(967,44,'2014-05-15',2993,0),(968,45,'2014-05-15',2057,0),(969,46,'2014-05-15',3825,0),(970,47,'2014-05-15',11210,0),(971,48,'2014-05-15',730,0),(972,49,'2014-05-15',4342,0),(973,1,'2014-05-16',1425,0),(974,2,'2014-05-16',2311,0),(975,3,'2014-05-16',2582,0),(976,4,'2014-05-16',5561,0),(977,5,'2014-05-16',1483,0),(978,6,'2014-05-16',707,0),(979,7,'2014-05-16',2514,0),(980,8,'2014-05-16',732,0),(981,9,'2014-05-16',1222,0),(982,10,'2014-05-16',3297,0),(983,11,'2014-05-16',1237,0),(984,12,'2014-05-16',284,0),(985,13,'2014-05-16',1844,0),(986,14,'2014-05-16',3153,0),(987,15,'2014-05-16',2697,0),(988,16,'2014-05-16',953,0),(989,17,'2014-05-16',1949,0),(990,18,'2014-05-16',5213,0),(991,19,'2014-05-16',2849,0),(992,20,'2014-05-16',3063,0),(993,21,'2014-05-16',207,0),(994,22,'2014-05-16',537,0),(995,23,'2014-05-16',707,0),(996,24,'2014-05-16',896,0),(997,25,'2014-05-16',1688,0),(998,26,'2014-05-16',81,0),(999,27,'2014-05-16',93,0),(1000,28,'2014-05-16',71740,0),(1001,29,'2014-05-16',885,0),(1002,30,'2014-05-16',526,0),(1003,31,'2014-05-16',3160,0),(1004,33,'2014-05-16',9022,0),(1005,34,'2014-05-16',1311,0),(1006,35,'2014-05-16',3466,0),(1007,36,'2014-05-16',6792,0),(1008,37,'2014-05-16',4302,0),(1009,38,'2014-05-16',2521,0),(1010,39,'2014-05-16',4745,0),(1011,40,'2014-05-16',4652,0),(1012,41,'2014-05-16',1381,0),(1013,42,'2014-05-16',3644,0),(1014,43,'2014-05-16',4145,0),(1015,44,'2014-05-16',2995,0),(1016,45,'2014-05-16',2057,0),(1017,46,'2014-05-16',3825,0),(1018,47,'2014-05-16',11210,0),(1019,48,'2014-05-16',731,0),(1020,49,'2014-05-16',4343,0),(1021,1,'2014-05-17',1425,0),(1022,2,'2014-05-17',2308,0),(1023,3,'2014-05-17',2584,0),(1024,4,'2014-05-17',5562,0),(1025,5,'2014-05-17',1485,0),(1026,6,'2014-05-17',709,0),(1027,7,'2014-05-17',2526,0),(1028,8,'2014-05-17',732,0),(1029,9,'2014-05-17',1220,0),(1030,10,'2014-05-17',3309,0),(1031,11,'2014-05-17',1239,0),(1032,12,'2014-05-17',292,0),(1033,13,'2014-05-17',1845,0),(1034,14,'2014-05-17',3157,0),(1035,15,'2014-05-17',2697,0),(1036,16,'2014-05-17',955,0),(1037,17,'2014-05-17',1961,0),(1038,18,'2014-05-17',5218,0),(1039,19,'2014-05-17',2848,0),(1040,20,'2014-05-17',3064,0),(1041,21,'2014-05-17',212,0),(1042,22,'2014-05-17',537,0),(1043,23,'2014-05-17',707,0),(1044,24,'2014-05-17',895,0),(1045,25,'2014-05-17',1689,0),(1046,26,'2014-05-17',81,0),(1047,27,'2014-05-17',93,0),(1048,28,'2014-05-17',71780,0),(1049,29,'2014-05-17',886,0),(1050,30,'2014-05-17',528,1),(1051,31,'2014-05-17',3161,0),(1052,33,'2014-05-17',9026,0),(1053,34,'2014-05-17',1310,0),(1054,35,'2014-05-17',3469,0),(1055,36,'2014-05-17',6794,0),(1056,37,'2014-05-17',4304,0),(1057,38,'2014-05-17',2522,0),(1058,39,'2014-05-17',4744,0),(1059,40,'2014-05-17',4652,0),(1060,41,'2014-05-17',1381,0),(1061,42,'2014-05-17',3647,0),(1062,43,'2014-05-17',4145,0),(1063,44,'2014-05-17',3003,0),(1064,45,'2014-05-17',2057,0),(1065,46,'2014-05-17',3824,0),(1066,47,'2014-05-17',11210,1),(1067,48,'2014-05-17',731,0),(1068,49,'2014-05-17',4344,0),(1069,50,'2014-05-17',6165,0),(1070,51,'2014-05-17',1723,0),(1071,52,'2014-05-17',2765,0),(1072,53,'2014-05-17',1201,0),(1073,54,'2014-05-17',670,0),(1074,55,'2014-05-17',1608,0),(1075,56,'2014-05-17',2053,0),(1076,57,'2014-05-17',2127,0),(1077,58,'2014-05-17',1792,0),(1078,59,'2014-05-17',7563,0),(1079,60,'2014-05-17',1775,0),(1080,61,'2014-05-17',896,0),(1081,62,'2014-05-17',2009,0),(1082,63,'2014-05-17',2345,0),(1083,64,'2014-05-17',11563,0),(1084,65,'2014-05-17',4431,0),(1085,66,'2014-05-17',1346,0),(1086,68,'2014-05-17',1449,0),(1087,69,'2014-05-17',247,0),(1088,70,'2014-05-17',3018,0),(1089,73,'2014-05-17',967,0),(1090,74,'2014-05-17',3662,0),(1091,75,'2014-05-17',1016,1),(1092,76,'2014-05-17',1120,0),(1093,77,'2014-05-17',740,0),(1094,78,'2014-05-17',327,0),(1095,79,'2014-05-17',243,0),(1096,80,'2014-05-17',468,0),(1097,81,'2014-05-17',248,0),(1098,82,'2014-05-17',17,0),(1099,83,'2014-05-17',410,0),(1100,84,'2014-05-17',2343,0),(1101,85,'2014-05-17',5856,0),(1102,86,'2014-05-17',843,0),(1103,87,'2014-05-17',7631,0),(1104,90,'2014-05-17',801,0),(1105,91,'2014-05-17',7891,0),(1106,92,'2014-05-17',843,0),(1107,93,'2014-05-17',4236,0),(1108,94,'2014-05-17',2373,0),(1109,95,'2014-05-17',2042,0),(1110,96,'2014-05-17',675,0),(1111,97,'2014-05-17',368,0),(1112,98,'2014-05-17',731,0),(1113,99,'2014-05-17',574,0),(1114,88,'2014-05-17',1415,0),(1115,1,'2014-05-18',1424,0),(1116,2,'2014-05-18',2311,0),(1117,3,'2014-05-18',2584,0),(1118,4,'2014-05-18',5566,0),(1119,5,'2014-05-18',1485,0),(1120,6,'2014-05-18',710,0),(1121,7,'2014-05-18',2530,0),(1122,8,'2014-05-18',732,0),(1123,9,'2014-05-18',1225,0),(1124,10,'2014-05-18',3322,0),(1125,11,'2014-05-18',1239,0),(1126,12,'2014-05-18',307,0),(1127,13,'2014-05-18',1848,0),(1128,14,'2014-05-18',3157,0),(1129,15,'2014-05-18',2697,0),(1130,16,'2014-05-18',958,0),(1131,17,'2014-05-18',1970,0),(1132,18,'2014-05-18',5219,0),(1133,19,'2014-05-18',2851,0),(1134,20,'2014-05-18',3064,0),(1135,21,'2014-05-18',212,0),(1136,22,'2014-05-18',537,0),(1137,23,'2014-05-18',706,0),(1138,24,'2014-05-18',895,0),(1139,25,'2014-05-18',1689,0),(1140,26,'2014-05-18',81,0),(1141,27,'2014-05-18',93,0),(1142,28,'2014-05-18',71813,0),(1143,29,'2014-05-18',886,0),(1144,30,'2014-05-18',528,0),(1145,31,'2014-05-18',3162,0),(1146,33,'2014-05-18',9028,0),(1147,34,'2014-05-18',1310,0),(1148,35,'2014-05-18',3471,0),(1149,36,'2014-05-18',6794,0),(1150,37,'2014-05-18',4304,0),(1151,38,'2014-05-18',2522,0),(1152,39,'2014-05-18',4747,0),(1153,40,'2014-05-18',4651,0),(1154,41,'2014-05-18',1381,0),(1155,42,'2014-05-18',3650,0),(1156,43,'2014-05-18',4145,1),(1157,44,'2014-05-18',3006,0),(1158,45,'2014-05-18',2057,0),(1159,46,'2014-05-18',3828,0),(1160,47,'2014-05-18',11209,0),(1161,48,'2014-05-18',731,0),(1162,49,'2014-05-18',4345,0),(1163,50,'2014-05-18',6164,0),(1164,51,'2014-05-18',1723,0),(1165,52,'2014-05-18',2765,0),(1166,53,'2014-05-18',1201,0),(1167,54,'2014-05-18',673,0),(1168,55,'2014-05-18',1608,0),(1169,56,'2014-05-18',2054,0),(1170,57,'2014-05-18',2128,0),(1171,58,'2014-05-18',1794,0),(1172,59,'2014-05-18',7570,0),(1173,60,'2014-05-18',1775,0),(1174,61,'2014-05-18',896,0),(1175,62,'2014-05-18',2009,0),(1176,63,'2014-05-18',2347,0),(1177,64,'2014-05-18',11562,0),(1178,65,'2014-05-18',4433,0),(1179,66,'2014-05-18',1347,0),(1180,68,'2014-05-18',1450,0),(1181,69,'2014-05-18',247,0),(1182,70,'2014-05-18',3018,0),(1183,73,'2014-05-18',977,0),(1184,74,'2014-05-18',3692,0),(1185,75,'2014-05-18',1016,0),(1186,76,'2014-05-18',1120,0),(1187,77,'2014-05-18',740,0),(1188,78,'2014-05-18',326,0),(1189,79,'2014-05-18',243,0),(1190,80,'2014-05-18',469,0),(1191,81,'2014-05-18',248,0),(1192,82,'2014-05-18',18,0),(1193,83,'2014-05-18',410,0),(1194,84,'2014-05-18',2347,0),(1195,85,'2014-05-18',5854,0),(1196,86,'2014-05-18',843,0),(1197,87,'2014-05-18',7633,0),(1198,88,'2014-05-18',1417,0),(1199,90,'2014-05-18',801,0),(1200,91,'2014-05-18',7895,0),(1201,92,'2014-05-18',844,0),(1202,93,'2014-05-18',4237,0),(1203,94,'2014-05-18',2374,0),(1204,95,'2014-05-18',2044,0),(1205,96,'2014-05-18',675,0),(1206,97,'2014-05-18',368,0),(1207,98,'2014-05-18',731,0),(1208,99,'2014-05-18',574,0),(1209,1,'2014-05-19',1425,0),(1210,2,'2014-05-19',2312,0),(1211,3,'2014-05-19',2584,0),(1212,4,'2014-05-19',5566,0),(1213,5,'2014-05-19',1486,0),(1214,6,'2014-05-19',710,0),(1215,7,'2014-05-19',2532,0),(1216,8,'2014-05-19',731,0),(1217,9,'2014-05-19',1226,0),(1218,10,'2014-05-19',3331,0),(1219,11,'2014-05-19',1240,0),(1220,12,'2014-05-19',320,0),(1221,13,'2014-05-19',1849,0),(1222,14,'2014-05-19',3163,0),(1223,15,'2014-05-19',2700,0),(1224,16,'2014-05-19',960,0),(1225,17,'2014-05-19',1979,0),(1226,18,'2014-05-19',5222,0),(1227,19,'2014-05-19',2852,0),(1228,20,'2014-05-19',3067,0),(1229,21,'2014-05-19',213,0),(1230,22,'2014-05-19',537,0),(1231,23,'2014-05-19',706,0),(1232,24,'2014-05-19',896,0),(1233,25,'2014-05-19',1689,0),(1234,26,'2014-05-19',81,0),(1235,27,'2014-05-19',93,0),(1236,28,'2014-05-19',71827,0),(1237,29,'2014-05-19',886,0),(1238,30,'2014-05-19',529,0),(1239,31,'2014-05-19',3163,0),(1240,33,'2014-05-19',9029,0),(1241,34,'2014-05-19',1311,0),(1242,35,'2014-05-19',3472,0),(1243,36,'2014-05-19',6794,0),(1244,37,'2014-05-19',4308,0),(1245,38,'2014-05-19',2522,0),(1246,39,'2014-05-19',4748,0),(1247,40,'2014-05-19',4652,0),(1248,41,'2014-05-19',1381,0),(1249,42,'2014-05-19',3653,0),(1250,43,'2014-05-19',4144,0),(1251,44,'2014-05-19',3008,0),(1252,45,'2014-05-19',2057,0),(1253,46,'2014-05-19',3832,0),(1254,47,'2014-05-19',11210,0),(1255,48,'2014-05-19',732,0),(1256,49,'2014-05-19',4346,0),(1257,50,'2014-05-19',6172,0),(1258,51,'2014-05-19',1724,0),(1259,52,'2014-05-19',2772,1),(1260,53,'2014-05-19',1201,1),(1261,54,'2014-05-19',674,0),(1262,55,'2014-05-19',1609,0),(1263,56,'2014-05-19',2054,0),(1264,57,'2014-05-19',2131,0),(1265,58,'2014-05-19',1795,0),(1266,59,'2014-05-19',7583,0),(1267,60,'2014-05-19',1775,0),(1268,61,'2014-05-19',896,0),(1269,62,'2014-05-19',2008,1),(1270,63,'2014-05-19',2349,0),(1271,64,'2014-05-19',11565,0),(1272,65,'2014-05-19',4439,0),(1273,66,'2014-05-19',1347,1),(1274,68,'2014-05-19',1451,0),(1275,69,'2014-05-19',247,0),(1276,70,'2014-05-19',3018,0),(1277,73,'2014-05-19',992,0),(1278,74,'2014-05-19',3732,0),(1279,75,'2014-05-19',1015,0),(1280,76,'2014-05-19',1124,0),(1281,77,'2014-05-19',740,0),(1282,78,'2014-05-19',328,0),(1283,79,'2014-05-19',243,1),(1284,80,'2014-05-19',471,0),(1285,81,'2014-05-19',248,0),(1286,82,'2014-05-19',18,0),(1287,83,'2014-05-19',411,0),(1288,84,'2014-05-19',2351,0),(1289,85,'2014-05-19',5861,0),(1290,86,'2014-05-19',843,0),(1291,87,'2014-05-19',7636,0),(1292,88,'2014-05-19',1421,0),(1293,90,'2014-05-19',801,0),(1294,91,'2014-05-19',7894,0),(1295,92,'2014-05-19',845,0),(1296,93,'2014-05-19',4239,0),(1297,94,'2014-05-19',2376,0),(1298,95,'2014-05-19',2045,0),(1299,96,'2014-05-19',678,0),(1300,97,'2014-05-19',370,0),(1301,98,'2014-05-19',731,0),(1302,99,'2014-05-19',574,0),(1303,101,'2014-05-19',65,0),(1304,102,'2014-05-19',3546,0),(1305,103,'2014-05-19',500,0),(1306,104,'2014-05-19',2886,0),(1307,106,'2014-05-19',1056,0),(1308,1,'2014-05-20',1426,0),(1309,2,'2014-05-20',2313,0),(1310,3,'2014-05-20',2583,0),(1311,4,'2014-05-20',5572,0),(1312,5,'2014-05-20',1487,0),(1313,6,'2014-05-20',712,0),(1314,7,'2014-05-20',2534,0),(1315,8,'2014-05-20',731,0),(1316,9,'2014-05-20',1226,0),(1317,10,'2014-05-20',3341,0),(1318,11,'2014-05-20',1240,0),(1319,12,'2014-05-20',342,0),(1320,13,'2014-05-20',1851,0),(1321,14,'2014-05-20',3163,0),(1322,15,'2014-05-20',2701,0),(1323,16,'2014-05-20',963,0),(1324,17,'2014-05-20',2000,0),(1325,18,'2014-05-20',5224,0),(1326,19,'2014-05-20',2852,0),(1327,20,'2014-05-20',3068,0),(1328,21,'2014-05-20',214,0),(1329,22,'2014-05-20',537,0),(1330,23,'2014-05-20',707,0),(1331,24,'2014-05-20',897,0),(1332,25,'2014-05-20',1689,0),(1333,26,'2014-05-20',81,0),(1334,27,'2014-05-20',93,0),(1335,28,'2014-05-20',71861,0),(1336,29,'2014-05-20',886,0),(1337,30,'2014-05-20',529,0),(1338,31,'2014-05-20',3163,0),(1339,33,'2014-05-20',9031,0),(1340,34,'2014-05-20',1311,0),(1341,35,'2014-05-20',3471,1),(1342,36,'2014-05-20',6796,0),(1343,37,'2014-05-20',4309,0),(1344,38,'2014-05-20',2522,0),(1345,39,'2014-05-20',4750,0),(1346,40,'2014-05-20',4654,0),(1347,41,'2014-05-20',1381,0),(1348,42,'2014-05-20',3654,0),(1349,43,'2014-05-20',4146,0),(1350,44,'2014-05-20',3008,0),(1351,45,'2014-05-20',2057,0),(1352,46,'2014-05-20',3832,0),(1353,47,'2014-05-20',11211,0),(1354,48,'2014-05-20',732,0),(1355,49,'2014-05-20',4347,0),(1356,50,'2014-05-20',6174,0),(1357,51,'2014-05-20',1723,1),(1358,52,'2014-05-20',2774,0),(1359,53,'2014-05-20',1200,0),(1360,54,'2014-05-20',674,0),(1361,55,'2014-05-20',1611,0),(1362,56,'2014-05-20',2054,0),(1363,57,'2014-05-20',2132,1),(1364,58,'2014-05-20',1795,0),(1365,59,'2014-05-20',7592,0),(1366,60,'2014-05-20',1774,0),(1367,61,'2014-05-20',896,0),(1368,62,'2014-05-20',2009,0),(1369,63,'2014-05-20',2349,0),(1370,64,'2014-05-20',11568,0),(1371,65,'2014-05-20',4447,0),(1372,66,'2014-05-20',1351,0),(1373,68,'2014-05-20',1451,0),(1374,69,'2014-05-20',248,0),(1375,70,'2014-05-20',3019,0),(1376,73,'2014-05-20',1009,0),(1377,74,'2014-05-20',3751,0),(1378,75,'2014-05-20',1015,0),(1379,76,'2014-05-20',1129,0),(1380,77,'2014-05-20',740,0),(1381,78,'2014-05-20',330,0),(1382,79,'2014-05-20',243,0),(1383,80,'2014-05-20',471,0),(1384,81,'2014-05-20',248,1),(1385,82,'2014-05-20',18,0),(1386,83,'2014-05-20',412,0),(1387,84,'2014-05-20',2354,0),(1388,85,'2014-05-20',5864,0),(1389,86,'2014-05-20',844,0),(1390,87,'2014-05-20',7637,0),(1391,88,'2014-05-20',1427,0),(1392,90,'2014-05-20',801,0),(1393,91,'2014-05-20',7900,0),(1394,92,'2014-05-20',847,1),(1395,93,'2014-05-20',4243,0),(1396,94,'2014-05-20',2377,0),(1397,95,'2014-05-20',2045,0),(1398,96,'2014-05-20',678,0),(1399,97,'2014-05-20',370,0),(1400,98,'2014-05-20',731,0),(1401,99,'2014-05-20',574,0),(1402,101,'2014-05-20',65,0),(1403,102,'2014-05-20',3548,0),(1404,103,'2014-05-20',500,0),(1405,104,'2014-05-20',2888,0),(1406,106,'2014-05-20',1056,0),(1407,1,'2014-05-21',1426,0),(1408,2,'2014-05-21',2313,0),(1409,3,'2014-05-21',2584,0),(1410,4,'2014-05-21',5574,0),(1411,5,'2014-05-21',1487,0),(1412,6,'2014-05-21',712,0),(1413,7,'2014-05-21',2538,0),(1414,8,'2014-05-21',733,0),(1415,9,'2014-05-21',1229,0),(1416,10,'2014-05-21',3354,0),(1417,11,'2014-05-21',1240,0),(1418,12,'2014-05-21',352,0),(1419,13,'2014-05-21',1852,0),(1420,14,'2014-05-21',3163,0),(1421,15,'2014-05-21',2702,0),(1422,16,'2014-05-21',963,0),(1423,17,'2014-05-21',2007,0),(1424,18,'2014-05-21',5227,0),(1425,19,'2014-05-21',2852,0),(1426,20,'2014-05-21',3068,0),(1427,21,'2014-05-21',216,0),(1428,22,'2014-05-21',537,0),(1429,23,'2014-05-21',707,0),(1430,24,'2014-05-21',897,0),(1431,25,'2014-05-21',1689,0),(1432,26,'2014-05-21',81,1),(1433,27,'2014-05-21',93,0),(1434,28,'2014-05-21',71888,0),(1435,29,'2014-05-21',886,1),(1436,30,'2014-05-21',529,0),(1437,31,'2014-05-21',3164,0),(1438,33,'2014-05-21',9031,0),(1439,34,'2014-05-21',1313,0),(1440,35,'2014-05-21',3472,0),(1441,36,'2014-05-21',6795,0),(1442,37,'2014-05-21',4309,0),(1443,38,'2014-05-21',2523,0),(1444,39,'2014-05-21',4751,0),(1445,40,'2014-05-21',4656,0),(1446,41,'2014-05-21',1381,0),(1447,42,'2014-05-21',3654,0),(1448,43,'2014-05-21',4147,0),(1449,44,'2014-05-21',3011,0),(1450,45,'2014-05-21',2057,0),(1451,46,'2014-05-21',3833,1),(1452,47,'2014-05-21',11210,0),(1453,48,'2014-05-21',732,0),(1454,49,'2014-05-21',4347,0),(1455,50,'2014-05-21',6176,0),(1456,51,'2014-05-21',1722,0),(1457,52,'2014-05-21',2774,0),(1458,53,'2014-05-21',1200,0),(1459,54,'2014-05-21',673,0),(1460,55,'2014-05-21',1610,0),(1461,56,'2014-05-21',2054,0),(1462,57,'2014-05-21',2132,0),(1463,58,'2014-05-21',1795,0),(1464,59,'2014-05-21',7600,0),(1465,60,'2014-05-21',1774,0),(1466,61,'2014-05-21',896,0),(1467,62,'2014-05-21',2009,0),(1468,63,'2014-05-21',2350,0),(1469,64,'2014-05-21',11571,0),(1470,65,'2014-05-21',4454,0),(1471,66,'2014-05-21',1352,0),(1472,68,'2014-05-21',1451,0),(1473,69,'2014-05-21',248,0),(1474,70,'2014-05-21',3019,0),(1475,73,'2014-05-21',1022,0),(1476,74,'2014-05-21',3783,0),(1477,75,'2014-05-21',1015,0),(1478,76,'2014-05-21',1129,0),(1479,77,'2014-05-21',740,0),(1480,78,'2014-05-21',332,0),(1481,79,'2014-05-21',243,0),(1482,80,'2014-05-21',471,0),(1483,81,'2014-05-21',248,0),(1484,82,'2014-05-21',18,0),(1485,83,'2014-05-21',412,0),(1486,84,'2014-05-21',2356,0),(1487,85,'2014-05-21',5865,0),(1488,86,'2014-05-21',844,0),(1489,87,'2014-05-21',7638,0),(1490,88,'2014-05-21',1432,0),(1491,90,'2014-05-21',802,0),(1492,91,'2014-05-21',7903,1),(1493,92,'2014-05-21',847,0),(1494,93,'2014-05-21',4243,0),(1495,94,'2014-05-21',2378,0),(1496,95,'2014-05-21',2047,0),(1497,96,'2014-05-21',680,0),(1498,97,'2014-05-21',370,0),(1499,98,'2014-05-21',731,0),(1500,99,'2014-05-21',575,0),(1501,101,'2014-05-21',65,0),(1502,102,'2014-05-21',3548,0),(1503,103,'2014-05-21',501,1),(1504,104,'2014-05-21',2891,0),(1505,106,'2014-05-21',1058,0),(1506,107,'2014-05-21',2486,0),(1507,109,'2014-05-21',79,0),(1508,110,'2014-05-21',9149,0),(1509,111,'2014-05-21',1087,0),(1510,112,'2014-05-21',1804,0),(1511,113,'2014-05-21',631,0),(1512,114,'2014-05-21',759,0),(1513,115,'2014-05-21',586,1),(1514,116,'2014-05-21',5236,0),(1515,117,'2014-05-21',503,0),(1516,118,'2014-05-21',632,0),(1517,119,'2014-05-21',329,0),(1518,120,'2014-05-21',1423,0),(1519,121,'2014-05-21',351,0),(1520,123,'2014-05-21',1545,0),(1521,124,'2014-05-21',73,0),(1522,125,'2014-05-21',8103,0),(1523,126,'2014-05-21',857,0),(1524,127,'2014-05-21',554,0),(1525,128,'2014-05-21',679,0),(1526,129,'2014-05-21',6,0),(1527,130,'2014-05-21',403,0),(1528,131,'2014-05-21',122,0),(1529,132,'2014-05-21',117,0),(1530,133,'2014-05-21',245,0),(1531,1,'2014-05-22',1427,0),(1532,2,'2014-05-22',2313,1),(1533,3,'2014-05-22',2584,0),(1534,4,'2014-05-22',5574,0),(1535,5,'2014-05-22',1486,0),(1536,6,'2014-05-22',713,0),(1537,7,'2014-05-22',2541,0),(1538,8,'2014-05-22',733,0),(1539,9,'2014-05-22',1231,0),(1540,10,'2014-05-22',3367,0),(1541,11,'2014-05-22',1242,0),(1542,12,'2014-05-22',354,0),(1543,13,'2014-05-22',1851,0),(1544,14,'2014-05-22',3161,0),(1545,15,'2014-05-22',2703,0),(1546,16,'2014-05-22',965,0),(1547,17,'2014-05-22',2013,0),(1548,18,'2014-05-22',5226,0),(1549,19,'2014-05-22',2851,0),(1550,20,'2014-05-22',3066,0),(1551,21,'2014-05-22',216,0),(1552,22,'2014-05-22',536,0),(1553,23,'2014-05-22',707,0),(1554,24,'2014-05-22',897,0),(1555,25,'2014-05-22',1689,0),(1556,26,'2014-05-22',81,0),(1557,27,'2014-05-22',93,0),(1558,28,'2014-05-22',71902,0),(1559,29,'2014-05-22',886,0),(1560,30,'2014-05-22',529,0),(1561,31,'2014-05-22',3164,1),(1562,33,'2014-05-22',9032,0),(1563,34,'2014-05-22',1313,0),(1564,35,'2014-05-22',3471,0),(1565,36,'2014-05-22',6796,0),(1566,37,'2014-05-22',4310,0),(1567,38,'2014-05-22',2522,0),(1568,39,'2014-05-22',4754,0),(1569,40,'2014-05-22',4659,0),(1570,41,'2014-05-22',1380,0),(1571,42,'2014-05-22',3654,0),(1572,43,'2014-05-22',4147,0),(1573,44,'2014-05-22',3009,0),(1574,45,'2014-05-22',2056,1),(1575,46,'2014-05-22',3833,0),(1576,47,'2014-05-22',11208,0),(1577,48,'2014-05-22',732,0),(1578,49,'2014-05-22',4351,0),(1579,50,'2014-05-22',6183,0),(1580,51,'2014-05-22',1722,0),(1581,52,'2014-05-22',2774,0),(1582,53,'2014-05-22',1200,0),(1583,54,'2014-05-22',672,0),(1584,55,'2014-05-22',1610,1),(1585,56,'2014-05-22',2055,0),(1586,57,'2014-05-22',2132,0),(1587,58,'2014-05-22',1796,0),(1588,59,'2014-05-22',7602,0),(1589,60,'2014-05-22',1774,0),(1590,61,'2014-05-22',895,0),(1591,62,'2014-05-22',2009,0),(1592,63,'2014-05-22',2351,0),(1593,64,'2014-05-22',11569,0),(1594,65,'2014-05-22',4470,0),(1595,66,'2014-05-22',1352,0),(1596,68,'2014-05-22',1451,0),(1597,69,'2014-05-22',248,0),(1598,70,'2014-05-22',3019,0),(1599,73,'2014-05-22',1034,0),(1600,74,'2014-05-22',3821,0),(1601,75,'2014-05-22',1014,0),(1602,76,'2014-05-22',1129,0),(1603,77,'2014-05-22',740,1),(1604,78,'2014-05-22',333,0),(1605,79,'2014-05-22',243,0),(1606,80,'2014-05-22',471,0),(1607,81,'2014-05-22',248,0),(1608,82,'2014-05-22',18,0),(1609,83,'2014-05-22',412,0),(1610,84,'2014-05-22',2358,0),(1611,85,'2014-05-22',5869,0),(1612,86,'2014-05-22',843,0),(1613,87,'2014-05-22',7639,0),(1614,88,'2014-05-22',1431,1),(1615,90,'2014-05-22',802,0),(1616,91,'2014-05-22',7907,0),(1617,92,'2014-05-22',848,0),(1618,93,'2014-05-22',4248,0),(1619,94,'2014-05-22',2379,0),(1620,95,'2014-05-22',2047,0),(1621,96,'2014-05-22',680,0),(1622,97,'2014-05-22',371,0),(1623,98,'2014-05-22',730,0),(1624,99,'2014-05-22',576,0),(1625,101,'2014-05-22',65,0),(1626,102,'2014-05-22',3549,0),(1627,103,'2014-05-22',501,0),(1628,104,'2014-05-22',2891,0),(1629,106,'2014-05-22',1058,0),(1630,107,'2014-05-22',2486,0),(1631,109,'2014-05-22',82,0),(1632,110,'2014-05-22',9159,0),(1633,111,'2014-05-22',1087,1),(1634,112,'2014-05-22',1807,0),(1635,113,'2014-05-22',630,0),(1636,114,'2014-05-22',758,0),(1637,115,'2014-05-22',587,0),(1638,116,'2014-05-22',5237,0),(1639,117,'2014-05-22',503,0),(1640,118,'2014-05-22',632,0),(1641,119,'2014-05-22',329,0),(1642,120,'2014-05-22',1424,0),(1643,121,'2014-05-22',351,0),(1644,123,'2014-05-22',1544,1),(1645,124,'2014-05-22',73,0),(1646,125,'2014-05-22',8105,0),(1647,126,'2014-05-22',857,0),(1648,127,'2014-05-22',555,0),(1649,128,'2014-05-22',680,0),(1650,129,'2014-05-22',6,0),(1651,130,'2014-05-22',403,0),(1652,131,'2014-05-22',122,0),(1653,132,'2014-05-22',117,0),(1654,133,'2014-05-22',246,0),(1655,1,'2014-05-23',1426,1),(1656,2,'2014-05-23',2316,0),(1657,3,'2014-05-23',2586,0),(1658,4,'2014-05-23',5575,0),(1659,5,'2014-05-23',1488,1),(1660,6,'2014-05-23',713,1),(1661,7,'2014-05-23',2543,1),(1662,8,'2014-05-23',734,0),(1663,9,'2014-05-23',1233,1),(1664,10,'2014-05-23',3380,1),(1665,11,'2014-05-23',1242,0),(1666,12,'2014-05-23',360,0),(1667,13,'2014-05-23',1849,0),(1668,14,'2014-05-23',3158,1),(1669,15,'2014-05-23',2703,1),(1670,16,'2014-05-23',967,1),(1671,17,'2014-05-23',2019,1),(1672,18,'2014-05-23',5226,0),(1673,19,'2014-05-23',2852,1),(1674,20,'2014-05-23',3067,1),(1675,21,'2014-05-23',216,0),(1676,22,'2014-05-23',536,1),(1677,23,'2014-05-23',707,0),(1678,24,'2014-05-23',898,1),(1679,25,'2014-05-23',1689,1),(1680,26,'2014-05-23',81,0),(1681,27,'2014-05-23',93,0),(1682,28,'2014-05-23',71910,0),(1683,29,'2014-05-23',886,0),(1684,30,'2014-05-23',528,0),(1685,31,'2014-05-23',3167,0),(1686,33,'2014-05-23',9031,0),(1687,34,'2014-05-23',1313,0),(1688,35,'2014-05-23',3474,0),(1689,36,'2014-05-23',6797,0),(1690,37,'2014-05-23',4312,0),(1691,38,'2014-05-23',2522,1),(1692,39,'2014-05-23',4753,0),(1693,40,'2014-05-23',4659,0),(1694,41,'2014-05-23',1380,0),(1695,42,'2014-05-23',3654,0),(1696,43,'2014-05-23',4146,0),(1697,44,'2014-05-23',3007,0),(1698,45,'2014-05-23',2056,0),(1699,46,'2014-05-23',3833,0),(1700,47,'2014-05-23',11206,0),(1701,48,'2014-05-23',732,1),(1702,49,'2014-05-23',4353,1),(1703,50,'2014-05-23',6187,0),(1704,51,'2014-05-23',1721,0),(1705,52,'2014-05-23',2774,0),(1706,53,'2014-05-23',1200,0),(1707,54,'2014-05-23',672,0),(1708,55,'2014-05-23',1612,0),(1709,56,'2014-05-23',2057,0),(1710,57,'2014-05-23',2133,0),(1711,58,'2014-05-23',1797,1),(1712,59,'2014-05-23',7609,0),(1713,60,'2014-05-23',1772,1),(1714,61,'2014-05-23',894,0),(1715,62,'2014-05-23',2010,0),(1716,63,'2014-05-23',2351,0),(1717,64,'2014-05-23',11572,0),(1718,65,'2014-05-23',4478,0),(1719,66,'2014-05-23',1351,0),(1720,68,'2014-05-23',1451,0),(1721,69,'2014-05-23',249,0),(1722,70,'2014-05-23',3019,0),(1723,73,'2014-05-23',1044,0),(1724,74,'2014-05-23',3838,0),(1725,75,'2014-05-23',1015,0),(1726,76,'2014-05-23',1131,0),(1727,77,'2014-05-23',740,0),(1728,78,'2014-05-23',335,0),(1729,79,'2014-05-23',243,0),(1730,80,'2014-05-23',472,0),(1731,81,'2014-05-23',248,0),(1732,82,'2014-05-23',18,0),(1733,83,'2014-05-23',412,0),(1734,84,'2014-05-23',2359,0),(1735,85,'2014-05-23',5871,0),(1736,86,'2014-05-23',846,0),(1737,87,'2014-05-23',7639,0),(1738,88,'2014-05-23',1431,0),(1739,90,'2014-05-23',802,0),(1740,91,'2014-05-23',7912,0),(1741,92,'2014-05-23',849,0),(1742,93,'2014-05-23',4248,0),(1743,94,'2014-05-23',2381,0),(1744,95,'2014-05-23',2050,0),(1745,96,'2014-05-23',680,0),(1746,97,'2014-05-23',371,0),(1747,98,'2014-05-23',730,0),(1748,99,'2014-05-23',576,0),(1749,101,'2014-05-23',65,0),(1750,102,'2014-05-23',3551,1),(1751,103,'2014-05-23',501,0),(1752,104,'2014-05-23',2895,0),(1753,106,'2014-05-23',1058,0),(1754,107,'2014-05-23',2485,0),(1755,109,'2014-05-23',82,0),(1756,110,'2014-05-23',9177,0),(1757,111,'2014-05-23',1088,0),(1758,112,'2014-05-23',1808,0),(1759,113,'2014-05-23',630,0),(1760,114,'2014-05-23',758,0),(1761,115,'2014-05-23',587,0),(1762,116,'2014-05-23',5238,0),(1763,117,'2014-05-23',503,0),(1764,118,'2014-05-23',632,0),(1765,119,'2014-05-23',329,0),(1766,120,'2014-05-23',1426,0),(1767,121,'2014-05-23',351,0),(1768,123,'2014-05-23',1544,0),(1769,124,'2014-05-23',73,0),(1770,125,'2014-05-23',8108,0),(1771,126,'2014-05-23',857,0),(1772,127,'2014-05-23',555,0),(1773,128,'2014-05-23',686,0),(1774,129,'2014-05-23',6,0),(1775,130,'2014-05-23',403,0),(1776,131,'2014-05-23',123,0),(1777,132,'2014-05-23',118,0),(1778,133,'2014-05-23',246,0),(1779,134,'2014-05-23',4577,0),(1780,137,'2014-05-23',1924,0),(1781,138,'2014-05-23',1998,0),(1782,139,'2014-05-23',1084,1),(1783,140,'2014-05-23',169,0),(1784,141,'2014-05-23',678,0),(1785,142,'2014-05-23',592,0),(1786,143,'2014-05-23',4727,0),(1787,145,'2014-05-23',1803,0),(1788,146,'2014-05-23',2317,0),(1789,1,'2014-05-24',1426,0),(1790,2,'2014-05-24',2316,0),(1791,3,'2014-05-24',2587,1),(1792,4,'2014-05-24',5575,0),(1793,5,'2014-05-24',1489,0),(1794,6,'2014-05-24',714,0),(1795,7,'2014-05-24',2544,0),(1796,8,'2014-05-24',737,0),(1797,9,'2014-05-24',1233,0),(1798,10,'2014-05-24',3389,0),(1799,11,'2014-05-24',1244,1),(1800,12,'2014-05-24',363,1),(1801,13,'2014-05-24',1849,0),(1802,14,'2014-05-24',3161,0),(1803,15,'2014-05-24',2703,0),(1804,16,'2014-05-24',970,0),(1805,17,'2014-05-24',2023,0),(1806,18,'2014-05-24',5227,0),(1807,19,'2014-05-24',2855,0),(1808,20,'2014-05-24',3071,0),(1809,21,'2014-05-24',218,1),(1810,22,'2014-05-24',535,0),(1811,23,'2014-05-24',707,0),(1812,24,'2014-05-24',899,0),(1813,25,'2014-05-24',1691,0),(1814,26,'2014-05-24',81,0),(1815,27,'2014-05-24',98,1),(1816,28,'2014-05-24',71934,0),(1817,29,'2014-05-24',884,0),(1818,30,'2014-05-24',528,0),(1819,31,'2014-05-24',3167,0),(1820,33,'2014-05-24',9032,0),(1821,34,'2014-05-24',1313,0),(1822,35,'2014-05-24',3481,0),(1823,36,'2014-05-24',6796,0),(1824,37,'2014-05-24',4313,1),(1825,38,'2014-05-24',2524,0),(1826,39,'2014-05-24',4754,1),(1827,40,'2014-05-24',4659,0),(1828,41,'2014-05-24',1380,1),(1829,42,'2014-05-24',3657,0),(1830,43,'2014-05-24',4147,0),(1831,44,'2014-05-24',3008,0),(1832,45,'2014-05-24',2056,0),(1833,46,'2014-05-24',3837,0),(1834,47,'2014-05-24',11207,0),(1835,48,'2014-05-24',734,0),(1836,49,'2014-05-24',4355,0),(1837,50,'2014-05-24',6192,0),(1838,51,'2014-05-24',1720,0),(1839,52,'2014-05-24',2777,0),(1840,53,'2014-05-24',1199,0),(1841,54,'2014-05-24',672,0),(1842,55,'2014-05-24',1613,0),(1843,56,'2014-05-24',2057,0),(1844,57,'2014-05-24',2134,0),(1845,58,'2014-05-24',1800,0),(1846,59,'2014-05-24',7611,1),(1847,60,'2014-05-24',1771,0),(1848,61,'2014-05-24',894,0),(1849,62,'2014-05-24',2010,0),(1850,63,'2014-05-24',2352,0),(1851,64,'2014-05-24',11575,0),(1852,65,'2014-05-24',4488,0),(1853,66,'2014-05-24',1349,0),(1854,68,'2014-05-24',1453,1),(1855,69,'2014-05-24',249,1),(1856,70,'2014-05-24',3017,0),(1857,73,'2014-05-24',1054,0),(1858,74,'2014-05-24',3839,1),(1859,75,'2014-05-24',1016,0),(1860,76,'2014-05-24',1133,0),(1861,77,'2014-05-24',740,0),(1862,78,'2014-05-24',339,0),(1863,79,'2014-05-24',243,0),(1864,80,'2014-05-24',473,0),(1865,81,'2014-05-24',248,0),(1866,82,'2014-05-24',18,0),(1867,83,'2014-05-24',412,0),(1868,84,'2014-05-24',2361,0),(1869,85,'2014-05-24',5877,1),(1870,86,'2014-05-24',847,0),(1871,87,'2014-05-24',7641,0),(1872,88,'2014-05-24',1431,0),(1873,90,'2014-05-24',802,0),(1874,91,'2014-05-24',7919,0),(1875,92,'2014-05-24',853,0),(1876,93,'2014-05-24',4254,0),(1877,94,'2014-05-24',2381,0),(1878,95,'2014-05-24',2050,0),(1879,96,'2014-05-24',681,0),(1880,97,'2014-05-24',371,0),(1881,98,'2014-05-24',730,0),(1882,99,'2014-05-24',576,0),(1883,101,'2014-05-24',65,0),(1884,102,'2014-05-24',3555,0),(1885,103,'2014-05-24',502,0),(1886,104,'2014-05-24',2896,0),(1887,106,'2014-05-24',1059,0),(1888,107,'2014-05-24',2486,0),(1889,109,'2014-05-24',85,0),(1890,110,'2014-05-24',9202,1),(1891,111,'2014-05-24',1089,1),(1892,112,'2014-05-24',1809,1),(1893,113,'2014-05-24',630,0),(1894,114,'2014-05-24',759,0),(1895,115,'2014-05-24',588,0),(1896,116,'2014-05-24',5243,0),(1897,117,'2014-05-24',503,0),(1898,118,'2014-05-24',633,0),(1899,119,'2014-05-24',330,0),(1900,120,'2014-05-24',1431,0),(1901,121,'2014-05-24',351,0),(1902,123,'2014-05-24',1543,0),(1903,124,'2014-05-24',73,0),(1904,125,'2014-05-24',8116,1),(1905,126,'2014-05-24',857,0),(1906,127,'2014-05-24',556,0),(1907,128,'2014-05-24',693,0),(1908,129,'2014-05-24',6,0),(1909,130,'2014-05-24',403,0),(1910,131,'2014-05-24',123,0),(1911,132,'2014-05-24',118,0),(1912,133,'2014-05-24',247,0),(1913,134,'2014-05-24',4576,0),(1914,137,'2014-05-24',1928,0),(1915,138,'2014-05-24',1998,0),(1916,139,'2014-05-24',1086,0),(1917,140,'2014-05-24',169,0),(1918,141,'2014-05-24',678,0),(1919,142,'2014-05-24',593,0),(1920,143,'2014-05-24',4728,0),(1921,145,'2014-05-24',1803,0),(1922,146,'2014-05-24',2325,0),(1923,1,'2014-05-25',1427,1),(1924,2,'2014-05-25',2317,0),(1925,3,'2014-05-25',2591,0),(1926,4,'2014-05-25',5576,1),(1927,5,'2014-05-25',1489,0),(1928,6,'2014-05-25',716,0),(1929,7,'2014-05-25',2553,0),(1930,8,'2014-05-25',737,1),(1931,9,'2014-05-25',1235,0),(1932,10,'2014-05-25',3404,0),(1933,11,'2014-05-25',1231,0),(1934,12,'2014-05-25',365,0),(1935,13,'2014-05-25',1854,1),(1936,14,'2014-05-25',3164,0),(1937,15,'2014-05-25',2704,0),(1938,16,'2014-05-25',975,0),(1939,17,'2014-05-25',2031,0),(1940,18,'2014-05-25',5230,1),(1941,19,'2014-05-25',2857,0),(1942,20,'2014-05-25',3071,0),(1943,21,'2014-05-25',219,0),(1944,22,'2014-05-25',535,0),(1945,23,'2014-05-25',707,0),(1946,24,'2014-05-25',901,0),(1947,25,'2014-05-25',1694,0),(1948,26,'2014-05-25',81,0),(1949,27,'2014-05-25',117,0),(1950,28,'2014-05-25',71954,1),(1951,29,'2014-05-25',884,0),(1952,30,'2014-05-25',528,0),(1953,31,'2014-05-25',3169,0),(1954,33,'2014-05-25',9033,1),(1955,34,'2014-05-25',1315,0),(1956,35,'2014-05-25',3488,0),(1957,36,'2014-05-25',6799,1),(1958,37,'2014-05-25',4314,0),(1959,38,'2014-05-25',2526,0),(1960,39,'2014-05-25',4754,0),(1961,40,'2014-05-25',4660,1),(1962,41,'2014-05-25',1380,0),(1963,42,'2014-05-25',3661,1),(1964,43,'2014-05-25',4149,0),(1965,44,'2014-05-25',3012,1),(1966,45,'2014-05-25',2056,0),(1967,46,'2014-05-25',3840,0),(1968,47,'2014-05-25',11206,0),(1969,48,'2014-05-25',734,0),(1970,49,'2014-05-25',4357,0),(1971,50,'2014-05-25',6198,1),(1972,51,'2014-05-25',1720,0),(1973,52,'2014-05-25',2778,0),(1974,53,'2014-05-25',1199,0),(1975,54,'2014-05-25',672,1),(1976,55,'2014-05-25',1614,0),(1977,56,'2014-05-25',2057,0),(1978,57,'2014-05-25',2134,0),(1979,58,'2014-05-25',1801,0),(1980,59,'2014-05-25',7627,0),(1981,60,'2014-05-25',1772,0),(1982,61,'2014-05-25',894,0),(1983,62,'2014-05-25',2009,0),(1984,63,'2014-05-25',2352,0),(1985,64,'2014-05-25',11575,1),(1986,65,'2014-05-25',4505,1),(1987,66,'2014-05-25',1352,0),(1988,68,'2014-05-25',1455,0),(1989,69,'2014-05-25',250,0),(1990,70,'2014-05-25',3017,1),(1991,73,'2014-05-25',1078,1),(1992,74,'2014-05-25',3839,0),(1993,75,'2014-05-25',1016,0),(1994,76,'2014-05-25',1135,1),(1995,77,'2014-05-25',740,0),(1996,78,'2014-05-25',341,0),(1997,79,'2014-05-25',243,0),(1998,80,'2014-05-25',474,1),(1999,81,'2014-05-25',248,0),(2000,82,'2014-05-25',18,0),(2001,83,'2014-05-25',414,0),(2002,84,'2014-05-25',2362,0),(2003,85,'2014-05-25',5886,0),(2004,86,'2014-05-25',848,0),(2005,87,'2014-05-25',7646,0),(2006,88,'2014-05-25',1436,1),(2007,90,'2014-05-25',802,0),(2008,91,'2014-05-25',7922,0),(2009,92,'2014-05-25',855,0),(2010,93,'2014-05-25',4258,0),(2011,94,'2014-05-25',2383,0),(2012,95,'2014-05-25',2052,0),(2013,96,'2014-05-25',682,0),(2014,97,'2014-05-25',372,0),(2015,98,'2014-05-25',730,0),(2016,99,'2014-05-25',575,0),(2017,101,'2014-05-25',65,0),(2018,102,'2014-05-25',3555,0),(2019,103,'2014-05-25',502,0),(2020,104,'2014-05-25',2902,1),(2021,106,'2014-05-25',1061,0),(2022,107,'2014-05-25',2487,1),(2023,109,'2014-05-25',89,0),(2024,110,'2014-05-25',9222,1),(2025,111,'2014-05-25',1090,0),(2026,112,'2014-05-25',1824,0),(2027,113,'2014-05-25',629,0),(2028,114,'2014-05-25',759,0),(2029,115,'2014-05-25',587,0),(2030,116,'2014-05-25',5254,0),(2031,117,'2014-05-25',503,0),(2032,118,'2014-05-25',635,0),(2033,119,'2014-05-25',331,0),(2034,120,'2014-05-25',1440,1),(2035,121,'2014-05-25',352,0),(2036,123,'2014-05-25',1543,0),(2037,124,'2014-05-25',73,0),(2038,125,'2014-05-25',8133,0),(2039,126,'2014-05-25',860,0),(2040,127,'2014-05-25',557,0),(2041,128,'2014-05-25',699,1),(2042,129,'2014-05-25',6,0),(2043,130,'2014-05-25',404,0),(2044,131,'2014-05-25',124,0),(2045,132,'2014-05-25',118,0),(2046,133,'2014-05-25',247,0),(2047,134,'2014-05-25',4581,0),(2048,137,'2014-05-25',1930,0),(2049,138,'2014-05-25',1997,0),(2050,139,'2014-05-25',1090,0),(2051,140,'2014-05-25',169,0),(2052,141,'2014-05-25',679,0),(2053,142,'2014-05-25',594,0),(2054,143,'2014-05-25',4730,0),(2055,145,'2014-05-25',1804,0),(2056,146,'2014-05-25',2327,1),(2057,1,'2014-05-26',1428,1),(2058,2,'2014-05-26',2318,1),(2059,3,'2014-05-26',2592,1),(2060,4,'2014-05-26',5577,1),(2061,5,'2014-05-26',1490,1),(2062,6,'2014-05-26',718,0),(2063,7,'2014-05-26',2554,1),(2064,8,'2014-05-26',739,1),(2065,9,'2014-05-26',1235,1),(2066,10,'2014-05-26',3410,1),(2067,11,'2014-05-26',1210,1),(2068,12,'2014-05-26',369,1),(2069,13,'2014-05-26',1855,1),(2070,14,'2014-05-26',3164,1),(2071,15,'2014-05-26',2704,1),(2072,16,'2014-05-26',975,1),(2073,17,'2014-05-26',2033,1),(2074,18,'2014-05-26',5230,1),(2075,19,'2014-05-26',2856,1),(2076,20,'2014-05-26',3071,1),(2077,21,'2014-05-26',219,0),(2078,22,'2014-05-26',536,1),(2079,23,'2014-05-26',707,0),(2080,24,'2014-05-26',901,1),(2081,25,'2014-05-26',1695,0),(2082,26,'2014-05-26',81,0),(2083,27,'2014-05-26',126,0),(2084,28,'2014-05-26',71957,1),(2085,29,'2014-05-26',884,0),(2086,30,'2014-05-26',528,0),(2087,31,'2014-05-26',3169,1),(2088,33,'2014-05-26',9033,0),(2089,34,'2014-05-26',1315,1),(2090,35,'2014-05-26',3490,0),(2091,36,'2014-05-26',6801,0),(2092,37,'2014-05-26',4314,0),(2093,38,'2014-05-26',2526,1),(2094,39,'2014-05-26',4753,0),(2095,40,'2014-05-26',4660,0),(2096,41,'2014-05-26',1380,0),(2097,42,'2014-05-26',3662,0),(2098,43,'2014-05-26',4149,0),(2099,44,'2014-05-26',3013,1),(2100,45,'2014-05-26',2057,0),(2101,46,'2014-05-26',3841,0),(2102,47,'2014-05-26',11203,0),(2103,48,'2014-05-26',736,0),(2104,49,'2014-05-26',4357,1),(2105,50,'2014-05-26',6200,1),(2106,51,'2014-05-26',1720,0),(2107,52,'2014-05-26',2778,0),(2108,53,'2014-05-26',1199,0),(2109,54,'2014-05-26',672,1),(2110,55,'2014-05-26',1615,1),(2111,56,'2014-05-26',2057,0),(2112,57,'2014-05-26',2134,0),(2113,58,'2014-05-26',1801,1),(2114,59,'2014-05-26',7632,1),(2115,60,'2014-05-26',1772,0),(2116,61,'2014-05-26',894,0),(2117,62,'2014-05-26',2009,1),(2118,63,'2014-05-26',2352,0),(2119,64,'2014-05-26',11575,0),(2120,65,'2014-05-26',4512,1),(2121,66,'2014-05-26',1352,0),(2122,68,'2014-05-26',1454,0),(2123,69,'2014-05-26',250,0),(2124,70,'2014-05-26',3017,0),(2125,73,'2014-05-26',1081,0),(2126,74,'2014-05-26',3840,1),(2127,75,'2014-05-26',1016,0),(2128,76,'2014-05-26',1136,1),(2129,77,'2014-05-26',740,0),(2130,78,'2014-05-26',341,0),(2131,79,'2014-05-26',243,1),(2132,80,'2014-05-26',474,0),(2133,81,'2014-05-26',248,0),(2134,82,'2014-05-26',18,0),(2135,83,'2014-05-26',414,0),(2136,84,'2014-05-26',2364,0),(2137,85,'2014-05-26',5887,1),(2138,86,'2014-05-26',848,0),(2139,87,'2014-05-26',7646,1),(2140,88,'2014-05-26',1436,0),(2141,90,'2014-05-26',802,0),(2142,91,'2014-05-26',7924,0),(2143,92,'2014-05-26',856,0),(2144,93,'2014-05-26',4260,0),(2145,94,'2014-05-26',2383,0),(2146,95,'2014-05-26',2052,0),(2147,96,'2014-05-26',682,0),(2148,97,'2014-05-26',372,0),(2149,98,'2014-05-26',730,0),(2150,99,'2014-05-26',576,0),(2151,101,'2014-05-26',65,0),(2152,102,'2014-05-26',3556,1),(2153,103,'2014-05-26',503,0),(2154,104,'2014-05-26',2901,0),(2155,106,'2014-05-26',1061,0),(2156,107,'2014-05-26',2487,0),(2157,109,'2014-05-26',90,0),(2158,110,'2014-05-26',9232,0),(2159,111,'2014-05-26',1090,0),(2160,112,'2014-05-26',1823,0),(2161,113,'2014-05-26',629,0),(2162,114,'2014-05-26',759,0),(2163,115,'2014-05-26',587,1),(2164,116,'2014-05-26',5257,0),(2165,117,'2014-05-26',503,0),(2166,118,'2014-05-26',635,0),(2167,119,'2014-05-26',331,0),(2168,120,'2014-05-26',1443,0),(2169,121,'2014-05-26',352,0),(2170,123,'2014-05-26',1543,0),(2171,124,'2014-05-26',73,0),(2172,125,'2014-05-26',8136,0),(2173,126,'2014-05-26',860,0),(2174,127,'2014-05-26',557,0),(2175,128,'2014-05-26',702,1),(2176,129,'2014-05-26',6,0),(2177,130,'2014-05-26',404,0),(2178,131,'2014-05-26',124,0),(2179,132,'2014-05-26',118,0),(2180,133,'2014-05-26',247,0),(2181,134,'2014-05-26',4582,0),(2182,137,'2014-05-26',1930,1),(2183,138,'2014-05-26',1997,0),(2184,139,'2014-05-26',1090,0),(2185,140,'2014-05-26',169,0),(2186,141,'2014-05-26',679,0),(2187,142,'2014-05-26',594,0),(2188,143,'2014-05-26',4730,0),(2189,145,'2014-05-26',1804,0),(2190,146,'2014-05-26',2327,1),(2191,1,'2014-05-27',1432,0),(2192,2,'2014-05-27',2317,1),(2193,3,'2014-05-27',2591,0),(2194,4,'2014-05-27',5578,0),(2195,5,'2014-05-27',1489,0),(2196,6,'2014-05-27',718,0),(2197,7,'2014-05-27',2555,0),(2198,8,'2014-05-27',739,0),(2199,9,'2014-05-27',1238,0),(2200,10,'2014-05-27',3422,0),(2201,11,'2014-05-27',1155,1),(2202,12,'2014-05-27',378,1),(2203,13,'2014-05-27',1857,0),(2204,14,'2014-05-27',3164,0),(2205,15,'2014-05-27',2706,0),(2206,16,'2014-05-27',975,0),(2207,17,'2014-05-27',2038,0),(2208,18,'2014-05-27',5234,1),(2209,19,'2014-05-27',2857,0),(2210,20,'2014-05-27',3070,1),(2211,21,'2014-05-27',219,0),(2212,22,'2014-05-27',536,0),(2213,23,'2014-05-27',707,0),(2214,24,'2014-05-27',900,0),(2215,25,'2014-05-27',1695,1),(2216,26,'2014-05-27',81,0),(2217,27,'2014-05-27',149,0),(2218,28,'2014-05-27',71980,1),(2219,29,'2014-05-27',884,0),(2220,30,'2014-05-27',528,0),(2221,31,'2014-05-27',3170,0),(2222,33,'2014-05-27',9034,0),(2223,34,'2014-05-27',1315,0),(2224,35,'2014-05-27',3492,0),(2225,36,'2014-05-27',6801,1),(2226,37,'2014-05-27',4319,0),(2227,38,'2014-05-27',2527,0),(2228,39,'2014-05-27',4753,0),(2229,40,'2014-05-27',4662,0),(2230,41,'2014-05-27',1380,0),(2231,42,'2014-05-27',3662,0),(2232,43,'2014-05-27',4150,0),(2233,44,'2014-05-27',3016,0),(2234,45,'2014-05-27',2060,0),(2235,46,'2014-05-27',3842,1),(2236,47,'2014-05-27',11201,0),(2237,48,'2014-05-27',737,0),(2238,49,'2014-05-27',4361,0),(2239,50,'2014-05-27',6202,0),(2240,51,'2014-05-27',1723,0),(2241,52,'2014-05-27',2779,0),(2242,53,'2014-05-27',1199,0),(2243,54,'2014-05-27',672,1),(2244,55,'2014-05-27',1615,0),(2245,56,'2014-05-27',2057,0),(2246,57,'2014-05-27',2134,0),(2247,58,'2014-05-27',1803,0),(2248,59,'2014-05-27',7651,0),(2249,60,'2014-05-27',1771,0),(2250,61,'2014-05-27',895,0),(2251,62,'2014-05-27',2011,0),(2252,63,'2014-05-27',2353,0),(2253,64,'2014-05-27',11575,0),(2254,65,'2014-05-27',4516,0),(2255,66,'2014-05-27',1352,0),(2256,68,'2014-05-27',1454,0),(2257,69,'2014-05-27',251,0),(2258,70,'2014-05-27',3018,1),(2259,73,'2014-05-27',1102,1),(2260,74,'2014-05-27',3840,1),(2261,75,'2014-05-27',1016,0),(2262,76,'2014-05-27',1138,1),(2263,77,'2014-05-27',740,0),(2264,78,'2014-05-27',342,0),(2265,79,'2014-05-27',243,0),(2266,80,'2014-05-27',474,0),(2267,81,'2014-05-27',248,0),(2268,82,'2014-05-27',18,0),(2269,83,'2014-05-27',415,0),(2270,84,'2014-05-27',2366,0),(2271,85,'2014-05-27',5896,1),(2272,86,'2014-05-27',851,0),(2273,87,'2014-05-27',7647,0),(2274,88,'2014-05-27',1440,0),(2275,90,'2014-05-27',802,0),(2276,91,'2014-05-27',7924,0),(2277,92,'2014-05-27',858,1),(2278,93,'2014-05-27',4264,0),(2279,94,'2014-05-27',2384,0),(2280,95,'2014-05-27',2056,0),(2281,96,'2014-05-27',683,0),(2282,97,'2014-05-27',372,0),(2283,98,'2014-05-27',730,0),(2284,99,'2014-05-27',576,0),(2285,101,'2014-05-27',65,0),(2286,102,'2014-05-27',3560,0),(2287,103,'2014-05-27',504,0),(2288,104,'2014-05-27',2906,0),(2289,106,'2014-05-27',1062,0),(2290,107,'2014-05-27',2487,0),(2291,109,'2014-05-27',90,0),(2292,110,'2014-05-27',9254,1),(2293,111,'2014-05-27',1092,0),(2294,112,'2014-05-27',1823,0),(2295,113,'2014-05-27',631,0),(2296,114,'2014-05-27',760,1),(2297,115,'2014-05-27',587,1),(2298,116,'2014-05-27',5262,0),(2299,117,'2014-05-27',503,0),(2300,118,'2014-05-27',635,0),(2301,119,'2014-05-27',331,0),(2302,120,'2014-05-27',1446,0),(2303,121,'2014-05-27',352,0),(2304,123,'2014-05-27',1543,1),(2305,124,'2014-05-27',73,0),(2306,125,'2014-05-27',8142,1),(2307,126,'2014-05-27',860,0),(2308,127,'2014-05-27',557,0),(2309,128,'2014-05-27',705,1),(2310,129,'2014-05-27',6,0),(2311,130,'2014-05-27',405,0),(2312,131,'2014-05-27',124,0),(2313,132,'2014-05-27',118,0),(2314,133,'2014-05-27',247,0),(2315,134,'2014-05-27',4589,0),(2316,137,'2014-05-27',1931,1),(2317,138,'2014-05-27',1998,0),(2318,139,'2014-05-27',1095,0),(2319,140,'2014-05-27',169,0),(2320,141,'2014-05-27',679,1),(2321,142,'2014-05-27',599,0),(2322,143,'2014-05-27',4733,0),(2323,145,'2014-05-27',1805,1),(2324,146,'2014-05-27',2336,1),(2325,1,'2014-05-28',1432,1),(2326,2,'2014-05-28',2317,0),(2327,3,'2014-05-28',2591,1),(2328,4,'2014-05-28',5577,0),(2329,5,'2014-05-28',1490,1),(2330,6,'2014-05-28',718,0),(2331,7,'2014-05-28',2560,1),(2332,8,'2014-05-28',740,1),(2333,9,'2014-05-28',1238,1),(2334,10,'2014-05-28',3426,1),(2335,11,'2014-05-28',1112,1),(2336,12,'2014-05-28',392,0),(2337,13,'2014-05-28',1861,0),(2338,14,'2014-05-28',3169,1),(2339,15,'2014-05-28',2705,1),(2340,16,'2014-05-28',977,1),(2341,17,'2014-05-28',2047,1),(2342,18,'2014-05-28',5240,1),(2343,19,'2014-05-28',2859,1),(2344,20,'2014-05-28',3070,1),(2345,21,'2014-05-28',219,1),(2346,22,'2014-05-28',537,1),(2347,23,'2014-05-28',707,1),(2348,24,'2014-05-28',900,1),(2349,25,'2014-05-28',1698,0),(2350,26,'2014-05-28',81,0),(2351,27,'2014-05-28',166,1),(2352,28,'2014-05-28',71997,0),(2353,29,'2014-05-28',884,0),(2354,30,'2014-05-28',528,0),(2355,31,'2014-05-28',3173,1),(2356,33,'2014-05-28',9032,0),(2357,34,'2014-05-28',1315,0),(2358,35,'2014-05-28',3495,0),(2359,36,'2014-05-28',6801,0),(2360,37,'2014-05-28',4321,1),(2361,38,'2014-05-28',2529,0),(2362,39,'2014-05-28',4757,0),(2363,40,'2014-05-28',4665,0),(2364,41,'2014-05-28',1380,0),(2365,42,'2014-05-28',3664,1),(2366,43,'2014-05-28',4150,0),(2367,44,'2014-05-28',3018,1),(2368,45,'2014-05-28',2061,0),(2369,46,'2014-05-28',3843,0),(2370,47,'2014-05-28',11202,0),(2371,48,'2014-05-28',739,1),(2372,49,'2014-05-28',4365,1),(2373,50,'2014-05-28',6209,1),(2374,51,'2014-05-28',1724,0),(2375,52,'2014-05-28',2780,0),(2376,53,'2014-05-28',1199,0),(2377,54,'2014-05-28',672,0),(2378,55,'2014-05-28',1615,1),(2379,56,'2014-05-28',2056,0),(2380,57,'2014-05-28',2136,0),(2381,58,'2014-05-28',1803,0),(2382,59,'2014-05-28',7680,1),(2383,60,'2014-05-28',1771,0),(2384,61,'2014-05-28',896,0),(2385,62,'2014-05-28',2012,0),(2386,63,'2014-05-28',2354,0),(2387,64,'2014-05-28',11579,0),(2388,65,'2014-05-28',4531,1),(2389,66,'2014-05-28',1353,1),(2390,68,'2014-05-28',1454,0),(2391,69,'2014-05-28',251,0),(2392,70,'2014-05-28',3020,1),(2393,73,'2014-05-28',1120,1),(2394,74,'2014-05-28',3843,1),(2395,75,'2014-05-28',1016,0),(2396,76,'2014-05-28',1141,0),(2397,77,'2014-05-28',740,1),(2398,78,'2014-05-28',343,1),(2399,79,'2014-05-28',243,0),(2400,80,'2014-05-28',474,0),(2401,81,'2014-05-28',248,0),(2402,82,'2014-05-28',18,0),(2403,83,'2014-05-28',415,0),(2404,84,'2014-05-28',2369,0),(2405,85,'2014-05-28',5900,1),(2406,86,'2014-05-28',851,0),(2407,87,'2014-05-28',7649,0),(2408,88,'2014-05-28',1442,1),(2409,90,'2014-05-28',804,0),(2410,91,'2014-05-28',7931,1),(2411,92,'2014-05-28',860,0),(2412,93,'2014-05-28',4275,0),(2413,94,'2014-05-28',2385,0),(2414,95,'2014-05-28',2059,0),(2415,96,'2014-05-28',684,0),(2416,97,'2014-05-28',372,0),(2417,98,'2014-05-28',732,0),(2418,99,'2014-05-28',577,0),(2419,101,'2014-05-28',65,0),(2420,102,'2014-05-28',3560,1),(2421,103,'2014-05-28',504,1),(2422,104,'2014-05-28',2909,1),(2423,106,'2014-05-28',1062,0),(2424,107,'2014-05-28',2488,0),(2425,109,'2014-05-28',90,0),(2426,110,'2014-05-28',9279,0),(2427,111,'2014-05-28',1094,0),(2428,112,'2014-05-28',1823,1),(2429,113,'2014-05-28',631,0),(2430,114,'2014-05-28',760,0),(2431,115,'2014-05-28',587,0),(2432,116,'2014-05-28',5264,0),(2433,117,'2014-05-28',503,0),(2434,118,'2014-05-28',635,0),(2435,119,'2014-05-28',331,0),(2436,120,'2014-05-28',1450,1),(2437,121,'2014-05-28',353,0),(2438,123,'2014-05-28',1542,0),(2439,124,'2014-05-28',73,0),(2440,125,'2014-05-28',8148,1),(2441,126,'2014-05-28',860,0),(2442,127,'2014-05-28',557,0),(2443,128,'2014-05-28',715,1),(2444,129,'2014-05-28',6,0),(2445,130,'2014-05-28',405,0),(2446,131,'2014-05-28',124,0),(2447,132,'2014-05-28',118,0),(2448,133,'2014-05-28',247,0),(2449,134,'2014-05-28',4595,1),(2450,137,'2014-05-28',1942,0),(2451,138,'2014-05-28',1998,0),(2452,139,'2014-05-28',1096,0),(2453,140,'2014-05-28',169,0),(2454,141,'2014-05-28',681,0),(2455,142,'2014-05-28',601,0),(2456,143,'2014-05-28',4734,0),(2457,145,'2014-05-28',1806,1),(2458,146,'2014-05-28',2341,1),(2459,1,'2014-05-29',1433,0),(2460,2,'2014-05-29',2316,0),(2461,3,'2014-05-29',2594,1),(2462,4,'2014-05-29',5579,1),(2463,5,'2014-05-29',1490,0),(2464,6,'2014-05-29',718,0),(2465,7,'2014-05-29',2562,0),(2466,8,'2014-05-29',740,0),(2467,9,'2014-05-29',1238,0),(2468,10,'2014-05-29',3437,1),(2469,11,'2014-05-29',1104,0),(2470,12,'2014-05-29',401,1),(2471,13,'2014-05-29',1863,1),(2472,14,'2014-05-29',3169,0),(2473,15,'2014-05-29',2707,1),(2474,16,'2014-05-29',984,0),(2475,17,'2014-05-29',2053,0),(2476,18,'2014-05-29',5240,0),(2477,19,'2014-05-29',2859,0),(2478,20,'2014-05-29',3070,0),(2479,21,'2014-05-29',220,0),(2480,22,'2014-05-29',537,0),(2481,23,'2014-05-29',707,0),(2482,24,'2014-05-29',904,0),(2483,25,'2014-05-29',1697,1),(2484,26,'2014-05-29',81,0),(2485,27,'2014-05-29',185,1),(2486,28,'2014-05-29',72011,1),(2487,29,'2014-05-29',884,0),(2488,30,'2014-05-29',528,0),(2489,31,'2014-05-29',3174,0),(2490,33,'2014-05-29',9033,0),(2491,34,'2014-05-29',1315,0),(2492,35,'2014-05-29',3497,0),(2493,36,'2014-05-29',6803,1),(2494,37,'2014-05-29',4320,1),(2495,38,'2014-05-29',2528,0),(2496,39,'2014-05-29',4760,0),(2497,40,'2014-05-29',4670,1),(2498,41,'2014-05-29',1383,0),(2499,42,'2014-05-29',3665,0),(2500,43,'2014-05-29',4150,0),(2501,44,'2014-05-29',3023,0),(2502,45,'2014-05-29',2061,0),(2503,46,'2014-05-29',3845,0),(2504,47,'2014-05-29',11202,0),(2505,48,'2014-05-29',739,0),(2506,49,'2014-05-29',4370,0),(2507,50,'2014-05-29',6211,0),(2508,51,'2014-05-29',1726,0),(2509,52,'2014-05-29',2780,0),(2510,53,'2014-05-29',1198,0),(2511,54,'2014-05-29',673,0),(2512,55,'2014-05-29',1615,0),(2513,56,'2014-05-29',2057,0),(2514,57,'2014-05-29',2137,0),(2515,58,'2014-05-29',1803,0),(2516,59,'2014-05-29',7690,1),(2517,60,'2014-05-29',1771,0),(2518,61,'2014-05-29',896,0),(2519,62,'2014-05-29',2015,0),(2520,63,'2014-05-29',2354,0),(2521,64,'2014-05-29',11582,1),(2522,65,'2014-05-29',4536,1),(2523,66,'2014-05-29',1354,0),(2524,68,'2014-05-29',1456,0),(2525,69,'2014-05-29',251,0),(2526,70,'2014-05-29',3021,1),(2527,73,'2014-05-29',1132,1),(2528,74,'2014-05-29',3844,0),(2529,75,'2014-05-29',1016,0),(2530,76,'2014-05-29',1143,1),(2531,77,'2014-05-29',743,0),(2532,78,'2014-05-29',348,0),(2533,79,'2014-05-29',243,0),(2534,80,'2014-05-29',474,0),(2535,81,'2014-05-29',248,0),(2536,82,'2014-05-29',18,0),(2537,83,'2014-05-29',415,0),(2538,84,'2014-05-29',2368,0),(2539,85,'2014-05-29',5900,1),(2540,86,'2014-05-29',851,0),(2541,87,'2014-05-29',7650,0),(2542,88,'2014-05-29',1444,0),(2543,90,'2014-05-29',804,0),(2544,91,'2014-05-29',7938,0),(2545,92,'2014-05-29',863,0),(2546,93,'2014-05-29',4276,0),(2547,94,'2014-05-29',2385,0),(2548,95,'2014-05-29',2063,0),(2549,96,'2014-05-29',684,0),(2550,97,'2014-05-29',375,0),(2551,98,'2014-05-29',733,0),(2552,99,'2014-05-29',578,0),(2553,101,'2014-05-29',65,0),(2554,102,'2014-05-29',3560,1),(2555,103,'2014-05-29',504,0),(2556,104,'2014-05-29',2912,1),(2557,106,'2014-05-29',1063,0),(2558,107,'2014-05-29',2488,0),(2559,109,'2014-05-29',92,0),(2560,110,'2014-05-29',9308,0),(2561,111,'2014-05-29',1097,0),(2562,112,'2014-05-29',1824,0),(2563,113,'2014-05-29',632,0),(2564,114,'2014-05-29',760,0),(2565,115,'2014-05-29',588,0),(2566,116,'2014-05-29',5270,0),(2567,117,'2014-05-29',503,0),(2568,118,'2014-05-29',635,0),(2569,119,'2014-05-29',331,0),(2570,120,'2014-05-29',1450,0),(2571,121,'2014-05-29',355,0),(2572,123,'2014-05-29',1542,0),(2573,124,'2014-05-29',73,0),(2574,125,'2014-05-29',8151,1),(2575,126,'2014-05-29',861,0),(2576,127,'2014-05-29',558,0),(2577,128,'2014-05-29',718,0),(2578,129,'2014-05-29',6,0),(2579,130,'2014-05-29',405,0),(2580,131,'2014-05-29',124,0),(2581,132,'2014-05-29',118,0),(2582,133,'2014-05-29',247,0),(2583,134,'2014-05-29',4601,0),(2584,137,'2014-05-29',1942,0),(2585,138,'2014-05-29',1999,0),(2586,139,'2014-05-29',1101,0),(2587,140,'2014-05-29',169,0),(2588,141,'2014-05-29',681,0),(2589,142,'2014-05-29',602,0),(2590,143,'2014-05-29',4735,0),(2591,145,'2014-05-29',1806,0),(2592,146,'2014-05-29',2347,1),(2593,1,'2014-05-30',1434,0),(2594,2,'2014-05-30',2317,0),(2595,3,'2014-05-30',2595,1),(2596,4,'2014-05-30',5581,0),(2597,5,'2014-05-30',1490,0),(2598,6,'2014-05-30',718,0),(2599,7,'2014-05-30',2563,0),(2600,8,'2014-05-30',740,0),(2601,9,'2014-05-30',1238,1),(2602,10,'2014-05-30',3446,0),(2603,11,'2014-05-30',1095,0),(2604,12,'2014-05-30',410,1),(2605,13,'2014-05-30',1862,0),(2606,14,'2014-05-30',3173,0),(2607,15,'2014-05-30',2711,0),(2608,16,'2014-05-30',987,1),(2609,17,'2014-05-30',2060,0),(2610,18,'2014-05-30',5244,1),(2611,19,'2014-05-30',2860,0),(2612,20,'2014-05-30',3073,0),(2613,21,'2014-05-30',223,0),(2614,22,'2014-05-30',537,0),(2615,23,'2014-05-30',707,0),(2616,24,'2014-05-30',904,0),(2617,25,'2014-05-30',1697,0),(2618,26,'2014-05-30',81,0),(2619,27,'2014-05-30',205,0),(2620,28,'2014-05-30',72032,1),(2621,29,'2014-05-30',884,0),(2622,30,'2014-05-30',528,0),(2623,31,'2014-05-30',3174,0),(2624,33,'2014-05-30',9033,0),(2625,34,'2014-05-30',1316,0),(2626,35,'2014-05-30',3497,0),(2627,36,'2014-05-30',6804,1),(2628,37,'2014-05-30',4324,0),(2629,38,'2014-05-30',2528,0),(2630,39,'2014-05-30',4759,0),(2631,40,'2014-05-30',4671,1),(2632,41,'2014-05-30',1383,0),(2633,42,'2014-05-30',3671,0),(2634,43,'2014-05-30',4153,0),(2635,44,'2014-05-30',3026,1),(2636,45,'2014-05-30',2059,0),(2637,46,'2014-05-30',3846,0),(2638,47,'2014-05-30',11202,0),(2639,48,'2014-05-30',739,0),(2640,49,'2014-05-30',4373,0),(2641,50,'2014-05-30',6219,1),(2642,51,'2014-05-30',1727,0),(2643,52,'2014-05-30',2782,0),(2644,53,'2014-05-30',1198,0),(2645,54,'2014-05-30',673,0),(2646,55,'2014-05-30',1617,0),(2647,56,'2014-05-30',2059,0),(2648,57,'2014-05-30',2139,0),(2649,58,'2014-05-30',1804,0),(2650,59,'2014-05-30',7705,0),(2651,60,'2014-05-30',1771,0),(2652,61,'2014-05-30',896,0),(2653,62,'2014-05-30',2016,0),(2654,63,'2014-05-30',2356,0),(2655,64,'2014-05-30',11581,0),(2656,65,'2014-05-30',4555,1),(2657,66,'2014-05-30',1354,0),(2658,68,'2014-05-30',1459,0),(2659,69,'2014-05-30',251,0),(2660,70,'2014-05-30',3020,0),(2661,73,'2014-05-30',1153,0),(2662,74,'2014-05-30',3849,1),(2663,75,'2014-05-30',1016,0),(2664,76,'2014-05-30',1144,0),(2665,77,'2014-05-30',743,0),(2666,78,'2014-05-30',349,0),(2667,79,'2014-05-30',243,0),(2668,80,'2014-05-30',475,0),(2669,81,'2014-05-30',248,1),(2670,82,'2014-05-30',18,0),(2671,83,'2014-05-30',416,0),(2672,84,'2014-05-30',2373,1),(2673,85,'2014-05-30',5902,1),(2674,86,'2014-05-30',851,1),(2675,87,'2014-05-30',7654,0),(2676,88,'2014-05-30',1451,1),(2677,90,'2014-05-30',804,0),(2678,91,'2014-05-30',7942,0),(2679,92,'2014-05-30',866,0),(2680,93,'2014-05-30',4284,0),(2681,94,'2014-05-30',2386,0),(2682,95,'2014-05-30',2066,0),(2683,96,'2014-05-30',687,0),(2684,97,'2014-05-30',376,0),(2685,98,'2014-05-30',733,0),(2686,99,'2014-05-30',579,0),(2687,101,'2014-05-30',65,0),(2688,102,'2014-05-30',3562,0),(2689,103,'2014-05-30',504,0),(2690,104,'2014-05-30',2919,0),(2691,106,'2014-05-30',1064,0),(2692,107,'2014-05-30',2488,0),(2693,109,'2014-05-30',93,0),(2694,110,'2014-05-30',9341,0),(2695,111,'2014-05-30',1099,0),(2696,112,'2014-05-30',1829,0),(2697,113,'2014-05-30',633,0),(2698,114,'2014-05-30',760,0),(2699,115,'2014-05-30',589,0),(2700,116,'2014-05-30',5280,0),(2701,117,'2014-05-30',503,0),(2702,118,'2014-05-30',636,0),(2703,119,'2014-05-30',331,0),(2704,120,'2014-05-30',1450,0),(2705,121,'2014-05-30',355,0),(2706,123,'2014-05-30',1543,0),(2707,124,'2014-05-30',73,0),(2708,125,'2014-05-30',8159,0),(2709,126,'2014-05-30',862,0),(2710,127,'2014-05-30',558,0),(2711,128,'2014-05-30',720,1),(2712,129,'2014-05-30',6,0),(2713,130,'2014-05-30',405,0),(2714,131,'2014-05-30',126,0),(2715,132,'2014-05-30',118,0),(2716,133,'2014-05-30',247,0),(2717,134,'2014-05-30',4603,0),(2718,137,'2014-05-30',1942,0),(2719,138,'2014-05-30',1998,0),(2720,139,'2014-05-30',1113,0),(2721,140,'2014-05-30',169,0),(2722,141,'2014-05-30',681,0),(2723,142,'2014-05-30',602,0),(2724,143,'2014-05-30',4737,0),(2725,145,'2014-05-30',1809,1),(2726,146,'2014-05-30',2354,1),(2727,1,'2014-05-31',1434,1),(2728,2,'2014-05-31',2319,1),(2729,3,'2014-05-31',2596,1),(2730,4,'2014-05-31',5586,0),(2731,5,'2014-05-31',1492,1),(2732,6,'2014-05-31',718,0),(2733,7,'2014-05-31',2570,1),(2734,8,'2014-05-31',740,1),(2735,9,'2014-05-31',1239,1),(2736,10,'2014-05-31',3453,0),(2737,11,'2014-05-31',1076,0),(2738,12,'2014-05-31',415,0),(2739,13,'2014-05-31',1864,1),(2740,14,'2014-05-31',3175,1),(2741,15,'2014-05-31',2713,1),(2742,16,'2014-05-31',992,0),(2743,17,'2014-05-31',2067,1),(2744,18,'2014-05-31',5244,1),(2745,19,'2014-05-31',2860,1),(2746,20,'2014-05-31',3074,1),(2747,21,'2014-05-31',223,0),(2748,22,'2014-05-31',537,0),(2749,23,'2014-05-31',707,0),(2750,24,'2014-05-31',904,1),(2751,25,'2014-05-31',1696,0),(2752,26,'2014-05-31',81,0),(2753,27,'2014-05-31',219,0),(2754,28,'2014-05-31',72049,0),(2755,29,'2014-05-31',884,1),(2756,30,'2014-05-31',528,0),(2757,31,'2014-05-31',3174,0),(2758,33,'2014-05-31',9034,0),(2759,34,'2014-05-31',1317,0),(2760,35,'2014-05-31',3498,0),(2761,36,'2014-05-31',6806,1),(2762,37,'2014-05-31',4324,1),(2763,38,'2014-05-31',2529,1),(2764,39,'2014-05-31',4759,0),(2765,40,'2014-05-31',4672,0),(2766,41,'2014-05-31',1383,0),(2767,42,'2014-05-31',3679,0),(2768,43,'2014-05-31',4154,0),(2769,44,'2014-05-31',3033,0),(2770,45,'2014-05-31',4675,0),(2771,46,'2014-05-31',3846,0),(2772,47,'2014-05-31',11206,0),(2773,48,'2014-05-31',739,0),(2774,49,'2014-05-31',4373,0),(2775,50,'2014-05-31',6223,1),(2776,51,'2014-05-31',1727,0),(2777,52,'2014-05-31',2782,0),(2778,53,'2014-05-31',1198,0),(2779,54,'2014-05-31',672,1),(2780,55,'2014-05-31',1619,0),(2781,56,'2014-05-31',2060,1),(2782,57,'2014-05-31',2140,0),(2783,58,'2014-05-31',1804,1),(2784,59,'2014-05-31',7717,1),(2785,60,'2014-05-31',1771,0),(2786,61,'2014-05-31',900,0),(2787,62,'2014-05-31',2018,0),(2788,63,'2014-05-31',2358,0),(2789,64,'2014-05-31',11581,0),(2790,65,'2014-05-31',4569,1),(2791,66,'2014-05-31',1354,0),(2792,68,'2014-05-31',1461,0),(2793,69,'2014-05-31',251,0),(2794,70,'2014-05-31',3019,1),(2795,73,'2014-05-31',1175,0),(2796,74,'2014-05-31',3848,0),(2797,75,'2014-05-31',1016,1),(2798,76,'2014-05-31',1147,1),(2799,77,'2014-05-31',743,0),(2800,78,'2014-05-31',352,0),(2801,79,'2014-05-31',243,0),(2802,80,'2014-05-31',475,0),(2803,81,'2014-05-31',248,0),(2804,82,'2014-05-31',18,0),(2805,83,'2014-05-31',416,0),(2806,84,'2014-05-31',2375,1),(2807,85,'2014-05-31',5903,1),(2808,86,'2014-05-31',851,0),(2809,87,'2014-05-31',7656,1),(2810,88,'2014-05-31',1452,0),(2811,90,'2014-05-31',804,1),(2812,91,'2014-05-31',7943,0),(2813,92,'2014-05-31',868,0),(2814,93,'2014-05-31',4286,0),(2815,94,'2014-05-31',2386,0),(2816,95,'2014-05-31',2070,0),(2817,96,'2014-05-31',689,0),(2818,97,'2014-05-31',376,0),(2819,98,'2014-05-31',733,0),(2820,99,'2014-05-31',579,0),(2821,101,'2014-05-31',65,0),(2822,102,'2014-05-31',3564,1),(2823,103,'2014-05-31',504,0),(2824,104,'2014-05-31',2921,1),(2825,106,'2014-05-31',1065,0),(2826,107,'2014-05-31',2487,1),(2827,109,'2014-05-31',94,0),(2828,110,'2014-05-31',9365,0),(2829,111,'2014-05-31',1102,0),(2830,112,'2014-05-31',1832,1),(2831,113,'2014-05-31',634,0),(2832,114,'2014-05-31',761,0),(2833,115,'2014-05-31',589,0),(2834,116,'2014-05-31',5281,0),(2835,117,'2014-05-31',504,1),(2836,118,'2014-05-31',636,0),(2837,119,'2014-05-31',332,0),(2838,120,'2014-05-31',1452,0),(2839,121,'2014-05-31',356,0),(2840,123,'2014-05-31',1543,1),(2841,124,'2014-05-31',73,0),(2842,125,'2014-05-31',8165,1),(2843,126,'2014-05-31',862,0),(2844,127,'2014-05-31',559,0),(2845,128,'2014-05-31',721,0),(2846,129,'2014-05-31',6,0),(2847,130,'2014-05-31',405,0),(2848,131,'2014-05-31',126,0),(2849,132,'2014-05-31',119,0),(2850,133,'2014-05-31',247,0),(2851,134,'2014-05-31',4606,0),(2852,137,'2014-05-31',1941,0),(2853,138,'2014-05-31',1998,0),(2854,139,'2014-05-31',1123,0),(2855,140,'2014-05-31',169,0),(2856,141,'2014-05-31',681,0),(2857,142,'2014-05-31',604,0),(2858,143,'2014-05-31',4738,0),(2859,145,'2014-05-31',1814,0),(2860,146,'2014-05-31',2357,1),(2861,1,'2014-06-01',1436,0),(2862,2,'2014-06-01',2320,0),(2863,3,'2014-06-01',2603,0),(2864,4,'2014-06-01',5586,1),(2865,5,'2014-06-01',1493,0),(2866,6,'2014-06-01',719,1),(2867,7,'2014-06-01',2580,0),(2868,8,'2014-06-01',741,0),(2869,9,'2014-06-01',1240,0),(2870,10,'2014-06-01',3460,0),(2871,11,'2014-06-01',1052,0),(2872,12,'2014-06-01',425,0),(2873,13,'2014-06-01',1864,0),(2874,14,'2014-06-01',3175,0),(2875,15,'2014-06-01',2713,0),(2876,16,'2014-06-01',993,1),(2877,17,'2014-06-01',2072,1),(2878,18,'2014-06-01',5245,1),(2879,19,'2014-06-01',2859,0),(2880,20,'2014-06-01',3070,0),(2881,21,'2014-06-01',223,0),(2882,22,'2014-06-01',537,0),(2883,23,'2014-06-01',707,0),(2884,24,'2014-06-01',907,0),(2885,25,'2014-06-01',1697,0),(2886,26,'2014-06-01',81,0),(2887,27,'2014-06-01',230,0),(2888,28,'2014-06-01',72067,0),(2889,29,'2014-06-01',885,0),(2890,30,'2014-06-01',528,0),(2891,31,'2014-06-01',3174,0),(2892,33,'2014-06-01',9037,0),(2893,34,'2014-06-01',1317,0),(2894,35,'2014-06-01',3502,1),(2895,36,'2014-06-01',6810,0),(2896,37,'2014-06-01',4326,0),(2897,38,'2014-06-01',2528,0),(2898,39,'2014-06-01',4760,0),(2899,40,'2014-06-01',4672,1),(2900,41,'2014-06-01',1383,0),(2901,42,'2014-06-01',3681,0),(2902,43,'2014-06-01',4155,0),(2903,44,'2014-06-01',3037,0),(2904,45,'2014-06-01',4676,0),(2905,46,'2014-06-01',3849,0),(2906,47,'2014-06-01',11206,0),(2907,48,'2014-06-01',739,0),(2908,49,'2014-06-01',4377,0),(2909,50,'2014-06-01',6222,1),(2910,51,'2014-06-01',1727,0),(2911,52,'2014-06-01',2784,0),(2912,53,'2014-06-01',1198,0),(2913,54,'2014-06-01',673,1),(2914,55,'2014-06-01',1619,0),(2915,56,'2014-06-01',2067,0),(2916,57,'2014-06-01',2145,0),(2917,58,'2014-06-01',1805,0),(2918,59,'2014-06-01',7721,0),(2919,60,'2014-06-01',1771,0),(2920,61,'2014-06-01',900,0),(2921,62,'2014-06-01',2019,0),(2922,63,'2014-06-01',2358,0),(2923,64,'2014-06-01',11581,1),(2924,65,'2014-06-01',4577,1),(2925,66,'2014-06-01',1354,0),(2926,68,'2014-06-01',1461,0),(2927,69,'2014-06-01',251,1),(2928,70,'2014-06-01',3018,0),(2929,73,'2014-06-01',1188,0),(2930,74,'2014-06-01',3847,1),(2931,75,'2014-06-01',1016,0),(2932,76,'2014-06-01',1148,0),(2933,77,'2014-06-01',743,0),(2934,78,'2014-06-01',354,0),(2935,79,'2014-06-01',243,0),(2936,80,'2014-06-01',475,0),(2937,81,'2014-06-01',249,0),(2938,82,'2014-06-01',18,0),(2939,83,'2014-06-01',417,0),(2940,84,'2014-06-01',2380,0),(2941,85,'2014-06-01',5905,1),(2942,86,'2014-06-01',851,0),(2943,87,'2014-06-01',7658,0),(2944,88,'2014-06-01',1454,0),(2945,90,'2014-06-01',806,0),(2946,91,'2014-06-01',7946,0),(2947,92,'2014-06-01',869,0),(2948,93,'2014-06-01',4288,0),(2949,94,'2014-06-01',2386,0),(2950,95,'2014-06-01',2073,0),(2951,96,'2014-06-01',692,0),(2952,97,'2014-06-01',377,0),(2953,98,'2014-06-01',733,0),(2954,99,'2014-06-01',583,0),(2955,101,'2014-06-01',65,0),(2956,102,'2014-06-01',3571,0),(2957,103,'2014-06-01',504,0),(2958,104,'2014-06-01',2928,1),(2959,106,'2014-06-01',1065,0),(2960,107,'2014-06-01',2488,1),(2961,109,'2014-06-01',96,0),(2962,110,'2014-06-01',9387,0),(2963,111,'2014-06-01',1103,0),(2964,112,'2014-06-01',1833,0),(2965,113,'2014-06-01',635,0),(2966,114,'2014-06-01',762,0),(2967,115,'2014-06-01',589,0),(2968,116,'2014-06-01',5283,0),(2969,117,'2014-06-01',507,0),(2970,118,'2014-06-01',636,0),(2971,119,'2014-06-01',332,0),(2972,120,'2014-06-01',1454,1),(2973,121,'2014-06-01',357,0),(2974,123,'2014-06-01',1545,0),(2975,124,'2014-06-01',73,0),(2976,125,'2014-06-01',8173,1),(2977,126,'2014-06-01',862,0),(2978,127,'2014-06-01',558,0),(2979,128,'2014-06-01',722,1),(2980,129,'2014-06-01',6,0),(2981,130,'2014-06-01',405,0),(2982,131,'2014-06-01',126,0),(2983,132,'2014-06-01',119,0),(2984,133,'2014-06-01',247,0),(2985,134,'2014-06-01',4612,1),(2986,137,'2014-06-01',1941,0),(2987,138,'2014-06-01',1998,0),(2988,139,'2014-06-01',1125,0),(2989,140,'2014-06-01',169,0),(2990,141,'2014-06-01',681,0),(2991,142,'2014-06-01',604,0),(2992,143,'2014-06-01',4739,0),(2993,145,'2014-06-01',1815,1),(2994,146,'2014-06-01',2356,1),(2995,147,'2014-06-01',1198,0),(2996,1,'2014-06-02',1438,1),(2997,2,'2014-06-02',2321,1),(2998,3,'2014-06-02',2643,0),(2999,4,'2014-06-02',5586,1),(3000,5,'2014-06-02',1493,1),(3001,6,'2014-06-02',718,0),(3002,7,'2014-06-02',2585,1),(3003,8,'2014-06-02',742,0),(3004,9,'2014-06-02',1242,1),(3005,10,'2014-06-02',3470,1),(3006,11,'2014-06-02',1027,1),(3007,12,'2014-06-02',434,1),(3008,13,'2014-06-02',1866,1),(3009,14,'2014-06-02',3177,0),(3010,15,'2014-06-02',2710,1),(3011,16,'2014-06-02',995,1),(3012,17,'2014-06-02',2079,0),(3013,18,'2014-06-02',5245,1),(3014,19,'2014-06-02',2860,1),(3015,20,'2014-06-02',3074,1),(3016,21,'2014-06-02',224,1),(3017,22,'2014-06-02',537,1),(3018,23,'2014-06-02',708,0),(3019,24,'2014-06-02',909,1),(3020,25,'2014-06-02',1698,0),(3021,26,'2014-06-02',81,0),(3022,27,'2014-06-02',239,1),(3023,28,'2014-06-02',72095,1),(3024,29,'2014-06-02',885,0),(3025,30,'2014-06-02',528,0),(3026,31,'2014-06-02',3176,1),(3027,33,'2014-06-02',9040,0),(3028,34,'2014-06-02',1319,0),(3029,35,'2014-06-02',3502,0),(3030,36,'2014-06-02',6810,1),(3031,37,'2014-06-02',4328,1),(3032,38,'2014-06-02',2530,1),(3033,39,'2014-06-02',4762,0),(3034,40,'2014-06-02',4672,1),(3035,41,'2014-06-02',1383,0),(3036,42,'2014-06-02',3684,1),(3037,43,'2014-06-02',4156,1),(3038,44,'2014-06-02',3046,1),(3039,45,'2014-06-02',4676,0),(3040,46,'2014-06-02',3853,1),(3041,47,'2014-06-02',11207,0),(3042,48,'2014-06-02',740,1),(3043,49,'2014-06-02',4376,0),(3044,50,'2014-06-02',6227,1),(3045,51,'2014-06-02',1727,0),(3046,52,'2014-06-02',2784,0),(3047,53,'2014-06-02',1198,0),(3048,54,'2014-06-02',674,0),(3049,55,'2014-06-02',1619,1),(3050,56,'2014-06-02',2067,0),(3051,57,'2014-06-02',2145,0),(3052,58,'2014-06-02',1806,1),(3053,59,'2014-06-02',7731,1),(3054,60,'2014-06-02',1771,0),(3055,61,'2014-06-02',900,0),(3056,62,'2014-06-02',2022,1),(3057,63,'2014-06-02',2361,0),(3058,64,'2014-06-02',11583,1),(3059,65,'2014-06-02',4593,1),(3060,66,'2014-06-02',1354,1),(3061,68,'2014-06-02',1463,0),(3062,69,'2014-06-02',251,1),(3063,70,'2014-06-02',3016,1),(3064,73,'2014-06-02',1213,0),(3065,74,'2014-06-02',3847,1),(3066,75,'2014-06-02',1015,0),(3067,76,'2014-06-02',1150,1),(3068,77,'2014-06-02',744,0),(3069,78,'2014-06-02',358,0),(3070,79,'2014-06-02',243,0),(3071,80,'2014-06-02',475,0),(3072,81,'2014-06-02',249,0),(3073,82,'2014-06-02',18,0),(3074,83,'2014-06-02',417,0),(3075,84,'2014-06-02',2383,0),(3076,85,'2014-06-02',5912,0),(3077,86,'2014-06-02',851,0),(3078,87,'2014-06-02',7663,0),(3079,88,'2014-06-02',1465,1),(3080,90,'2014-06-02',806,0),(3081,91,'2014-06-02',7948,0),(3082,92,'2014-06-02',870,1),(3083,93,'2014-06-02',4298,0),(3084,94,'2014-06-02',2388,0),(3085,95,'2014-06-02',2073,0),(3086,96,'2014-06-02',696,0),(3087,97,'2014-06-02',377,1),(3088,98,'2014-06-02',735,1),(3089,99,'2014-06-02',583,1),(3090,101,'2014-06-02',65,0),(3091,102,'2014-06-02',3574,1),(3092,103,'2014-06-02',504,0),(3093,104,'2014-06-02',2930,0),(3094,106,'2014-06-02',1065,0),(3095,107,'2014-06-02',2493,1),(3096,109,'2014-06-02',97,0),(3097,110,'2014-06-02',9404,1),(3098,111,'2014-06-02',1105,0),(3099,112,'2014-06-02',1836,0),(3100,113,'2014-06-02',636,0),(3101,114,'2014-06-02',764,0),(3102,115,'2014-06-02',589,0),(3103,116,'2014-06-02',5287,0),(3104,117,'2014-06-02',509,1),(3105,118,'2014-06-02',636,0),(3106,119,'2014-06-02',332,0),(3107,120,'2014-06-02',1457,1),(3108,121,'2014-06-02',358,0),(3109,123,'2014-06-02',1545,1),(3110,124,'2014-06-02',74,0),(3111,125,'2014-06-02',8177,1),(3112,126,'2014-06-02',863,0),(3113,127,'2014-06-02',558,0),(3114,128,'2014-06-02',722,1),(3115,129,'2014-06-02',6,0),(3116,130,'2014-06-02',405,0),(3117,131,'2014-06-02',126,1),(3118,132,'2014-06-02',119,0),(3119,133,'2014-06-02',247,0),(3120,134,'2014-06-02',4615,1),(3121,137,'2014-06-02',1941,1),(3122,138,'2014-06-02',1998,1),(3123,139,'2014-06-02',1127,0),(3124,140,'2014-06-02',170,0),(3125,141,'2014-06-02',681,0),(3126,142,'2014-06-02',604,1),(3127,143,'2014-06-02',4739,1),(3128,145,'2014-06-02',1819,0),(3129,146,'2014-06-02',2361,1),(3130,147,'2014-06-02',1198,0),(3131,1,'2014-06-03',1439,0),(3132,2,'2014-06-03',2323,1),(3133,3,'2014-06-03',2667,1),(3134,4,'2014-06-03',5586,1),(3135,5,'2014-06-03',1494,0),(3136,6,'2014-06-03',718,0),(3137,7,'2014-06-03',2588,0),(3138,8,'2014-06-03',742,0),(3139,9,'2014-06-03',1243,0),(3140,10,'2014-06-03',3483,1),(3141,11,'2014-06-03',1005,0),(3142,12,'2014-06-03',441,1),(3143,13,'2014-06-03',1870,0),(3144,14,'2014-06-03',3179,0),(3145,15,'2014-06-03',2711,0),(3146,16,'2014-06-03',1010,0),(3147,17,'2014-06-03',2084,0),(3148,18,'2014-06-03',5247,1),(3149,19,'2014-06-03',2861,0),(3150,20,'2014-06-03',3076,0),(3151,21,'2014-06-03',226,0),(3152,22,'2014-06-03',538,0),(3153,23,'2014-06-03',708,0),(3154,24,'2014-06-03',909,0),(3155,25,'2014-06-03',1698,1),(3156,26,'2014-06-03',81,0),(3157,27,'2014-06-03',250,0),(3158,28,'2014-06-03',72118,0),(3159,29,'2014-06-03',893,0),(3160,30,'2014-06-03',528,0),(3161,31,'2014-06-03',3178,0),(3162,33,'2014-06-03',9039,0),(3163,34,'2014-06-03',1319,0),(3164,35,'2014-06-03',3505,0),(3165,36,'2014-06-03',6812,1),(3166,37,'2014-06-03',4328,0),(3167,38,'2014-06-03',2531,0),(3168,39,'2014-06-03',4763,0),(3169,40,'2014-06-03',4671,0),(3170,41,'2014-06-03',1384,0),(3171,42,'2014-06-03',3687,0),(3172,43,'2014-06-03',4158,0),(3173,44,'2014-06-03',3046,1),(3174,45,'2014-06-03',4676,0),(3175,46,'2014-06-03',3853,0),(3176,47,'2014-06-03',11207,0),(3177,48,'2014-06-03',741,0),(3178,49,'2014-06-03',4378,0),(3179,50,'2014-06-03',6227,1),(3180,51,'2014-06-03',1727,1),(3181,52,'2014-06-03',2784,0),(3182,53,'2014-06-03',1198,0),(3183,54,'2014-06-03',674,0),(3184,55,'2014-06-03',1620,0),(3185,56,'2014-06-03',2068,0),(3186,57,'2014-06-03',2146,0),(3187,58,'2014-06-03',1805,1),(3188,59,'2014-06-03',7739,1),(3189,60,'2014-06-03',1771,1),(3190,61,'2014-06-03',900,1),(3191,62,'2014-06-03',2021,0),(3192,63,'2014-06-03',2361,0),(3193,64,'2014-06-03',11589,0),(3194,65,'2014-06-03',4609,1),(3195,66,'2014-06-03',1355,0),(3196,68,'2014-06-03',1463,0),(3197,69,'2014-06-03',251,1),(3198,70,'2014-06-03',3019,1),(3199,73,'2014-06-03',1224,0),(3200,74,'2014-06-03',3863,1),(3201,75,'2014-06-03',1015,0),(3202,76,'2014-06-03',1155,0),(3203,77,'2014-06-03',744,0),(3204,78,'2014-06-03',359,0),(3205,79,'2014-06-03',243,0),(3206,80,'2014-06-03',476,0),(3207,81,'2014-06-03',249,0),(3208,82,'2014-06-03',18,0),(3209,83,'2014-06-03',417,0),(3210,84,'2014-06-03',2385,0),(3211,85,'2014-06-03',5913,1),(3212,86,'2014-06-03',853,0),(3213,87,'2014-06-03',7665,0),(3214,88,'2014-06-03',1468,1),(3215,90,'2014-06-03',806,0),(3216,91,'2014-06-03',7950,0),(3217,92,'2014-06-03',870,1),(3218,93,'2014-06-03',4302,0),(3219,94,'2014-06-03',2388,0),(3220,95,'2014-06-03',2073,0),(3221,96,'2014-06-03',698,0),(3222,97,'2014-06-03',377,1),(3223,98,'2014-06-03',736,1),(3224,99,'2014-06-03',583,1),(3225,101,'2014-06-03',65,0),(3226,102,'2014-06-03',3577,0),(3227,103,'2014-06-03',504,1),(3228,104,'2014-06-03',2931,0),(3229,106,'2014-06-03',1066,0),(3230,107,'2014-06-03',2494,0),(3231,109,'2014-06-03',99,0),(3232,110,'2014-06-03',9418,0),(3233,111,'2014-06-03',1106,0),(3234,112,'2014-06-03',1836,0),(3235,113,'2014-06-03',637,0),(3236,114,'2014-06-03',764,0),(3237,115,'2014-06-03',590,0),(3238,116,'2014-06-03',5289,0),(3239,117,'2014-06-03',516,1),(3240,118,'2014-06-03',636,0),(3241,119,'2014-06-03',332,0),(3242,120,'2014-06-03',1461,0),(3243,121,'2014-06-03',364,0),(3244,123,'2014-06-03',1546,0),(3245,124,'2014-06-03',75,0),(3246,125,'2014-06-03',8184,0),(3247,126,'2014-06-03',864,0),(3248,127,'2014-06-03',558,0),(3249,128,'2014-06-03',722,1),(3250,129,'2014-06-03',6,0),(3251,130,'2014-06-03',405,0),(3252,131,'2014-06-03',127,1),(3253,132,'2014-06-03',119,0),(3254,133,'2014-06-03',247,0),(3255,134,'2014-06-03',4616,0),(3256,137,'2014-06-03',1942,1),(3257,138,'2014-06-03',1998,0),(3258,139,'2014-06-03',1129,1),(3259,140,'2014-06-03',170,0),(3260,141,'2014-06-03',680,0),(3261,142,'2014-06-03',604,0),(3262,143,'2014-06-03',4740,0),(3263,145,'2014-06-03',1820,1),(3264,146,'2014-06-03',2365,1),(3265,147,'2014-06-03',1201,1),(3266,1,'2014-06-04',1439,1),(3267,2,'2014-06-04',2323,0),(3268,3,'2014-06-04',2693,1),(3269,4,'2014-06-04',5587,0),(3270,5,'2014-06-04',1494,1),(3271,6,'2014-06-04',718,0),(3272,7,'2014-06-04',2588,1),(3273,8,'2014-06-04',742,1),(3274,9,'2014-06-04',1245,1),(3275,10,'2014-06-04',3493,1),(3276,11,'2014-06-04',978,1),(3277,12,'2014-06-04',450,1),(3278,13,'2014-06-04',1870,1),(3279,14,'2014-06-04',3180,1),(3280,15,'2014-06-04',2712,1),(3281,16,'2014-06-04',1015,1),(3282,17,'2014-06-04',2086,1),(3283,18,'2014-06-04',5249,1),(3284,19,'2014-06-04',2862,0),(3285,20,'2014-06-04',3077,1),(3286,21,'2014-06-04',228,1),(3287,22,'2014-06-04',538,0),(3288,23,'2014-06-04',709,0),(3289,24,'2014-06-04',909,1),(3290,25,'2014-06-04',1698,0),(3291,26,'2014-06-04',82,0),(3292,27,'2014-06-04',266,1),(3293,28,'2014-06-04',72138,1),(3294,29,'2014-06-04',896,1),(3295,30,'2014-06-04',528,0),(3296,31,'2014-06-04',3178,0),(3297,33,'2014-06-04',9039,0),(3298,34,'2014-06-04',1319,0),(3299,35,'2014-06-04',3508,0),(3300,36,'2014-06-04',6815,0),(3301,37,'2014-06-04',4328,0),(3302,38,'2014-06-04',2531,0),(3303,39,'2014-06-04',4764,0),(3304,40,'2014-06-04',4671,0),(3305,41,'2014-06-04',1384,0),(3306,42,'2014-06-04',3687,1),(3307,43,'2014-06-04',4160,0),(3308,44,'2014-06-04',3046,1),(3309,45,'2014-06-04',4677,0),(3310,46,'2014-06-04',3853,0),(3311,47,'2014-06-04',11206,0),(3312,48,'2014-06-04',741,0),(3313,49,'2014-06-04',4379,0),(3314,50,'2014-06-04',6230,1),(3315,51,'2014-06-04',1728,0),(3316,52,'2014-06-04',2787,0),(3317,53,'2014-06-04',1199,0),(3318,54,'2014-06-04',674,1),(3319,55,'2014-06-04',1620,0),(3320,56,'2014-06-04',2068,0),(3321,57,'2014-06-04',2145,0),(3322,58,'2014-06-04',1805,0),(3323,59,'2014-06-04',7744,1),(3324,60,'2014-06-04',1771,0),(3325,61,'2014-06-04',900,0),(3326,62,'2014-06-04',2022,1),(3327,63,'2014-06-04',2362,0),(3328,64,'2014-06-04',11590,0),(3329,65,'2014-06-04',4622,1),(3330,66,'2014-06-04',1357,0),(3331,68,'2014-06-04',1464,0),(3332,69,'2014-06-04',251,0),(3333,70,'2014-06-04',3020,1),(3334,73,'2014-06-04',1236,1),(3335,74,'2014-06-04',3910,1),(3336,75,'2014-06-04',1016,0),(3337,76,'2014-06-04',1160,0),(3338,77,'2014-06-04',744,0),(3339,78,'2014-06-04',360,0),(3340,79,'2014-06-04',243,0),(3341,80,'2014-06-04',476,1),(3342,81,'2014-06-04',249,0),(3343,82,'2014-06-04',18,0),(3344,83,'2014-06-04',418,0),(3345,84,'2014-06-04',2387,0),(3346,85,'2014-06-04',5914,1),(3347,86,'2014-06-04',853,0),(3348,87,'2014-06-04',7666,0),(3349,88,'2014-06-04',1470,1),(3350,90,'2014-06-04',807,0),(3351,91,'2014-06-04',7954,0),(3352,92,'2014-06-04',871,0),(3353,93,'2014-06-04',4305,0),(3354,94,'2014-06-04',2388,0),(3355,95,'2014-06-04',2074,0),(3356,96,'2014-06-04',699,0),(3357,97,'2014-06-04',377,0),(3358,98,'2014-06-04',737,0),(3359,99,'2014-06-04',583,0),(3360,101,'2014-06-04',65,0),(3361,102,'2014-06-04',3579,0),(3362,103,'2014-06-04',504,0),(3363,104,'2014-06-04',2932,1),(3364,106,'2014-06-04',1069,0),(3365,107,'2014-06-04',2495,0),(3366,109,'2014-06-04',101,0),(3367,110,'2014-06-04',9440,1),(3368,111,'2014-06-04',1106,0),(3369,112,'2014-06-04',1836,0),(3370,113,'2014-06-04',637,0),(3371,114,'2014-06-04',764,0),(3372,115,'2014-06-04',590,1),(3373,116,'2014-06-04',5290,0),(3374,117,'2014-06-04',517,0),(3375,118,'2014-06-04',637,0),(3376,119,'2014-06-04',333,0),(3377,120,'2014-06-04',1463,0),(3378,121,'2014-06-04',367,0),(3379,123,'2014-06-04',1546,0),(3380,124,'2014-06-04',75,0),(3381,125,'2014-06-04',8189,1),(3382,126,'2014-06-04',865,0),(3383,127,'2014-06-04',558,0),(3384,128,'2014-06-04',723,1),(3385,129,'2014-06-04',6,0),(3386,130,'2014-06-04',406,0),(3387,131,'2014-06-04',128,0),(3388,132,'2014-06-04',119,0),(3389,133,'2014-06-04',246,0),(3390,134,'2014-06-04',4617,0),(3391,137,'2014-06-04',1942,0),(3392,138,'2014-06-04',1999,0),(3393,139,'2014-06-04',1134,0),(3394,140,'2014-06-04',170,0),(3395,141,'2014-06-04',680,0),(3396,142,'2014-06-04',607,0),(3397,143,'2014-06-04',4741,0),(3398,145,'2014-06-04',1824,0),(3399,146,'2014-06-04',2368,1),(3400,147,'2014-06-04',1201,1),(3401,1,'2014-06-05',1439,0),(3402,2,'2014-06-05',2323,0),(3403,3,'2014-06-05',2709,0),(3404,4,'2014-06-05',5590,0),(3405,5,'2014-06-05',1495,1),(3406,6,'2014-06-05',720,0),(3407,7,'2014-06-05',2592,1),(3408,8,'2014-06-05',743,0),(3409,9,'2014-06-05',1250,1),(3410,10,'2014-06-05',3505,1),(3411,11,'2014-06-05',963,0),(3412,12,'2014-06-05',462,0),(3413,13,'2014-06-05',1869,1),(3414,14,'2014-06-05',3182,1),(3415,15,'2014-06-05',2712,1),(3416,16,'2014-06-05',1015,1),(3417,17,'2014-06-05',2091,1),(3418,18,'2014-06-05',5250,1),(3419,19,'2014-06-05',2863,1),(3420,20,'2014-06-05',3077,1),(3421,21,'2014-06-05',228,0),(3422,22,'2014-06-05',539,1),(3423,23,'2014-06-05',709,0),(3424,24,'2014-06-05',909,1),(3425,25,'2014-06-05',1698,1),(3426,26,'2014-06-05',82,0),(3427,27,'2014-06-05',278,0),(3428,28,'2014-06-05',72144,1),(3429,29,'2014-06-05',900,0),(3430,30,'2014-06-05',528,0),(3431,31,'2014-06-05',3180,1),(3432,33,'2014-06-05',9040,0),(3433,34,'2014-06-05',1319,0),(3434,35,'2014-06-05',3509,0),(3435,36,'2014-06-05',6816,1),(3436,37,'2014-06-05',4328,1),(3437,38,'2014-06-05',2532,1),(3438,39,'2014-06-05',4766,0),(3439,40,'2014-06-05',4671,1),(3440,41,'2014-06-05',1383,0),(3441,42,'2014-06-05',3689,0),(3442,43,'2014-06-05',4160,0),(3443,44,'2014-06-05',3047,1),(3444,45,'2014-06-05',4677,0),(3445,46,'2014-06-05',3853,0),(3446,47,'2014-06-05',11208,1),(3447,48,'2014-06-05',742,0),(3448,49,'2014-06-05',4380,0),(3449,50,'2014-06-05',6232,1),(3450,51,'2014-06-05',1729,1),(3451,52,'2014-06-05',2786,0),(3452,53,'2014-06-05',1200,0),(3453,54,'2014-06-05',674,0),(3454,55,'2014-06-05',1620,0),(3455,56,'2014-06-05',2067,0),(3456,57,'2014-06-05',2146,0),(3457,58,'2014-06-05',1805,1),(3458,59,'2014-06-05',7754,0),(3459,60,'2014-06-05',1771,0),(3460,61,'2014-06-05',899,0),(3461,62,'2014-06-05',2023,0),(3462,63,'2014-06-05',2362,0),(3463,64,'2014-06-05',11592,0),(3464,65,'2014-06-05',4634,0),(3465,66,'2014-06-05',1357,1),(3466,68,'2014-06-05',1464,0),(3467,69,'2014-06-05',251,0),(3468,70,'2014-06-05',3020,0),(3469,73,'2014-06-05',1246,0),(3470,74,'2014-06-05',3952,1),(3471,75,'2014-06-05',1016,1),(3472,76,'2014-06-05',1162,0),(3473,77,'2014-06-05',744,1),(3474,78,'2014-06-05',361,1),(3475,79,'2014-06-05',243,0),(3476,80,'2014-06-05',477,0),(3477,81,'2014-06-05',250,0),(3478,82,'2014-06-05',18,0),(3479,83,'2014-06-05',419,0),(3480,84,'2014-06-05',2391,1),(3481,85,'2014-06-05',5918,1),(3482,86,'2014-06-05',854,0),(3483,87,'2014-06-05',7670,0),(3484,88,'2014-06-05',1474,1),(3485,90,'2014-06-05',808,0),(3486,91,'2014-06-05',7960,0),(3487,92,'2014-06-05',871,0),(3488,93,'2014-06-05',4309,1),(3489,94,'2014-06-05',2389,0),(3490,95,'2014-06-05',2076,0),(3491,96,'2014-06-05',701,0),(3492,97,'2014-06-05',379,0),(3493,98,'2014-06-05',737,0),(3494,99,'2014-06-05',584,0),(3495,101,'2014-06-05',66,0),(3496,102,'2014-06-05',3577,1),(3497,103,'2014-06-05',504,0),(3498,104,'2014-06-05',2933,1),(3499,106,'2014-06-05',1069,0),(3500,107,'2014-06-05',2493,0),(3501,109,'2014-06-05',104,0),(3502,110,'2014-06-05',9451,0),(3503,111,'2014-06-05',1107,0),(3504,112,'2014-06-05',1836,0),(3505,113,'2014-06-05',637,0),(3506,114,'2014-06-05',764,0),(3507,115,'2014-06-05',590,0),(3508,116,'2014-06-05',5298,0),(3509,117,'2014-06-05',516,0),(3510,118,'2014-06-05',637,0),(3511,119,'2014-06-05',333,0),(3512,120,'2014-06-05',1463,1),(3513,121,'2014-06-05',367,0),(3514,123,'2014-06-05',1546,0),(3515,124,'2014-06-05',75,0),(3516,125,'2014-06-05',8191,1),(3517,126,'2014-06-05',865,0),(3518,127,'2014-06-05',560,0),(3519,128,'2014-06-05',723,1),(3520,129,'2014-06-05',6,0),(3521,130,'2014-06-05',406,0),(3522,131,'2014-06-05',129,0),(3523,132,'2014-06-05',119,0),(3524,133,'2014-06-05',246,0),(3525,134,'2014-06-05',4619,0),(3526,137,'2014-06-05',1942,0),(3527,138,'2014-06-05',2000,0),(3528,139,'2014-06-05',1133,0),(3529,140,'2014-06-05',172,0),(3530,141,'2014-06-05',680,0),(3531,142,'2014-06-05',607,0),(3532,143,'2014-06-05',4743,0),(3533,145,'2014-06-05',1823,0),(3534,146,'2014-06-05',2371,1),(3535,147,'2014-06-05',1202,0),(3536,1,'2014-06-06',1440,1),(3537,2,'2014-06-06',2323,1),(3538,3,'2014-06-06',2728,1),(3539,4,'2014-06-06',5591,1),(3540,5,'2014-06-06',1495,1),(3541,6,'2014-06-06',720,0),(3542,7,'2014-06-06',2596,0),(3543,8,'2014-06-06',744,0),(3544,9,'2014-06-06',1258,1),(3545,10,'2014-06-06',3515,1),(3546,11,'2014-06-06',942,1),(3547,12,'2014-06-06',467,1),(3548,13,'2014-06-06',1869,1),(3549,14,'2014-06-06',3183,1),(3550,15,'2014-06-06',2713,1),(3551,16,'2014-06-06',1020,1),(3552,17,'2014-06-06',2099,0),(3553,18,'2014-06-06',5252,1),(3554,19,'2014-06-06',2863,1),(3555,20,'2014-06-06',3078,0),(3556,21,'2014-06-06',229,1),(3557,22,'2014-06-06',539,0),(3558,23,'2014-06-06',708,0),(3559,24,'2014-06-06',912,0),(3560,25,'2014-06-06',1698,1),(3561,26,'2014-06-06',82,0),(3562,27,'2014-06-06',290,0),(3563,28,'2014-06-06',72159,1),(3564,29,'2014-06-06',901,1),(3565,30,'2014-06-06',527,0),(3566,31,'2014-06-06',3180,0),(3567,33,'2014-06-06',9039,0),(3568,34,'2014-06-06',1318,0),(3569,35,'2014-06-06',3510,0),(3570,36,'2014-06-06',6815,1),(3571,37,'2014-06-06',4328,1),(3572,38,'2014-06-06',2532,0),(3573,39,'2014-06-06',4768,0),(3574,40,'2014-06-06',4675,1),(3575,41,'2014-06-06',1383,0),(3576,42,'2014-06-06',3690,0),(3577,43,'2014-06-06',4160,0),(3578,44,'2014-06-06',3050,1),(3579,45,'2014-06-06',4677,0),(3580,46,'2014-06-06',3853,0),(3581,47,'2014-06-06',11206,0),(3582,48,'2014-06-06',742,1),(3583,49,'2014-06-06',4383,0),(3584,50,'2014-06-06',6233,1),(3585,51,'2014-06-06',1729,0),(3586,52,'2014-06-06',2787,1),(3587,53,'2014-06-06',1201,0),(3588,54,'2014-06-06',673,0),(3589,55,'2014-06-06',1620,1),(3590,56,'2014-06-06',2068,0),(3591,57,'2014-06-06',2145,0),(3592,58,'2014-06-06',1805,0),(3593,59,'2014-06-06',7764,1),(3594,60,'2014-06-06',1771,1),(3595,61,'2014-06-06',899,0),(3596,62,'2014-06-06',2024,1),(3597,63,'2014-06-06',2361,0),(3598,64,'2014-06-06',11592,0),(3599,65,'2014-06-06',4646,1),(3600,66,'2014-06-06',1358,0),(3601,68,'2014-06-06',1464,0),(3602,69,'2014-06-06',252,1),(3603,70,'2014-06-06',3021,1),(3604,73,'2014-06-06',1257,1),(3605,74,'2014-06-06',3990,1),(3606,75,'2014-06-06',1017,0),(3607,76,'2014-06-06',1162,0),(3608,77,'2014-06-06',744,0),(3609,78,'2014-06-06',362,0),(3610,79,'2014-06-06',243,1),(3611,80,'2014-06-06',478,0),(3612,81,'2014-06-06',250,0),(3613,82,'2014-06-06',18,0),(3614,83,'2014-06-06',419,0),(3615,84,'2014-06-06',2390,1),(3616,85,'2014-06-06',5925,1),(3617,86,'2014-06-06',854,0),(3618,87,'2014-06-06',7672,0),(3619,88,'2014-06-06',1477,1),(3620,90,'2014-06-06',808,0),(3621,91,'2014-06-06',7967,0),(3622,92,'2014-06-06',871,0),(3623,93,'2014-06-06',4311,1),(3624,94,'2014-06-06',2391,0),(3625,95,'2014-06-06',2076,1),(3626,96,'2014-06-06',704,0),(3627,97,'2014-06-06',380,0),(3628,98,'2014-06-06',737,0),(3629,99,'2014-06-06',585,0),(3630,101,'2014-06-06',66,0),(3631,102,'2014-06-06',3579,1),(3632,103,'2014-06-06',505,0),(3633,104,'2014-06-06',2935,1),(3634,106,'2014-06-06',1069,0),(3635,107,'2014-06-06',2493,1),(3636,109,'2014-06-06',106,0),(3637,110,'2014-06-06',9463,0),(3638,111,'2014-06-06',1109,0),(3639,112,'2014-06-06',1839,0),(3640,113,'2014-06-06',637,0),(3641,114,'2014-06-06',766,0),(3642,115,'2014-06-06',591,0),(3643,116,'2014-06-06',5303,1),(3644,1,'2014-06-07',1440,1),(3645,2,'2014-06-07',2324,1),(3646,3,'2014-06-07',2741,1),(3647,4,'2014-06-07',5592,0),(3648,5,'2014-06-07',1494,0),(3649,6,'2014-06-07',721,0),(3650,7,'2014-06-07',2601,1),(3651,8,'2014-06-07',744,1),(3652,9,'2014-06-07',1261,1),(3653,10,'2014-06-07',3526,1),(3654,11,'2014-06-07',923,1),(3655,12,'2014-06-07',479,1),(3656,13,'2014-06-07',1870,1),(3657,14,'2014-06-07',3180,0),(3658,15,'2014-06-07',2712,0),(3659,16,'2014-06-07',1022,0),(3660,17,'2014-06-07',2103,1),(3661,18,'2014-06-07',5252,1),(3662,19,'2014-06-07',2864,1),(3663,20,'2014-06-07',3078,1),(3664,21,'2014-06-07',228,0),(3665,22,'2014-06-07',539,1),(3666,23,'2014-06-07',708,0),(3667,24,'2014-06-07',913,1),(3668,25,'2014-06-07',1698,0),(3669,26,'2014-06-07',82,0),(3670,27,'2014-06-07',295,0),(3671,28,'2014-06-07',72171,1),(3672,29,'2014-06-07',905,0),(3673,30,'2014-06-07',526,0),(3674,31,'2014-06-07',3180,1),(3675,33,'2014-06-07',9038,0),(3676,34,'2014-06-07',1320,0),(3677,35,'2014-06-07',3511,0),(3678,36,'2014-06-07',6814,1),(3679,37,'2014-06-07',4327,1),(3680,38,'2014-06-07',2534,1),(3681,39,'2014-06-07',4768,0),(3682,40,'2014-06-07',4678,1),(3683,41,'2014-06-07',1383,0),(3684,42,'2014-06-07',3690,1),(3685,43,'2014-06-07',4160,0),(3686,44,'2014-06-07',3050,0),(3687,45,'2014-06-07',4677,0),(3688,46,'2014-06-07',3854,0),(3689,47,'2014-06-07',11206,1),(3690,48,'2014-06-07',742,1),(3691,49,'2014-06-07',4384,0),(3692,50,'2014-06-07',6235,1),(3693,51,'2014-06-07',1729,0),(3694,52,'2014-06-07',2788,0),(3695,53,'2014-06-07',1201,0),(3696,54,'2014-06-07',673,1),(3697,55,'2014-06-07',1620,0),(3698,56,'2014-06-07',2071,0),(3699,57,'2014-06-07',2146,0),(3700,58,'2014-06-07',1805,0),(3701,59,'2014-06-07',7771,1),(3702,60,'2014-06-07',1772,1),(3703,61,'2014-06-07',900,0),(3704,62,'2014-06-07',2022,0),(3705,63,'2014-06-07',2361,0),(3706,64,'2014-06-07',11593,1),(3707,65,'2014-06-07',4648,0),(3708,66,'2014-06-07',1358,0),(3709,68,'2014-06-07',1466,0),(3710,69,'2014-06-07',252,0),(3711,70,'2014-06-07',3021,1),(3712,73,'2014-06-07',1271,1),(3713,74,'2014-06-07',4039,1),(3714,75,'2014-06-07',1018,0),(3715,76,'2014-06-07',1162,1),(3716,77,'2014-06-07',744,0),(3717,78,'2014-06-07',362,0),(3718,79,'2014-06-07',243,0),(3719,80,'2014-06-07',478,0),(3720,81,'2014-06-07',250,0),(3721,82,'2014-06-07',18,0),(3722,83,'2014-06-07',419,0),(3723,84,'2014-06-07',2394,1),(3724,85,'2014-06-07',5924,0),(3725,86,'2014-06-07',855,0),(3726,87,'2014-06-07',7673,0),(3727,88,'2014-06-07',1477,0),(3728,90,'2014-06-07',807,0),(3729,91,'2014-06-07',7971,0),(3730,92,'2014-06-07',873,0),(3731,93,'2014-06-07',4314,0),(3732,94,'2014-06-07',2391,0),(3733,95,'2014-06-07',2075,0),(3734,96,'2014-06-07',707,0),(3735,97,'2014-06-07',380,0),(3736,98,'2014-06-07',737,0),(3737,99,'2014-06-07',585,0),(3738,101,'2014-06-07',66,0),(3739,102,'2014-06-07',3581,0),(3740,103,'2014-06-07',505,0),(3741,104,'2014-06-07',2939,0),(3742,106,'2014-06-07',1069,0),(3743,107,'2014-06-07',2494,1),(3744,109,'2014-06-07',108,0),(3745,110,'2014-06-07',9477,0),(3746,111,'2014-06-07',1111,0),(3747,112,'2014-06-07',1841,0),(3748,113,'2014-06-07',638,0),(3749,114,'2014-06-07',766,0),(3750,115,'2014-06-07',592,0),(3751,116,'2014-06-07',5307,0),(3752,117,'2014-06-07',518,0),(3753,118,'2014-06-07',636,0),(3754,119,'2014-06-07',333,0),(3755,120,'2014-06-07',1468,1),(3756,121,'2014-06-07',367,0),(3757,123,'2014-06-07',1547,0),(3758,124,'2014-06-07',75,0),(3759,125,'2014-06-07',8206,1),(3760,126,'2014-06-07',867,0),(3761,127,'2014-06-07',560,0),(3762,128,'2014-06-07',723,0),(3763,129,'2014-06-07',6,0),(3764,130,'2014-06-07',406,0),(3765,131,'2014-06-07',129,0),(3766,132,'2014-06-07',119,0),(3767,133,'2014-06-07',246,0),(3768,134,'2014-06-07',4622,1),(3769,137,'2014-06-07',1943,0),(3770,138,'2014-06-07',2000,0),(3771,139,'2014-06-07',1133,0),(3772,140,'2014-06-07',172,0),(3773,141,'2014-06-07',681,0),(3774,142,'2014-06-07',608,0),(3775,143,'2014-06-07',4741,0),(3776,145,'2014-06-07',1827,0),(3777,146,'2014-06-07',2379,1),(3778,147,'2014-06-07',1204,1),(3779,1,'2014-06-08',1440,0),(3780,2,'2014-06-08',2324,0),(3781,3,'2014-06-08',2761,0),(3782,4,'2014-06-08',5593,0),(3783,5,'2014-06-08',1494,0),(3784,6,'2014-06-08',721,1),(3785,7,'2014-06-08',2604,1),(3786,8,'2014-06-08',745,0),(3787,9,'2014-06-08',1261,0),(3788,10,'2014-06-08',3530,1),(3789,11,'2014-06-08',906,0),(3790,12,'2014-06-08',490,0),(3791,13,'2014-06-08',1870,1),(3792,14,'2014-06-08',3180,0),(3793,15,'2014-06-08',2712,0),(3794,16,'2014-06-08',1023,0),(3795,17,'2014-06-08',2109,0),(3796,18,'2014-06-08',5256,1),(3797,19,'2014-06-08',2863,0),(3798,20,'2014-06-08',3080,0),(3799,21,'2014-06-08',229,0),(3800,22,'2014-06-08',539,0),(3801,23,'2014-06-08',710,0),(3802,24,'2014-06-08',913,0),(3803,25,'2014-06-08',1699,0),(3804,26,'2014-06-08',82,0),(3805,27,'2014-06-08',311,0),(3806,28,'2014-06-08',72186,1),(3807,29,'2014-06-08',905,0),(3808,30,'2014-06-08',526,0),(3809,31,'2014-06-08',3182,0),(3810,33,'2014-06-08',9038,0),(3811,34,'2014-06-08',1322,1),(3812,35,'2014-06-08',3510,0),(3813,36,'2014-06-08',6817,1),(3814,37,'2014-06-08',4328,1),(3815,38,'2014-06-08',2535,1),(3816,39,'2014-06-08',4768,0),(3817,40,'2014-06-08',4681,0),(3818,41,'2014-06-08',1383,0),(3819,42,'2014-06-08',3691,0),(3820,43,'2014-06-08',4159,1),(3821,44,'2014-06-08',3053,0),(3822,45,'2014-06-08',4678,1),(3823,46,'2014-06-08',3855,0),(3824,47,'2014-06-08',11206,1),(3825,48,'2014-06-08',743,0),(3826,49,'2014-06-08',4385,0),(3827,50,'2014-06-08',6237,1),(3828,51,'2014-06-08',1730,0),(3829,52,'2014-06-08',2790,0),(3830,53,'2014-06-08',1201,0),(3831,54,'2014-06-08',673,1),(3832,55,'2014-06-08',1620,0),(3833,56,'2014-06-08',2071,1),(3834,57,'2014-06-08',2148,0),(3835,58,'2014-06-08',1806,0),(3836,59,'2014-06-08',7780,0),(3837,60,'2014-06-08',1770,0),(3838,61,'2014-06-08',901,0),(3839,62,'2014-06-08',2023,0),(3840,63,'2014-06-08',2361,0),(3841,64,'2014-06-08',11595,0),(3842,65,'2014-06-08',4656,0),(3843,66,'2014-06-08',1358,1),(3844,68,'2014-06-08',1466,0),(3845,69,'2014-06-08',253,1),(3846,70,'2014-06-08',3021,1),(3847,73,'2014-06-08',1285,0),(3848,74,'2014-06-08',4075,0),(3849,75,'2014-06-08',1018,1),(3850,76,'2014-06-08',1163,0),(3851,77,'2014-06-08',745,0),(3852,78,'2014-06-08',362,0),(3853,79,'2014-06-08',243,0),(3854,80,'2014-06-08',478,0),(3855,81,'2014-06-08',251,0),(3856,82,'2014-06-08',18,0),(3857,83,'2014-06-08',420,0),(3858,84,'2014-06-08',2396,1),(3859,85,'2014-06-08',5930,0),(3860,86,'2014-06-08',856,0),(3861,87,'2014-06-08',7674,0),(3862,88,'2014-06-08',1479,0),(3863,90,'2014-06-08',806,0),(3864,91,'2014-06-08',7973,0),(3865,92,'2014-06-08',873,0),(3866,93,'2014-06-08',4316,0),(3867,94,'2014-06-08',2391,0),(3868,95,'2014-06-08',2076,0),(3869,96,'2014-06-08',707,0),(3870,97,'2014-06-08',380,0),(3871,98,'2014-06-08',737,0),(3872,99,'2014-06-08',585,0),(3873,101,'2014-06-08',66,0),(3874,102,'2014-06-08',3583,0),(3875,103,'2014-06-08',505,0),(3876,104,'2014-06-08',2945,1),(3877,106,'2014-06-08',1069,0),(3878,107,'2014-06-08',2493,0),(3879,109,'2014-06-08',109,0),(3880,110,'2014-06-08',9490,0),(3881,111,'2014-06-08',1111,0),(3882,112,'2014-06-08',1842,0),(3883,113,'2014-06-08',639,0),(3884,114,'2014-06-08',767,0),(3885,115,'2014-06-08',592,0),(3886,116,'2014-06-08',5308,0),(3887,117,'2014-06-08',518,0),(3888,118,'2014-06-08',640,0),(3889,119,'2014-06-08',333,0),(3890,120,'2014-06-08',1474,0),(3891,121,'2014-06-08',368,0),(3892,123,'2014-06-08',1547,0),(3893,124,'2014-06-08',75,0),(3894,125,'2014-06-08',8221,1),(3895,126,'2014-06-08',868,0),(3896,127,'2014-06-08',560,0),(3897,128,'2014-06-08',724,1),(3898,129,'2014-06-08',6,0),(3899,130,'2014-06-08',408,0),(3900,131,'2014-06-08',129,0),(3901,132,'2014-06-08',119,0),(3902,133,'2014-06-08',246,0),(3903,134,'2014-06-08',4623,0),(3904,137,'2014-06-08',1945,0),(3905,138,'2014-06-08',2001,0),(3906,139,'2014-06-08',1134,0),(3907,140,'2014-06-08',172,0),(3908,141,'2014-06-08',681,0),(3909,142,'2014-06-08',609,0),(3910,143,'2014-06-08',4742,1),(3911,145,'2014-06-08',1836,1),(3912,146,'2014-06-08',2387,1),(3913,147,'2014-06-08',1204,0),(3914,1,'2014-06-09',1444,0),(3915,2,'2014-06-09',2325,1),(3916,3,'2014-06-09',2782,1),(3917,4,'2014-06-09',5594,1),(3918,5,'2014-06-09',1494,1),(3919,6,'2014-06-09',721,0),(3920,7,'2014-06-09',2606,0),(3921,8,'2014-06-09',745,0),(3922,9,'2014-06-09',1263,1),(3923,10,'2014-06-09',3536,1),(3924,11,'2014-06-09',901,1),(3925,12,'2014-06-09',495,0),(3926,13,'2014-06-09',1874,1),(3927,14,'2014-06-09',3181,1),(3928,15,'2014-06-09',2714,1),(3929,16,'2014-06-09',1025,1),(3930,17,'2014-06-09',2116,1),(3931,18,'2014-06-09',5258,1),(3932,19,'2014-06-09',2862,0),(3933,20,'2014-06-09',3083,1),(3934,21,'2014-06-09',229,0),(3935,22,'2014-06-09',540,0),(3936,23,'2014-06-09',710,0),(3937,24,'2014-06-09',914,1),(3938,25,'2014-06-09',1698,0),(3939,26,'2014-06-09',82,0),(3940,27,'2014-06-09',324,0),(3941,28,'2014-06-09',72210,1),(3942,29,'2014-06-09',907,0),(3943,30,'2014-06-09',526,0),(3944,31,'2014-06-09',3182,1),(3945,33,'2014-06-09',9037,0),(3946,34,'2014-06-09',1323,0),(3947,35,'2014-06-09',3510,0),(3948,36,'2014-06-09',6819,1),(3949,37,'2014-06-09',4329,1),(3950,38,'2014-06-09',2535,0),(3951,39,'2014-06-09',4772,0),(3952,40,'2014-06-09',4684,1),(3953,41,'2014-06-09',1383,0),(3954,42,'2014-06-09',3692,0),(3955,43,'2014-06-09',4159,1),(3956,44,'2014-06-09',3054,0),(3957,45,'2014-06-09',4677,0),(3958,46,'2014-06-09',3856,0),(3959,47,'2014-06-09',11206,0),(3960,48,'2014-06-09',742,1),(3961,49,'2014-06-09',4387,1),(3962,50,'2014-06-09',6243,1),(3963,51,'2014-06-09',1731,0),(3964,52,'2014-06-09',2791,0),(3965,53,'2014-06-09',1202,0),(3966,54,'2014-06-09',674,0),(3967,55,'2014-06-09',1622,1),(3968,56,'2014-06-09',2073,0),(3969,57,'2014-06-09',2148,0),(3970,58,'2014-06-09',1807,1),(3971,59,'2014-06-09',7794,1),(3972,60,'2014-06-09',1771,0),(3973,61,'2014-06-09',902,0),(3974,62,'2014-06-09',2024,1),(3975,63,'2014-06-09',2362,0),(3976,64,'2014-06-09',11603,1),(3977,65,'2014-06-09',4670,1),(3978,66,'2014-06-09',1357,0),(3979,68,'2014-06-09',1467,0),(3980,69,'2014-06-09',252,1),(3981,70,'2014-06-09',3021,0),(3982,73,'2014-06-09',1299,0),(3983,74,'2014-06-09',4113,0),(3984,75,'2014-06-09',1018,0),(3985,76,'2014-06-09',1164,1),(3986,77,'2014-06-09',745,0),(3987,78,'2014-06-09',362,0),(3988,79,'2014-06-09',243,0),(3989,80,'2014-06-09',478,0),(3990,81,'2014-06-09',251,1),(3991,82,'2014-06-09',18,0),(3992,83,'2014-06-09',420,0),(3993,84,'2014-06-09',2396,1),(3994,85,'2014-06-09',5933,0),(3995,86,'2014-06-09',856,0),(3996,87,'2014-06-09',7678,0),(3997,88,'2014-06-09',1481,1),(3998,90,'2014-06-09',806,0),(3999,91,'2014-06-09',7981,0),(4000,92,'2014-06-09',873,0),(4001,93,'2014-06-09',4322,0),(4002,94,'2014-06-09',2392,0),(4003,95,'2014-06-09',2076,0),(4004,96,'2014-06-09',709,0),(4005,97,'2014-06-09',380,0),(4006,98,'2014-06-09',737,0),(4007,99,'2014-06-09',585,0),(4008,101,'2014-06-09',66,0),(4009,102,'2014-06-09',3586,0),(4010,103,'2014-06-09',505,0),(4011,104,'2014-06-09',2952,1),(4012,106,'2014-06-09',1070,0),(4013,107,'2014-06-09',2493,1),(4014,109,'2014-06-09',110,0),(4015,110,'2014-06-09',9502,0),(4016,111,'2014-06-09',1111,0),(4017,112,'2014-06-09',1844,0),(4018,113,'2014-06-09',639,0),(4019,114,'2014-06-09',768,0),(4020,115,'2014-06-09',592,0),(4021,116,'2014-06-09',5311,0),(4022,117,'2014-06-09',519,0),(4023,118,'2014-06-09',641,0),(4024,119,'2014-06-09',335,0),(4025,120,'2014-06-09',1478,1),(4026,121,'2014-06-09',368,0),(4027,123,'2014-06-09',1548,0),(4028,124,'2014-06-09',75,0),(4029,125,'2014-06-09',8228,1),(4030,126,'2014-06-09',869,0),(4031,127,'2014-06-09',561,0),(4032,128,'2014-06-09',724,1),(4033,129,'2014-06-09',6,0),(4034,130,'2014-06-09',409,0),(4035,131,'2014-06-09',130,0),(4036,132,'2014-06-09',120,0),(4037,133,'2014-06-09',246,0),(4038,134,'2014-06-09',4626,0),(4039,137,'2014-06-09',1946,1),(4040,138,'2014-06-09',2001,0),(4041,139,'2014-06-09',1134,0),(4042,140,'2014-06-09',172,0),(4043,141,'2014-06-09',681,0),(4044,142,'2014-06-09',609,1),(4045,143,'2014-06-09',4743,1),(4046,145,'2014-06-09',1836,1),(4047,146,'2014-06-09',2391,1),(4048,147,'2014-06-09',1204,0),(4049,1,'2014-06-10',1444,1),(4050,2,'2014-06-10',2324,1),(4051,3,'2014-06-10',2820,1),(4052,4,'2014-06-10',5596,1),(4053,5,'2014-06-10',1493,1),(4054,6,'2014-06-10',721,0),(4055,7,'2014-06-10',2608,0),(4056,8,'2014-06-10',745,0),(4057,9,'2014-06-10',1265,1),(4058,10,'2014-06-10',3546,1),(4059,11,'2014-06-10',889,1),(4060,12,'2014-06-10',499,1),(4061,13,'2014-06-10',1875,1),(4062,14,'2014-06-10',3182,0),(4063,15,'2014-06-10',2715,1),(4064,16,'2014-06-10',1027,0),(4065,17,'2014-06-10',2127,1),(4066,18,'2014-06-10',5256,1),(4067,19,'2014-06-10',2864,1),(4068,20,'2014-06-10',3085,1),(4069,21,'2014-06-10',228,0),(4070,22,'2014-06-10',540,0),(4071,23,'2014-06-10',710,0),(4072,24,'2014-06-10',913,0),(4073,25,'2014-06-10',1698,1),(4074,26,'2014-06-10',82,0),(4075,27,'2014-06-10',340,1),(4076,28,'2014-06-10',72242,1),(4077,29,'2014-06-10',909,0),(4078,30,'2014-06-10',526,0),(4079,31,'2014-06-10',3182,0),(4080,33,'2014-06-10',9036,0),(4081,34,'2014-06-10',1324,1),(4082,35,'2014-06-10',3509,0),(4083,36,'2014-06-10',6820,0),(4084,37,'2014-06-10',4331,1),(4085,38,'2014-06-10',2534,0),(4086,39,'2014-06-10',4777,0),(4087,40,'2014-06-10',4684,1),(4088,41,'2014-06-10',1383,0),(4089,42,'2014-06-10',3695,0),(4090,43,'2014-06-10',4161,0),(4091,44,'2014-06-10',3057,1),(4092,45,'2014-06-10',4676,0),(4093,46,'2014-06-10',3856,0),(4094,47,'2014-06-10',11208,0),(4095,48,'2014-06-10',743,1),(4096,49,'2014-06-10',4388,1),(4097,50,'2014-06-10',6244,1),(4098,51,'2014-06-10',1731,0),(4099,52,'2014-06-10',2793,0),(4100,53,'2014-06-10',1202,0),(4101,54,'2014-06-10',674,0),(4102,55,'2014-06-10',1622,0),(4103,56,'2014-06-10',2073,0),(4104,57,'2014-06-10',2149,0),(4105,58,'2014-06-10',1807,0),(4106,59,'2014-06-10',7805,0),(4107,60,'2014-06-10',1770,0),(4108,61,'2014-06-10',902,0),(4109,62,'2014-06-10',2024,1),(4110,63,'2014-06-10',2362,0),(4111,64,'2014-06-10',11603,0),(4112,65,'2014-06-10',4683,0),(4113,66,'2014-06-10',1358,0),(4114,68,'2014-06-10',1467,1),(4115,69,'2014-06-10',252,1),(4116,70,'2014-06-10',3022,0),(4117,73,'2014-06-10',1316,1),(4118,74,'2014-06-10',4147,1),(4119,75,'2014-06-10',1017,1),(4120,76,'2014-06-10',1167,0),(4121,77,'2014-06-10',745,1),(4122,78,'2014-06-10',364,0),(4123,79,'2014-06-10',243,0),(4124,80,'2014-06-10',478,0),(4125,81,'2014-06-10',251,1),(4126,82,'2014-06-10',18,0),(4127,83,'2014-06-10',420,0),(4128,84,'2014-06-10',2398,0),(4129,85,'2014-06-10',5934,1),(4130,86,'2014-06-10',856,0),(4131,87,'2014-06-10',7681,0),(4132,88,'2014-06-10',1485,0),(4133,90,'2014-06-10',807,0),(4134,91,'2014-06-10',7988,1),(4135,92,'2014-06-10',874,1),(4136,93,'2014-06-10',4323,0),(4137,94,'2014-06-10',2394,0),(4138,95,'2014-06-10',2077,0),(4139,96,'2014-06-10',711,0),(4140,97,'2014-06-10',380,0),(4141,98,'2014-06-10',737,0),(4142,99,'2014-06-10',586,0),(4143,101,'2014-06-10',66,0),(4144,102,'2014-06-10',3589,1),(4145,103,'2014-06-10',507,0),(4146,104,'2014-06-10',2956,1),(4147,106,'2014-06-10',1070,0),(4148,107,'2014-06-10',2493,1),(4149,109,'2014-06-10',110,0),(4150,110,'2014-06-10',9507,0),(4151,111,'2014-06-10',1123,0),(4152,112,'2014-06-10',1844,1),(4153,113,'2014-06-10',640,0),(4154,114,'2014-06-10',768,0),(4155,115,'2014-06-10',592,0),(4156,116,'2014-06-10',5312,0),(4157,117,'2014-06-10',521,0),(4158,118,'2014-06-10',642,0),(4159,119,'2014-06-10',336,0),(4160,120,'2014-06-10',1479,0),(4161,121,'2014-06-10',369,0),(4162,123,'2014-06-10',1547,0),(4163,124,'2014-06-10',76,0),(4164,125,'2014-06-10',8236,1),(4165,126,'2014-06-10',869,0),(4166,127,'2014-06-10',561,0),(4167,128,'2014-06-10',724,1),(4168,129,'2014-06-10',6,0),(4169,130,'2014-06-10',409,0),(4170,131,'2014-06-10',130,0),(4171,132,'2014-06-10',120,0),(4172,133,'2014-06-10',246,0),(4173,134,'2014-06-10',4626,0),(4174,137,'2014-06-10',1947,0),(4175,138,'2014-06-10',2002,0),(4176,139,'2014-06-10',1136,0),(4177,140,'2014-06-10',172,0),(4178,141,'2014-06-10',681,0),(4179,142,'2014-06-10',611,0),(4180,143,'2014-06-10',4741,0),(4181,145,'2014-06-10',1838,0),(4182,146,'2014-06-10',2397,1),(4183,147,'2014-06-10',1205,0),(4184,1,'2014-06-11',1443,1),(4185,2,'2014-06-11',2325,1),(4186,3,'2014-06-11',2863,0),(4187,4,'2014-06-11',5596,0),(4188,5,'2014-06-11',1493,0),(4189,6,'2014-06-11',721,0),(4190,7,'2014-06-11',2608,1),(4191,8,'2014-06-11',746,1),(4192,9,'2014-06-11',1266,0),(4193,10,'2014-06-11',3557,0),(4194,11,'2014-06-11',876,1),(4195,12,'2014-06-11',506,0),(4196,13,'2014-06-11',1876,0),(4197,14,'2014-06-11',3183,1),(4198,15,'2014-06-11',2717,0),(4199,16,'2014-06-11',1027,1),(4200,17,'2014-06-11',2131,1),(4201,18,'2014-06-11',5257,1),(4202,19,'2014-06-11',2864,0),(4203,20,'2014-06-11',3084,0),(4204,21,'2014-06-11',228,0),(4205,22,'2014-06-11',539,1),(4206,23,'2014-06-11',709,0),(4207,24,'2014-06-11',913,0),(4208,25,'2014-06-11',1698,1),(4209,26,'2014-06-11',82,0),(4210,27,'2014-06-11',358,1),(4211,28,'2014-06-11',72243,1),(4212,29,'2014-06-11',910,0),(4213,30,'2014-06-11',526,0),(4214,31,'2014-06-11',3184,0),(4215,33,'2014-06-11',9036,1),(4216,34,'2014-06-11',1326,0),(4217,35,'2014-06-11',3510,0),(4218,36,'2014-06-11',6826,1),(4219,37,'2014-06-11',4333,1),(4220,38,'2014-06-11',2535,0),(4221,39,'2014-06-11',4779,0),(4222,40,'2014-06-11',4685,1),(4223,41,'2014-06-11',1382,1),(4224,42,'2014-06-11',3696,0),(4225,43,'2014-06-11',4161,0),(4226,44,'2014-06-11',3058,0),(4227,45,'2014-06-11',4676,0),(4228,46,'2014-06-11',3861,0),(4229,47,'2014-06-11',11212,0),(4230,48,'2014-06-11',744,0),(4231,49,'2014-06-11',4387,0),(4232,50,'2014-06-11',6248,1),(4233,51,'2014-06-11',1733,0),(4234,52,'2014-06-11',2792,1),(4235,53,'2014-06-11',1203,1),(4236,54,'2014-06-11',675,1),(4237,55,'2014-06-11',1622,0),(4238,56,'2014-06-11',2074,0),(4239,57,'2014-06-11',2149,0),(4240,58,'2014-06-11',1809,1),(4241,59,'2014-06-11',7811,1),(4242,60,'2014-06-11',1771,0),(4243,61,'2014-06-11',902,0),(4244,62,'2014-06-11',2025,0),(4245,63,'2014-06-11',2365,0),(4246,64,'2014-06-11',11604,1),(4247,65,'2014-06-11',4697,0),(4248,66,'2014-06-11',1358,0),(4249,68,'2014-06-11',1469,0),(4250,69,'2014-06-11',252,0),(4251,70,'2014-06-11',3022,1),(4252,73,'2014-06-11',1335,1),(4253,74,'2014-06-11',4170,0),(4254,75,'2014-06-11',1017,0),(4255,76,'2014-06-11',1167,0),(4256,77,'2014-06-11',745,1),(4257,78,'2014-06-11',367,0),(4258,79,'2014-06-11',242,0),(4259,80,'2014-06-11',478,0),(4260,81,'2014-06-11',250,0),(4261,82,'2014-06-11',18,0),(4262,83,'2014-06-11',420,0),(4263,84,'2014-06-11',2399,1),(4264,85,'2014-06-11',5937,1),(4265,86,'2014-06-11',856,0),(4266,87,'2014-06-11',7684,0),(4267,88,'2014-06-11',1486,0),(4268,90,'2014-06-11',807,0),(4269,91,'2014-06-11',7991,0),(4270,92,'2014-06-11',874,0),(4271,93,'2014-06-11',4323,1),(4272,94,'2014-06-11',2395,0),(4273,95,'2014-06-11',2079,1),(4274,96,'2014-06-11',712,0),(4275,97,'2014-06-11',380,0),(4276,98,'2014-06-11',737,0),(4277,99,'2014-06-11',586,0),(4278,101,'2014-06-11',66,0),(4279,102,'2014-06-11',3595,0),(4280,103,'2014-06-11',506,0),(4281,104,'2014-06-11',2962,1),(4282,106,'2014-06-11',1070,0),(4283,107,'2014-06-11',2496,1),(4284,109,'2014-06-11',111,0),(4285,110,'2014-06-11',9511,0),(4286,111,'2014-06-11',1124,0),(4287,112,'2014-06-11',1845,0),(4288,113,'2014-06-11',641,0),(4289,114,'2014-06-11',768,0),(4290,115,'2014-06-11',592,1),(4291,116,'2014-06-11',5311,0),(4292,117,'2014-06-11',521,0),(4293,118,'2014-06-11',642,0),(4294,119,'2014-06-11',336,0),(4295,120,'2014-06-11',1483,0),(4296,121,'2014-06-11',369,0),(4297,123,'2014-06-11',1547,0),(4298,124,'2014-06-11',76,0),(4299,125,'2014-06-11',8239,1),(4300,126,'2014-06-11',869,0),(4301,127,'2014-06-11',561,0),(4302,128,'2014-06-11',723,1),(4303,129,'2014-06-11',6,0),(4304,130,'2014-06-11',409,0),(4305,131,'2014-06-11',130,0),(4306,132,'2014-06-11',121,0),(4307,133,'2014-06-11',246,0),(4308,134,'2014-06-11',4628,1),(4309,137,'2014-06-11',1947,0),(4310,138,'2014-06-11',2002,0),(4311,139,'2014-06-11',1136,0),(4312,140,'2014-06-11',172,0),(4313,141,'2014-06-11',681,0),(4314,142,'2014-06-11',611,0),(4315,143,'2014-06-11',4740,0),(4316,145,'2014-06-11',1838,1),(4317,146,'2014-06-11',2397,1),(4318,147,'2014-06-11',1205,1),(4319,1,'2014-06-12',1444,0),(4320,2,'2014-06-12',2325,1),(4321,3,'2014-06-12',2889,1),(4322,4,'2014-06-12',5595,1),(4323,5,'2014-06-12',1495,1),(4324,6,'2014-06-12',721,0),(4325,1,'2014-06-13',1447,1),(4326,2,'2014-06-13',2326,1),(4327,3,'2014-06-13',2912,0),(4328,4,'2014-06-13',5596,0),(4329,5,'2014-06-13',1495,0),(4330,6,'2014-06-13',723,0),(4331,7,'2014-06-13',2613,1),(4332,8,'2014-06-13',746,0),(4333,9,'2014-06-13',1269,0),(4334,10,'2014-06-13',3589,0),(4335,11,'2014-06-13',870,1),(4336,12,'2014-06-13',526,1),(4337,13,'2014-06-13',1878,0),(4338,14,'2014-06-13',3187,0),(4339,15,'2014-06-13',2721,1),(4340,16,'2014-06-13',1031,0),(4341,17,'2014-06-13',2146,0),(4342,18,'2014-06-13',5264,1),(4343,19,'2014-06-13',2867,0),(4344,20,'2014-06-13',3087,0),(4345,21,'2014-06-13',230,0),(4346,22,'2014-06-13',541,0),(4347,23,'2014-06-13',709,0),(4348,24,'2014-06-13',915,0),(4349,25,'2014-06-13',1697,1),(4350,26,'2014-06-13',82,0),(4351,27,'2014-06-13',386,0),(4352,28,'2014-06-13',72240,1),(4353,29,'2014-06-13',911,1),(4354,30,'2014-06-13',526,0),(4355,31,'2014-06-13',3189,1),(4356,33,'2014-06-13',9037,0),(4357,34,'2014-06-13',1329,1),(4358,35,'2014-06-13',3512,1),(4359,36,'2014-06-13',6841,1),(4360,37,'2014-06-13',4336,1),(4361,38,'2014-06-13',2536,1),(4362,39,'2014-06-13',4784,0),(4363,40,'2014-06-13',4687,1),(4364,41,'2014-06-13',1382,0),(4365,42,'2014-06-13',3699,1),(4366,43,'2014-06-13',4165,1),(4367,44,'2014-06-13',3063,1),(4368,45,'2014-06-13',4677,0),(4369,46,'2014-06-13',3865,1),(4370,47,'2014-06-13',11212,0),(4371,48,'2014-06-13',745,1),(4372,49,'2014-06-13',4389,1),(4373,50,'2014-06-13',6256,1),(4374,51,'2014-06-13',1734,0),(4375,52,'2014-06-13',2793,1),(4376,53,'2014-06-13',1203,0),(4377,54,'2014-06-13',676,0),(4378,55,'2014-06-13',1621,0),(4379,56,'2014-06-13',2076,0),(4380,57,'2014-06-13',2149,1),(4381,58,'2014-06-13',1811,1),(4382,59,'2014-06-13',7826,1),(4383,60,'2014-06-13',1771,0),(4384,61,'2014-06-13',901,0),(4385,62,'2014-06-13',2034,1),(4386,63,'2014-06-13',2369,1),(4387,64,'2014-06-13',11607,1),(4388,65,'2014-06-13',4714,1),(4389,66,'2014-06-13',1360,0),(4390,68,'2014-06-13',1469,0),(4391,69,'2014-06-13',252,1),(4392,70,'2014-06-13',3023,0),(4393,73,'2014-06-13',1352,1),(4394,74,'2014-06-13',4197,1),(4395,75,'2014-06-13',1018,0),(4396,76,'2014-06-13',1169,1),(4397,77,'2014-06-13',745,0),(4398,78,'2014-06-13',368,0),(4399,79,'2014-06-13',242,0),(4400,80,'2014-06-13',479,0),(4401,81,'2014-06-13',250,0),(4402,82,'2014-06-13',18,0),(4403,83,'2014-06-13',420,0),(4404,84,'2014-06-13',2412,1),(4405,85,'2014-06-13',5944,0),(4406,86,'2014-06-13',856,0),(4407,87,'2014-06-13',7688,0),(4408,88,'2014-06-13',1491,0),(4409,90,'2014-06-13',807,1),(4410,91,'2014-06-13',8014,1),(4411,92,'2014-06-13',878,0),(4412,93,'2014-06-13',4331,0),(4413,94,'2014-06-13',2395,0),(4414,95,'2014-06-13',2084,0),(4415,96,'2014-06-13',716,0),(4416,97,'2014-06-13',380,0),(4417,98,'2014-06-13',737,0),(4418,99,'2014-06-13',587,0),(4419,101,'2014-06-13',66,0),(4420,102,'2014-06-13',3601,0),(4421,103,'2014-06-13',506,0),(4422,104,'2014-06-13',2982,0),(4423,106,'2014-06-13',1072,0),(4424,107,'2014-06-13',2497,0),(4425,109,'2014-06-13',115,0),(4426,110,'2014-06-13',9540,0),(4427,111,'2014-06-13',1124,0),(4428,112,'2014-06-13',1845,0),(4429,113,'2014-06-13',642,0),(4430,114,'2014-06-13',768,0),(4431,115,'2014-06-13',592,0),(4432,116,'2014-06-13',5315,0),(4433,117,'2014-06-13',523,0),(4434,118,'2014-06-13',643,0),(4435,119,'2014-06-13',336,0),(4436,120,'2014-06-13',1489,1),(4437,121,'2014-06-13',370,0),(4438,123,'2014-06-13',1548,0),(4439,124,'2014-06-13',76,0),(4440,125,'2014-06-13',8240,1),(4441,126,'2014-06-13',870,0),(4442,127,'2014-06-13',563,0),(4443,128,'2014-06-13',725,1),(4444,129,'2014-06-13',6,0),(4445,130,'2014-06-13',409,0),(4446,131,'2014-06-13',130,0),(4447,132,'2014-06-13',122,0),(4448,133,'2014-06-13',245,0),(4449,134,'2014-06-13',4632,1),(4450,137,'2014-06-13',1947,0),(4451,138,'2014-06-13',2006,0),(4452,139,'2014-06-13',1142,0),(4453,140,'2014-06-13',172,0),(4454,141,'2014-06-13',682,0),(4455,142,'2014-06-13',612,0),(4456,143,'2014-06-13',4744,0),(4457,145,'2014-06-13',1848,0),(4458,146,'2014-06-13',2410,1),(4459,147,'2014-06-13',1211,1),(4460,1,'2014-06-14',1448,0),(4461,2,'2014-06-14',2326,1),(4462,3,'2014-06-14',2929,0),(4463,4,'2014-06-14',5597,0),(4464,5,'2014-06-14',1495,1),(4465,6,'2014-06-14',723,1),(4466,7,'2014-06-14',2616,1),(4467,8,'2014-06-14',746,1),(4468,9,'2014-06-14',1270,1),(4469,1,'2014-06-15',1449,1),(4470,2,'2014-06-15',2325,1),(4471,3,'2014-06-15',2943,1),(4472,4,'2014-06-15',5597,0),(4473,5,'2014-06-15',1496,1),(4474,6,'2014-06-15',723,0),(4475,7,'2014-06-15',2621,1),(4476,8,'2014-06-15',748,0),(4477,9,'2014-06-15',1271,1),(4478,10,'2014-06-15',3601,0),(4479,11,'2014-06-15',854,0),(4480,12,'2014-06-15',538,0),(4481,13,'2014-06-15',1878,0),(4482,14,'2014-06-15',3189,0),(4483,15,'2014-06-15',2727,0),(4484,16,'2014-06-15',1036,0),(4485,17,'2014-06-15',2158,0),(4486,18,'2014-06-15',5269,1),(4487,19,'2014-06-15',2867,0),(4488,20,'2014-06-15',3088,0),(4489,21,'2014-06-15',231,0),(4490,22,'2014-06-15',541,0),(4491,23,'2014-06-15',709,0),(4492,24,'2014-06-15',917,0),(4493,25,'2014-06-15',1697,0),(4494,26,'2014-06-15',82,0),(4495,27,'2014-06-15',403,0),(4496,28,'2014-06-15',72271,0),(4497,29,'2014-06-15',921,0),(4498,30,'2014-06-15',526,0),(4499,31,'2014-06-15',3192,1),(4500,33,'2014-06-15',9038,0),(4501,34,'2014-06-15',1330,0),(4502,35,'2014-06-15',3513,0),(4503,36,'2014-06-15',6852,1),(4504,37,'2014-06-15',4340,1),(4505,38,'2014-06-15',2539,1),(4506,39,'2014-06-15',4785,0),(4507,40,'2014-06-15',4688,1),(4508,41,'2014-06-15',1381,0),(4509,42,'2014-06-15',3704,0),(4510,43,'2014-06-15',4169,0),(4511,44,'2014-06-15',3067,1),(4512,45,'2014-06-15',4678,0),(4513,46,'2014-06-15',3871,1),(4514,47,'2014-06-15',11211,0),(4515,48,'2014-06-15',750,1),(4516,49,'2014-06-15',4391,0),(4517,50,'2014-06-15',6264,1),(4518,51,'2014-06-15',1736,0),(4519,52,'2014-06-15',2796,0),(4520,53,'2014-06-15',1204,0),(4521,54,'2014-06-15',677,1),(4522,55,'2014-06-15',1621,0),(4523,56,'2014-06-15',2077,0),(4524,57,'2014-06-15',2150,1),(4525,58,'2014-06-15',1815,0),(4526,59,'2014-06-15',7840,0),(4527,60,'2014-06-15',1770,0),(4528,61,'2014-06-15',901,0),(4529,62,'2014-06-15',2040,1),(4530,63,'2014-06-15',2375,0),(4531,64,'2014-06-15',11611,1),(4532,65,'2014-06-15',4727,0),(4533,66,'2014-06-15',1361,0),(4534,68,'2014-06-15',1471,0),(4535,69,'2014-06-15',253,0),(4536,70,'2014-06-15',3025,0),(4537,73,'2014-06-15',1374,0),(4538,74,'2014-06-15',4269,0),(4539,75,'2014-06-15',1019,0),(4540,76,'2014-06-15',1170,1),(4541,77,'2014-06-15',745,0),(4542,78,'2014-06-15',369,0),(4543,79,'2014-06-15',242,0),(4544,80,'2014-06-15',480,0),(4545,81,'2014-06-15',250,0),(4546,82,'2014-06-15',18,0),(4547,83,'2014-06-15',420,0),(4548,84,'2014-06-15',2416,1),(4549,85,'2014-06-15',5953,1),(4550,86,'2014-06-15',858,0),(4551,87,'2014-06-15',7692,0),(4552,88,'2014-06-15',1497,1),(4553,90,'2014-06-15',807,0),(4554,91,'2014-06-15',8021,0),(4555,92,'2014-06-15',879,0),(4556,93,'2014-06-15',4334,0),(4557,94,'2014-06-15',2397,0),(4558,95,'2014-06-15',2089,0),(4559,96,'2014-06-15',722,0),(4560,97,'2014-06-15',380,0),(4561,98,'2014-06-15',738,0),(4562,99,'2014-06-15',589,0),(4563,101,'2014-06-15',66,0),(4564,102,'2014-06-15',3602,1),(4565,103,'2014-06-15',506,1),(4566,104,'2014-06-15',2990,1),(4567,106,'2014-06-15',1073,0),(4568,107,'2014-06-15',2497,0),(4569,109,'2014-06-15',120,0),(4570,110,'2014-06-15',9570,0),(4571,111,'2014-06-15',1126,0),(4572,112,'2014-06-15',1847,0),(4573,113,'2014-06-15',647,0),(4574,114,'2014-06-15',772,1),(4575,115,'2014-06-15',592,1),(4576,116,'2014-06-15',5323,0),(4577,117,'2014-06-15',523,0),(4578,118,'2014-06-15',644,0),(4579,119,'2014-06-15',336,0),(4580,120,'2014-06-15',1497,1),(4581,121,'2014-06-15',372,0),(4582,123,'2014-06-15',1551,0),(4583,124,'2014-06-15',76,0),(4584,125,'2014-06-15',8251,1),(4585,126,'2014-06-15',870,0),(4586,127,'2014-06-15',565,0),(4587,128,'2014-06-15',726,1),(4588,129,'2014-06-15',6,0),(4589,130,'2014-06-15',410,0),(4590,131,'2014-06-15',131,0),(4591,132,'2014-06-15',122,0),(4592,133,'2014-06-15',245,0),(4593,134,'2014-06-15',4636,0),(4594,137,'2014-06-15',1948,0),(4595,138,'2014-06-15',2006,0),(4596,139,'2014-06-15',1147,0),(4597,140,'2014-06-15',172,0),(4598,141,'2014-06-15',682,0),(4599,142,'2014-06-15',613,0),(4600,143,'2014-06-15',4745,0),(4601,145,'2014-06-15',1858,0),(4602,146,'2014-06-15',2418,1),(4603,147,'2014-06-15',1213,0),(4604,1,'2014-06-16',1449,1),(4605,2,'2014-06-16',2325,1),(4606,3,'2014-06-16',2965,1),(4607,4,'2014-06-16',5600,1),(4608,5,'2014-06-16',1497,1),(4609,6,'2014-06-16',723,1),(4610,7,'2014-06-16',2625,1),(4611,8,'2014-06-16',749,1),(4612,9,'2014-06-16',1271,1),(4613,10,'2014-06-16',3619,1),(4614,11,'2014-06-16',851,1),(4615,12,'2014-06-16',548,1),(4616,13,'2014-06-16',1886,1),(4617,14,'2014-06-16',3190,1),(4618,15,'2014-06-16',2729,1),(4619,16,'2014-06-16',1045,1),(4620,17,'2014-06-16',2165,1),(4621,18,'2014-06-16',5270,1),(4622,19,'2014-06-16',2868,1),(4623,20,'2014-06-16',3092,1),(4624,21,'2014-06-16',232,0),(4625,22,'2014-06-16',541,1),(4626,23,'2014-06-16',709,0),(4627,24,'2014-06-16',917,1),(4628,25,'2014-06-16',1697,1),(4629,26,'2014-06-16',82,0),(4630,27,'2014-06-16',418,1),(4631,28,'2014-06-16',72278,1),(4632,29,'2014-06-16',925,0),(4633,30,'2014-06-16',526,0),(4634,31,'2014-06-16',3195,0),(4635,33,'2014-06-16',9040,1),(4636,34,'2014-06-16',1330,1),(4637,35,'2014-06-16',3514,0),(4638,36,'2014-06-16',6864,1),(4639,37,'2014-06-16',4342,1),(4640,38,'2014-06-16',2541,1),(4641,39,'2014-06-16',4786,1),(4642,40,'2014-06-16',4690,1),(4643,41,'2014-06-16',1381,0),(4644,42,'2014-06-16',3704,1),(4645,43,'2014-06-16',4170,1),(4646,44,'2014-06-16',3068,1),(4647,45,'2014-06-16',4679,1),(4648,46,'2014-06-16',3873,1),(4649,47,'2014-06-16',11211,1),(4650,48,'2014-06-16',750,1),(4651,49,'2014-06-16',4397,0),(4652,50,'2014-06-16',6272,1),(4653,51,'2014-06-16',1736,0),(4654,52,'2014-06-16',2797,1),(4655,53,'2014-06-16',1204,1),(4656,54,'2014-06-16',679,0),(4657,55,'2014-06-16',1621,1),(4658,56,'2014-06-16',2080,0),(4659,57,'2014-06-16',2151,0),(4660,58,'2014-06-16',1817,1),(4661,59,'2014-06-16',7842,1),(4662,60,'2014-06-16',1770,0),(4663,61,'2014-06-16',901,0),(4664,62,'2014-06-16',2041,1),(4665,63,'2014-06-16',2376,0),(4666,64,'2014-06-16',11619,1),(4667,65,'2014-06-16',4742,1),(4668,66,'2014-06-16',1361,0),(4669,68,'2014-06-16',1471,1),(4670,69,'2014-06-16',254,1),(4671,70,'2014-06-16',3025,1),(4672,73,'2014-06-16',1391,1),(4673,74,'2014-06-16',4294,1),(4674,75,'2014-06-16',1019,1),(4675,76,'2014-06-16',1170,0),(4676,77,'2014-06-16',745,0),(4677,78,'2014-06-16',369,1),(4678,79,'2014-06-16',242,0),(4679,80,'2014-06-16',479,0),(4680,81,'2014-06-16',250,0),(4681,82,'2014-06-16',18,0),(4682,83,'2014-06-16',420,0),(4683,84,'2014-06-16',2417,0),(4684,85,'2014-06-16',5963,0),(4685,86,'2014-06-16',858,0),(4686,87,'2014-06-16',7695,0),(4687,88,'2014-06-16',1501,1),(4688,90,'2014-06-16',807,0),(4689,91,'2014-06-16',8027,1),(4690,92,'2014-06-16',879,1),(4691,93,'2014-06-16',4336,0),(4692,94,'2014-06-16',2397,0),(4693,95,'2014-06-16',2089,1),(4694,96,'2014-06-16',724,0),(4695,97,'2014-06-16',381,1),(4696,98,'2014-06-16',738,1),(4697,99,'2014-06-16',590,1),(4698,101,'2014-06-16',66,0),(4699,102,'2014-06-16',3604,0),(4700,103,'2014-06-16',507,0),(4701,104,'2014-06-16',2990,1),(4702,106,'2014-06-16',1075,0),(4703,107,'2014-06-16',2497,1),(4704,109,'2014-06-16',124,0),(4705,110,'2014-06-16',9594,0),(4706,111,'2014-06-16',1129,0),(4707,112,'2014-06-16',1847,0),(4708,113,'2014-06-16',650,0),(4709,114,'2014-06-16',773,0),(4710,115,'2014-06-16',594,0),(4711,116,'2014-06-16',5327,0),(4712,117,'2014-06-16',523,0),(4713,118,'2014-06-16',644,0),(4714,119,'2014-06-16',336,0),(4715,120,'2014-06-16',1509,0),(4716,121,'2014-06-16',372,0),(4717,123,'2014-06-16',1552,1),(4718,124,'2014-06-16',76,0),(4719,125,'2014-06-16',8268,1),(4720,126,'2014-06-16',871,0),(4721,127,'2014-06-16',565,0),(4722,128,'2014-06-16',726,1),(4723,129,'2014-06-16',6,0),(4724,130,'2014-06-16',411,0),(4725,131,'2014-06-16',133,1),(4726,132,'2014-06-16',122,0),(4727,133,'2014-06-16',245,0),(4728,134,'2014-06-16',4639,1),(4729,137,'2014-06-16',1948,1),(4730,138,'2014-06-16',2007,0),(4731,139,'2014-06-16',1149,0),(4732,140,'2014-06-16',172,0),(4733,141,'2014-06-16',682,0),(4734,142,'2014-06-16',613,1),(4735,143,'2014-06-16',4745,1),(4736,145,'2014-06-16',1863,0),(4737,146,'2014-06-16',2430,1),(4738,147,'2014-06-16',1214,0),(4739,1,'2014-06-17',1450,1),(4740,2,'2014-06-17',2325,1),(4741,3,'2014-06-17',2986,1),(4742,4,'2014-06-17',5599,0),(4743,5,'2014-06-17',1498,0),(4744,6,'2014-06-17',724,0),(4745,7,'2014-06-17',2632,1),(4746,8,'2014-06-17',765,0),(4747,9,'2014-06-17',1275,0),(4748,10,'2014-06-17',3626,1),(4749,11,'2014-06-17',850,0),(4750,12,'2014-06-17',549,0),(4751,13,'2014-06-17',1887,1),(4752,14,'2014-06-17',3188,0),(4753,15,'2014-06-17',2729,1),(4754,16,'2014-06-17',1046,0),(4755,17,'2014-06-17',2167,1),(4756,18,'2014-06-17',5274,1),(4757,19,'2014-06-17',2870,0),(4758,20,'2014-06-17',3093,1),(4759,21,'2014-06-17',234,0),(4760,22,'2014-06-17',542,0),(4761,23,'2014-06-17',708,0),(4762,24,'2014-06-17',918,0),(4763,25,'2014-06-17',1697,1),(4764,26,'2014-06-17',82,0),(4765,27,'2014-06-17',434,1),(4766,28,'2014-06-17',72287,0),(4767,29,'2014-06-17',927,1),(4768,30,'2014-06-17',526,0),(4769,31,'2014-06-17',3197,0),(4770,33,'2014-06-17',9041,0),(4771,34,'2014-06-17',1329,1),(4772,35,'2014-06-17',3515,1),(4773,36,'2014-06-17',6892,1),(4774,37,'2014-06-17',4343,1),(4775,38,'2014-06-17',2539,1),(4776,39,'2014-06-17',4790,0),(4777,40,'2014-06-17',4693,1),(4778,41,'2014-06-17',1381,0),(4779,42,'2014-06-17',3706,1),(4780,43,'2014-06-17',4172,1),(4781,44,'2014-06-17',3073,0),(4782,45,'2014-06-17',4683,0),(4783,46,'2014-06-17',3877,0),(4784,47,'2014-06-17',11212,0),(4785,48,'2014-06-17',750,0),(4786,49,'2014-06-17',4399,1),(4787,50,'2014-06-17',6282,1),(4788,51,'2014-06-17',1736,0),(4789,52,'2014-06-17',2799,0),(4790,53,'2014-06-17',1204,0),(4791,54,'2014-06-17',679,1),(4792,55,'2014-06-17',1624,0),(4793,56,'2014-06-17',2080,0),(4794,57,'2014-06-17',2152,0),(4795,58,'2014-06-17',1818,0),(4796,59,'2014-06-17',7846,0),(4797,60,'2014-06-17',1770,0),(4798,61,'2014-06-17',901,0),(4799,62,'2014-06-17',2042,1),(4800,63,'2014-06-17',2377,0),(4801,64,'2014-06-17',11626,0),(4802,65,'2014-06-17',4747,0),(4803,66,'2014-06-17',1360,0),(4804,68,'2014-06-17',1471,0),(4805,69,'2014-06-17',254,0),(4806,70,'2014-06-17',3026,1),(4807,73,'2014-06-17',1401,1),(4808,74,'2014-06-17',4336,1),(4809,75,'2014-06-17',1020,0),(4810,76,'2014-06-17',1172,0),(4811,77,'2014-06-17',745,0),(4812,78,'2014-06-17',371,0),(4813,79,'2014-06-17',242,0),(4814,80,'2014-06-17',479,0),(4815,81,'2014-06-17',250,0),(4816,82,'2014-06-17',18,0),(4817,83,'2014-06-17',420,0),(4818,84,'2014-06-17',2420,0),(4819,85,'2014-06-17',5966,0),(4820,86,'2014-06-17',859,0),(4821,87,'2014-06-17',7695,0),(4822,88,'2014-06-17',1504,0),(4823,90,'2014-06-17',807,0),(4824,91,'2014-06-17',8026,0),(4825,92,'2014-06-17',880,1),(4826,93,'2014-06-17',4341,0),(4827,94,'2014-06-17',2397,0),(4828,95,'2014-06-17',2090,0),(4829,96,'2014-06-17',724,0),(4830,97,'2014-06-17',382,0),(4831,98,'2014-06-17',739,0),(4832,99,'2014-06-17',591,0),(4833,101,'2014-06-17',66,0),(4834,102,'2014-06-17',3611,1),(4835,103,'2014-06-17',507,0),(4836,104,'2014-06-17',2991,0),(4837,106,'2014-06-17',1076,0),(4838,107,'2014-06-17',2499,0),(4839,109,'2014-06-17',125,0),(4840,110,'2014-06-17',9606,1),(4841,111,'2014-06-17',1129,0),(4842,112,'2014-06-17',1849,1),(4843,114,'2014-06-17',773,0),(4844,115,'2014-06-17',596,0),(4845,116,'2014-06-17',5330,0),(4846,117,'2014-06-17',524,0),(4847,118,'2014-06-17',646,0),(4848,119,'2014-06-17',336,0),(4849,120,'2014-06-17',1516,0),(4850,121,'2014-06-17',373,0),(4851,123,'2014-06-17',1552,0),(4852,124,'2014-06-17',76,0),(4853,125,'2014-06-17',8271,1),(4854,126,'2014-06-17',871,0),(4855,127,'2014-06-17',567,0),(4856,128,'2014-06-17',727,1),(4857,129,'2014-06-17',6,0),(4858,130,'2014-06-17',412,0),(4859,131,'2014-06-17',133,0),(4860,132,'2014-06-17',122,0),(4861,133,'2014-06-17',245,0),(4862,134,'2014-06-17',4650,0),(4863,137,'2014-06-17',1947,0),(4864,138,'2014-06-17',2007,1),(4865,139,'2014-06-17',1158,0),(4866,140,'2014-06-17',172,0),(4867,141,'2014-06-17',682,0),(4868,142,'2014-06-17',613,0),(4869,143,'2014-06-17',4745,0),(4870,145,'2014-06-17',1863,1),(4871,146,'2014-06-17',2434,1),(4872,147,'2014-06-17',1214,1),(4873,1,'2014-06-18',1454,0),(4874,2,'2014-06-18',2326,0),(4875,3,'2014-06-18',3008,0),(4876,4,'2014-06-18',5599,0),(4877,5,'2014-06-18',1498,0),(4878,6,'2014-06-18',726,0),(4879,7,'2014-06-18',2635,1),(4880,8,'2014-06-18',765,0),(4881,9,'2014-06-18',1277,0),(4882,10,'2014-06-18',3637,0),(4883,11,'2014-06-18',845,0),(4884,12,'2014-06-18',552,0),(4885,13,'2014-06-18',1888,0),(4886,14,'2014-06-18',3190,0),(4887,15,'2014-06-18',2727,0),(4888,16,'2014-06-18',1051,1),(4889,17,'2014-06-18',2173,0),(4890,18,'2014-06-18',5277,0),(4891,19,'2014-06-18',2873,0),(4892,20,'2014-06-18',3094,0),(4893,21,'2014-06-18',234,0),(4894,22,'2014-06-18',542,0),(4895,23,'2014-06-18',708,0),(4896,24,'2014-06-18',918,0),(4897,25,'2014-06-18',1698,1),(4898,26,'2014-06-18',82,0),(4899,27,'2014-06-18',445,0),(4900,28,'2014-06-18',72299,1),(4901,29,'2014-06-18',928,0),(4902,30,'2014-06-18',526,0),(4903,31,'2014-06-18',3198,1),(4904,33,'2014-06-18',9041,0),(4905,34,'2014-06-18',1328,0),(4906,35,'2014-06-18',3517,0),(4907,36,'2014-06-18',6908,1),(4908,37,'2014-06-18',4342,1),(4909,38,'2014-06-18',2540,0),(4910,39,'2014-06-18',4789,0),(4911,40,'2014-06-18',4697,1),(4912,41,'2014-06-18',1381,0),(4913,42,'2014-06-18',3709,0),(4914,43,'2014-06-18',4174,0),(4915,44,'2014-06-18',3079,1),(4916,45,'2014-06-18',4689,0),(4917,46,'2014-06-18',3875,0),(4918,47,'2014-06-18',11213,0),(4919,48,'2014-06-18',752,1),(4920,49,'2014-06-18',4398,0),(4921,50,'2014-06-18',6292,1),(4922,51,'2014-06-18',1737,0),(4923,52,'2014-06-18',2802,0),(4924,53,'2014-06-18',1204,0),(4925,54,'2014-06-18',679,0),(4926,55,'2014-06-18',1624,0),(4927,56,'2014-06-18',2081,0),(4928,57,'2014-06-18',2152,0),(4929,58,'2014-06-18',1818,0),(4930,59,'2014-06-18',7853,1),(4931,60,'2014-06-18',1770,0),(4932,61,'2014-06-18',901,0),(4933,62,'2014-06-18',2044,1),(4934,63,'2014-06-18',2380,0),(4935,64,'2014-06-18',11629,0),(4936,65,'2014-06-18',4759,1),(4937,66,'2014-06-18',1361,0),(4938,68,'2014-06-18',1471,0),(4939,69,'2014-06-18',254,0),(4940,70,'2014-06-18',3025,1),(4941,73,'2014-06-18',1415,1),(4942,74,'2014-06-18',4361,1),(4943,75,'2014-06-18',1020,0),(4944,76,'2014-06-18',1173,0),(4945,77,'2014-06-18',745,0),(4946,78,'2014-06-18',374,0),(4947,79,'2014-06-18',242,0),(4948,80,'2014-06-18',479,0),(4949,81,'2014-06-18',250,0),(4950,82,'2014-06-18',18,0),(4951,83,'2014-06-18',420,0),(4952,84,'2014-06-18',2424,0),(4953,85,'2014-06-18',5974,1),(4954,86,'2014-06-18',859,0),(4955,87,'2014-06-18',7695,0),(4956,88,'2014-06-18',1506,1),(4957,90,'2014-06-18',808,0),(4958,91,'2014-06-18',8025,0),(4959,92,'2014-06-18',884,0),(4960,93,'2014-06-18',4345,0),(4961,94,'2014-06-18',2397,0),(4962,95,'2014-06-18',2096,0),(4963,96,'2014-06-18',726,0),(4964,97,'2014-06-18',383,0),(4965,98,'2014-06-18',739,0),(4966,99,'2014-06-18',591,0),(4967,101,'2014-06-18',66,0),(4968,102,'2014-06-18',3611,1),(4969,103,'2014-06-18',507,0),(4970,104,'2014-06-18',2992,0),(4971,106,'2014-06-18',1076,0),(4972,107,'2014-06-18',2501,1),(4973,109,'2014-06-18',126,0),(4974,110,'2014-06-18',9612,0),(4975,111,'2014-06-18',1129,0),(4976,112,'2014-06-18',1850,0),(4977,114,'2014-06-18',774,0),(4978,115,'2014-06-18',597,0),(4979,116,'2014-06-18',5336,0),(4980,117,'2014-06-18',524,0),(4981,118,'2014-06-18',647,0),(4982,119,'2014-06-18',337,0),(4983,120,'2014-06-18',1521,0),(4984,121,'2014-06-18',374,0),(4985,123,'2014-06-18',1552,0),(4986,124,'2014-06-18',76,0),(4987,125,'2014-06-18',8271,1),(4988,126,'2014-06-18',872,0),(4989,127,'2014-06-18',568,0),(4990,128,'2014-06-18',728,1),(4991,129,'2014-06-18',6,0),(4992,130,'2014-06-18',412,0),(4993,131,'2014-06-18',133,0),(4994,132,'2014-06-18',122,0),(4995,133,'2014-06-18',245,0),(4996,134,'2014-06-18',4654,0),(4997,137,'2014-06-18',1947,0),(4998,138,'2014-06-18',2006,0),(4999,139,'2014-06-18',1160,0),(5000,140,'2014-06-18',172,0),(5001,141,'2014-06-18',683,0),(5002,142,'2014-06-18',613,1),(5003,143,'2014-06-18',4746,1),(5004,145,'2014-06-18',1865,0),(5005,146,'2014-06-18',2443,1),(5006,147,'2014-06-18',1217,0),(5007,1,'2014-06-20',1460,0),(5008,2,'2014-06-20',2328,0),(5009,3,'2014-06-20',3045,1),(5010,4,'2014-06-20',5601,1),(5011,5,'2014-06-20',1500,0),(5012,6,'2014-06-20',729,0),(5013,7,'2014-06-20',2643,0),(5014,8,'2014-06-20',770,0),(5015,9,'2014-06-20',1279,1),(5016,10,'2014-06-20',3651,1),(5017,11,'2014-06-20',837,0),(5018,12,'2014-06-20',561,1),(5019,13,'2014-06-20',1891,1),(5020,14,'2014-06-20',3194,0),(5021,15,'2014-06-20',2730,1),(5022,16,'2014-06-20',1055,0),(5023,17,'2014-06-20',2180,0),(5024,18,'2014-06-20',5280,0),(5025,19,'2014-06-20',2873,1),(5026,20,'2014-06-20',3101,0),(5027,21,'2014-06-20',235,0),(5028,22,'2014-06-20',545,0),(5029,23,'2014-06-20',709,0),(5030,24,'2014-06-20',917,0),(5031,25,'2014-06-20',1698,1),(5032,26,'2014-06-20',82,0),(5033,27,'2014-06-20',477,1),(5034,28,'2014-06-20',72310,1),(5035,29,'2014-06-20',936,1),(5036,30,'2014-06-20',527,0),(5037,31,'2014-06-20',3197,1),(5038,33,'2014-06-20',9044,0),(5039,34,'2014-06-20',1329,1),(5040,35,'2014-06-20',3520,0),(5041,36,'2014-06-20',6920,1),(5042,37,'2014-06-20',4340,0),(5043,38,'2014-06-20',2544,1),(5044,39,'2014-06-20',4794,0),(5045,40,'2014-06-20',4701,1),(5046,41,'2014-06-20',1381,0),(5047,42,'2014-06-20',3710,0),(5048,43,'2014-06-20',4179,0),(5049,44,'2014-06-20',3083,1),(5050,45,'2014-06-20',4693,1),(5051,46,'2014-06-20',3877,0),(5052,47,'2014-06-20',11210,0),(5053,48,'2014-06-20',752,0),(5054,49,'2014-06-20',4403,0),(5055,50,'2014-06-20',6315,1),(5056,51,'2014-06-20',1737,0),(5057,52,'2014-06-20',2805,0),(5058,53,'2014-06-20',1206,0),(5059,54,'2014-06-20',682,0),(5060,55,'2014-06-20',1625,0),(5061,56,'2014-06-20',2084,0),(5062,57,'2014-06-20',2152,0),(5063,58,'2014-06-20',1818,0),(5064,59,'2014-06-20',7867,0),(5065,60,'2014-06-20',1770,1),(5066,61,'2014-06-20',900,0),(5067,62,'2014-06-20',2044,0),(5068,63,'2014-06-20',2386,0),(5069,64,'2014-06-20',11634,0),(5070,65,'2014-06-20',4781,1),(5071,66,'2014-06-20',1362,0),(5072,68,'2014-06-20',1471,0),(5073,69,'2014-06-20',255,1),(5074,70,'2014-06-20',3027,1),(5075,73,'2014-06-20',1442,0),(5076,74,'2014-06-20',4446,1),(5077,75,'2014-06-20',1020,0),(5078,76,'2014-06-20',1174,1),(5079,77,'2014-06-20',746,0),(5080,78,'2014-06-20',374,0),(5081,79,'2014-06-20',242,0),(5082,80,'2014-06-20',479,0),(5083,81,'2014-06-20',250,0),(5084,82,'2014-06-20',18,0),(5085,83,'2014-06-20',421,0),(5086,84,'2014-06-20',2435,0),(5087,85,'2014-06-20',5979,0),(5088,86,'2014-06-20',860,0),(5089,87,'2014-06-20',7698,0),(5090,88,'2014-06-20',1511,1),(5091,90,'2014-06-20',811,0),(5092,91,'2014-06-20',8034,0),(5093,92,'2014-06-20',892,1),(5094,93,'2014-06-20',4360,0),(5095,94,'2014-06-20',2399,0),(5096,95,'2014-06-20',2099,0),(5097,96,'2014-06-20',730,0),(5098,97,'2014-06-20',386,1),(5099,98,'2014-06-20',741,1),(5100,99,'2014-06-20',592,1),(5101,101,'2014-06-20',66,0),(5102,102,'2014-06-20',3623,1),(5103,103,'2014-06-20',507,0),(5104,104,'2014-06-20',2994,0),(5105,106,'2014-06-20',1078,0),(5106,107,'2014-06-20',2506,0),(5107,109,'2014-06-20',130,0),(5108,110,'2014-06-20',9635,0),(5109,111,'2014-06-20',1131,0),(5110,112,'2014-06-20',1851,1),(5111,113,'2014-06-20',649,0),(5112,114,'2014-06-20',775,1),(5113,115,'2014-06-20',598,0),(5114,116,'2014-06-20',5340,1),(5115,117,'2014-06-20',524,0),(5116,118,'2014-06-20',648,0),(5117,119,'2014-06-20',338,0),(5118,120,'2014-06-20',1525,0),(5119,121,'2014-06-20',380,0),(5120,123,'2014-06-20',1554,0),(5121,124,'2014-06-20',76,0),(5122,125,'2014-06-20',8286,1),(5123,126,'2014-06-20',871,1),(5124,127,'2014-06-20',568,0),(5125,128,'2014-06-20',727,1),(5126,129,'2014-06-20',6,0),(5127,130,'2014-06-20',412,0),(5128,131,'2014-06-20',134,1),(5129,132,'2014-06-20',124,0),(5130,133,'2014-06-20',245,0),(5131,134,'2014-06-20',4663,0),(5132,137,'2014-06-20',1946,1),(5133,138,'2014-06-20',2006,0),(5134,139,'2014-06-20',1164,0),(5135,140,'2014-06-20',173,0),(5136,141,'2014-06-20',683,0),(5137,142,'2014-06-20',615,1),(5138,143,'2014-06-20',4751,1),(5139,145,'2014-06-20',1867,0),(5140,146,'2014-06-20',2458,1),(5141,147,'2014-06-20',1218,0),(5142,1,'2014-06-21',1463,1),(5143,2,'2014-06-21',2327,1),(5144,3,'2014-06-21',3060,1),(5145,4,'2014-06-21',5601,1),(5146,5,'2014-06-21',1500,1),(5147,6,'2014-06-21',729,1),(5148,7,'2014-06-21',2649,1),(5149,8,'2014-06-21',772,1),(5150,9,'2014-06-21',1279,1),(5151,10,'2014-06-21',3657,1),(5152,11,'2014-06-21',836,1),(5153,12,'2014-06-21',565,1),(5154,13,'2014-06-21',1893,1),(5155,14,'2014-06-21',3194,1),(5156,15,'2014-06-21',2731,1),(5157,16,'2014-06-21',1056,1),(5158,17,'2014-06-21',2182,1),(5159,18,'2014-06-21',5283,1),(5160,19,'2014-06-21',2873,1),(5161,20,'2014-06-21',3103,1),(5162,21,'2014-06-21',235,1),(5163,22,'2014-06-21',546,1),(5164,23,'2014-06-21',709,0),(5165,24,'2014-06-21',918,1),(5166,25,'2014-06-21',1698,1),(5167,26,'2014-06-21',82,0),(5168,27,'2014-06-21',493,1),(5169,28,'2014-06-21',72306,1),(5170,29,'2014-06-21',939,1),(5171,30,'2014-06-21',527,0),(5172,31,'2014-06-21',3199,1),(5173,33,'2014-06-21',9045,0),(5174,34,'2014-06-21',1329,0),(5175,35,'2014-06-21',3520,0),(5176,36,'2014-06-21',6930,1),(5177,37,'2014-06-21',4342,1),(5178,38,'2014-06-21',2544,1),(5179,39,'2014-06-21',4797,0),(5180,40,'2014-06-21',4706,1),(5181,41,'2014-06-21',1381,1),(5182,42,'2014-06-21',3712,0),(5183,43,'2014-06-21',4181,1),(5184,44,'2014-06-21',3087,1),(5185,45,'2014-06-21',4690,0),(5186,46,'2014-06-21',3881,0),(5187,47,'2014-06-21',11213,0),(5188,48,'2014-06-21',752,1),(5189,49,'2014-06-21',4406,0),(5190,50,'2014-06-21',6343,1),(5191,51,'2014-06-21',1737,0),(5192,52,'2014-06-21',2806,1),(5193,53,'2014-06-21',1207,0),(5194,54,'2014-06-21',682,0),(5195,55,'2014-06-21',1624,1),(5196,56,'2014-06-21',2084,0),(5197,57,'2014-06-21',2151,0),(5198,58,'2014-06-21',1820,1),(5199,59,'2014-06-21',7874,1),(5200,60,'2014-06-21',1769,0),(5201,61,'2014-06-21',899,0),(5202,62,'2014-06-21',2044,1),(5203,63,'2014-06-21',2387,0),(5204,64,'2014-06-21',11634,1),(5205,65,'2014-06-21',4787,1),(5206,66,'2014-06-21',1362,0),(5207,68,'2014-06-21',1471,0),(5208,69,'2014-06-21',257,0),(5209,70,'2014-06-21',3025,1),(5210,73,'2014-06-21',1452,0),(5211,74,'2014-06-21',4480,1),(5212,75,'2014-06-21',1022,1),(5213,76,'2014-06-21',1175,1),(5214,77,'2014-06-21',747,0),(5215,78,'2014-06-21',374,0),(5216,79,'2014-06-21',242,0),(5217,80,'2014-06-21',479,0),(5218,81,'2014-06-21',250,0),(5219,82,'2014-06-21',18,0),(5220,83,'2014-06-21',421,0),(5221,84,'2014-06-21',2440,0),(5222,85,'2014-06-21',5986,0),(5223,86,'2014-06-21',861,0),(5224,87,'2014-06-21',7706,0),(5225,88,'2014-06-21',1517,1),(5226,90,'2014-06-21',812,0),(5227,91,'2014-06-21',8036,1),(5228,92,'2014-06-21',892,1),(5229,93,'2014-06-21',4364,1),(5230,94,'2014-06-21',2400,0),(5231,95,'2014-06-21',2102,0),(5232,96,'2014-06-21',730,0),(5233,97,'2014-06-21',386,0),(5234,98,'2014-06-21',741,0),(5235,99,'2014-06-21',592,0),(5236,101,'2014-06-21',66,0),(5237,102,'2014-06-21',3625,1),(5238,103,'2014-06-21',508,0),(5239,104,'2014-06-21',2994,0),(5240,106,'2014-06-21',1077,0),(5241,107,'2014-06-21',2508,0),(5242,109,'2014-06-21',131,0),(5243,110,'2014-06-21',9645,0),(5244,111,'2014-06-21',1131,0),(5245,112,'2014-06-21',1851,1),(5246,113,'2014-06-21',649,0),(5247,114,'2014-06-21',777,0),(5248,115,'2014-06-21',599,0),(5249,116,'2014-06-21',5350,0),(5250,117,'2014-06-21',524,0),(5251,118,'2014-06-21',649,0),(5252,119,'2014-06-21',338,1),(5253,120,'2014-06-21',1526,1),(5254,121,'2014-06-21',380,0),(5255,123,'2014-06-21',1554,0),(5256,124,'2014-06-21',76,0),(5257,125,'2014-06-21',8294,1),(5258,126,'2014-06-21',873,0),(5259,127,'2014-06-21',571,0),(5260,128,'2014-06-21',728,1),(5261,129,'2014-06-21',6,0),(5262,130,'2014-06-21',412,0),(5263,131,'2014-06-21',134,0),(5264,132,'2014-06-21',125,0),(5265,133,'2014-06-21',246,0),(5266,134,'2014-06-21',4665,0),(5267,137,'2014-06-21',1945,0),(5268,138,'2014-06-21',2007,0),(5269,139,'2014-06-21',1165,0),(5270,140,'2014-06-21',173,0),(5271,141,'2014-06-21',683,1),(5272,142,'2014-06-21',615,0),(5273,143,'2014-06-21',4752,1),(5274,145,'2014-06-21',1872,0),(5275,146,'2014-06-21',2465,1),(5276,147,'2014-06-21',1218,1),(5277,1,'2014-06-22',1467,0),(5278,2,'2014-06-22',2328,1),(5279,3,'2014-06-22',3080,0),(5280,4,'2014-06-22',5603,1),(5281,5,'2014-06-22',1500,0),(5282,6,'2014-06-22',729,0),(5283,7,'2014-06-22',2648,0),(5284,8,'2014-06-22',772,0),(5285,9,'2014-06-22',1281,0),(5286,10,'2014-06-22',3665,0),(5287,11,'2014-06-22',834,0),(5288,12,'2014-06-22',573,1),(5289,13,'2014-06-22',1893,1),(5290,14,'2014-06-22',3196,0),(5291,15,'2014-06-22',2729,0),(5292,16,'2014-06-22',1056,0),(5293,17,'2014-06-22',2189,0),(5294,18,'2014-06-22',5284,1),(5295,19,'2014-06-22',2873,0),(5296,20,'2014-06-22',3103,0),(5297,21,'2014-06-22',237,0),(5298,22,'2014-06-22',547,1),(5299,23,'2014-06-22',709,0),(5300,24,'2014-06-22',917,0),(5301,25,'2014-06-22',1698,0),(5302,26,'2014-06-22',82,0),(5303,27,'2014-06-22',497,1),(5304,28,'2014-06-22',72310,0),(5305,29,'2014-06-22',940,1),(5306,30,'2014-06-22',527,0),(5307,31,'2014-06-22',3200,0),(5308,33,'2014-06-22',9047,0),(5309,34,'2014-06-22',1330,0),(5310,35,'2014-06-22',3522,0),(5311,36,'2014-06-22',6946,1),(5312,37,'2014-06-22',4341,1),(5313,38,'2014-06-22',2544,0),(5314,39,'2014-06-22',4798,0),(5315,40,'2014-06-22',4706,0),(5316,41,'2014-06-22',1380,0),(5317,42,'2014-06-22',3712,0),(5318,43,'2014-06-22',4181,0),(5319,44,'2014-06-22',3092,0),(5320,45,'2014-06-22',4691,0),(5321,46,'2014-06-22',3883,0),(5322,47,'2014-06-22',11216,0),(5323,48,'2014-06-22',753,1),(5324,49,'2014-06-22',4406,0),(5325,50,'2014-06-22',6374,1),(5326,51,'2014-06-22',1738,0),(5327,52,'2014-06-22',2807,0),(5328,53,'2014-06-22',1209,0),(5329,54,'2014-06-22',682,0),(5330,55,'2014-06-22',1624,0),(5331,56,'2014-06-22',2087,1),(5332,57,'2014-06-22',2151,0),(5333,58,'2014-06-22',1822,0),(5334,59,'2014-06-22',7887,0),(5335,60,'2014-06-22',1770,0),(5336,61,'2014-06-22',899,0),(5337,62,'2014-06-22',2045,0),(5338,63,'2014-06-22',2387,0),(5339,64,'2014-06-22',11636,1),(5340,65,'2014-06-22',4796,0),(5341,66,'2014-06-22',1362,0),(5342,68,'2014-06-22',1472,0),(5343,69,'2014-06-22',257,0),(5344,70,'2014-06-22',3025,1),(5345,73,'2014-06-22',1464,0),(5346,74,'2014-06-22',4507,1),(5347,75,'2014-06-22',1022,0),(5348,76,'2014-06-22',1176,1),(5349,77,'2014-06-22',747,0),(5350,78,'2014-06-22',374,0),(5351,79,'2014-06-22',242,0),(5352,80,'2014-06-22',479,0),(5353,81,'2014-06-22',251,0),(5354,82,'2014-06-22',18,0),(5355,83,'2014-06-22',421,0),(5356,84,'2014-06-22',2442,0),(5357,85,'2014-06-22',5992,0),(5358,86,'2014-06-22',861,0),(5359,87,'2014-06-22',7706,0),(5360,88,'2014-06-22',1520,1),(5361,90,'2014-06-22',812,0),(5362,91,'2014-06-22',8041,0),(5363,92,'2014-06-22',894,0),(5364,93,'2014-06-22',4370,0),(5365,94,'2014-06-22',2402,0),(5366,95,'2014-06-22',2101,1),(5367,96,'2014-06-22',729,0),(5368,97,'2014-06-22',388,0),(5369,98,'2014-06-22',740,0),(5370,99,'2014-06-22',592,0),(5371,101,'2014-06-22',66,0),(5372,102,'2014-06-22',3627,1),(5373,103,'2014-06-22',508,0),(5374,104,'2014-06-22',2994,1),(5375,106,'2014-06-22',1077,0),(5376,107,'2014-06-22',2509,1),(5377,109,'2014-06-22',131,0),(5378,110,'2014-06-22',9652,0),(5379,111,'2014-06-22',1133,0),(5380,112,'2014-06-22',1851,0),(5381,113,'2014-06-22',649,0),(5382,114,'2014-06-22',777,0),(5383,115,'2014-06-22',598,0),(5384,116,'2014-06-22',5360,0),(5385,117,'2014-06-22',526,0),(5386,118,'2014-06-22',652,0),(5387,119,'2014-06-22',340,0),(5388,120,'2014-06-22',1531,0),(5389,121,'2014-06-22',380,0),(5390,123,'2014-06-22',1555,0),(5391,124,'2014-06-22',76,0),(5392,125,'2014-06-22',8308,1),(5393,126,'2014-06-22',875,0),(5394,1,'2014-06-23',1470,1),(5395,2,'2014-06-23',2328,1),(5396,3,'2014-06-23',3094,1),(5397,4,'2014-06-23',5599,1),(5398,5,'2014-06-23',1501,1),(5399,6,'2014-06-23',730,1),(5400,7,'2014-06-23',2650,1),(5401,8,'2014-06-23',773,1),(5402,9,'2014-06-23',1281,1),(5403,10,'2014-06-23',3673,0),(5404,11,'2014-06-23',832,0),(5405,12,'2014-06-23',575,0),(5406,13,'2014-06-23',1894,1),(5407,14,'2014-06-23',3200,1),(5408,15,'2014-06-23',2730,1),(5409,16,'2014-06-23',1059,0),(5410,17,'2014-06-23',2194,0),(5411,18,'2014-06-23',5288,1),(5412,19,'2014-06-23',2873,1),(5413,20,'2014-06-23',3106,0),(5414,21,'2014-06-23',242,0),(5415,22,'2014-06-23',547,0),(5416,23,'2014-06-23',709,0),(5417,24,'2014-06-23',918,1),(5418,25,'2014-06-23',1699,1),(5419,26,'2014-06-23',82,0),(5420,27,'2014-06-23',504,1),(5421,28,'2014-06-23',72325,1),(5422,29,'2014-06-23',942,1),(5423,30,'2014-06-23',527,0),(5424,31,'2014-06-23',3205,1),(5425,33,'2014-06-23',9047,1),(5426,34,'2014-06-23',1329,0),(5427,35,'2014-06-23',3528,0),(5428,36,'2014-06-23',6964,1),(5429,37,'2014-06-23',4342,1),(5430,38,'2014-06-23',2545,0),(5431,39,'2014-06-23',4801,1),(5432,40,'2014-06-23',4709,1),(5433,41,'2014-06-23',1379,0),(5434,42,'2014-06-23',3713,1),(5435,43,'2014-06-23',4185,1),(5436,44,'2014-06-23',3095,0),(5437,45,'2014-06-23',4690,0),(5438,46,'2014-06-23',3887,0),(5439,47,'2014-06-23',11217,0),(5440,48,'2014-06-23',754,1),(5441,49,'2014-06-23',4407,0),(5442,50,'2014-06-23',6382,1),(5443,51,'2014-06-23',1737,0),(5444,52,'2014-06-23',2808,0),(5445,53,'2014-06-23',1209,0),(5446,54,'2014-06-23',682,0),(5447,55,'2014-06-23',1625,1),(5448,56,'2014-06-23',2088,0),(5449,57,'2014-06-23',2153,0),(5450,58,'2014-06-23',1822,1),(5451,59,'2014-06-23',7889,1),(5452,60,'2014-06-23',1769,0),(5453,61,'2014-06-23',899,0),(5454,62,'2014-06-23',2045,1),(5455,63,'2014-06-23',2389,0),(5456,64,'2014-06-23',11637,0),(5457,65,'2014-06-23',4802,1),(5458,66,'2014-06-23',1364,0),(5459,68,'2014-06-23',1472,0),(5460,69,'2014-06-23',257,0),(5461,70,'2014-06-23',3027,0),(5462,73,'2014-06-23',1476,0),(5463,74,'2014-06-23',4556,1),(5464,75,'2014-06-23',1021,0),(5465,76,'2014-06-23',1178,1),(5466,77,'2014-06-23',747,0),(5467,78,'2014-06-23',375,0),(5468,79,'2014-06-23',242,0),(5469,80,'2014-06-23',479,0),(5470,81,'2014-06-23',251,0),(5471,82,'2014-06-23',18,0),(5472,83,'2014-06-23',421,0),(5473,84,'2014-06-23',2444,0),(5474,85,'2014-06-23',5993,1),(5475,86,'2014-06-23',861,0),(5476,87,'2014-06-23',7710,0),(5477,88,'2014-06-23',1523,0),(5478,90,'2014-06-23',812,0),(5479,91,'2014-06-23',8048,0),(5480,92,'2014-06-23',894,1),(5481,93,'2014-06-23',4377,0),(5482,94,'2014-06-23',2403,0),(5483,95,'2014-06-23',2100,1),(5484,96,'2014-06-23',730,0),(5485,97,'2014-06-23',388,0),(5486,98,'2014-06-23',740,0),(5487,99,'2014-06-23',592,0),(5488,101,'2014-06-23',66,0),(5489,102,'2014-06-23',3630,0),(5490,103,'2014-06-23',509,0),(5491,104,'2014-06-23',2989,1),(5492,106,'2014-06-23',1078,0),(5493,107,'2014-06-23',2510,0),(5494,109,'2014-06-23',135,0),(5495,110,'2014-06-23',9667,0),(5496,111,'2014-06-23',1133,0),(5497,112,'2014-06-23',1853,0),(5498,113,'2014-06-23',649,0),(5499,114,'2014-06-23',777,0),(5500,115,'2014-06-23',599,0),(5501,116,'2014-06-23',5362,0),(5502,117,'2014-06-23',526,0),(5503,118,'2014-06-23',653,0),(5504,119,'2014-06-23',340,0),(5505,120,'2014-06-23',1535,0),(5506,121,'2014-06-23',380,0),(5507,123,'2014-06-23',1556,0),(5508,124,'2014-06-23',76,0),(5509,125,'2014-06-23',8323,0),(5510,126,'2014-06-23',875,0),(5511,127,'2014-06-23',573,0),(5512,128,'2014-06-23',728,1),(5513,129,'2014-06-23',6,0),(5514,130,'2014-06-23',413,0),(5515,131,'2014-06-23',137,0),(5516,132,'2014-06-23',125,0),(5517,133,'2014-06-23',246,0),(5518,134,'2014-06-23',4673,0),(5519,137,'2014-06-23',1945,1),(5520,138,'2014-06-23',2008,0),(5521,139,'2014-06-23',1172,0),(5522,140,'2014-06-23',174,0),(5523,141,'2014-06-23',683,0),(5524,142,'2014-06-23',618,0),(5525,143,'2014-06-23',4753,0),(5526,145,'2014-06-23',1876,0),(5527,146,'2014-06-23',2479,1),(5528,147,'2014-06-23',1219,1),(5529,1,'2014-06-24',1472,0),(5530,2,'2014-06-24',2329,0),(5531,3,'2014-06-24',3097,0),(5532,4,'2014-06-24',5600,0),(5533,5,'2014-06-24',1502,0),(5534,6,'2014-06-24',732,0),(5535,7,'2014-06-24',2651,0),(5536,8,'2014-06-24',774,0),(5537,9,'2014-06-24',1281,0),(5538,10,'2014-06-24',3678,1),(5539,11,'2014-06-24',830,1),(5540,12,'2014-06-24',577,0),(5541,13,'2014-06-24',1895,1),(5542,14,'2014-06-24',3202,0),(5543,15,'2014-06-24',2730,0),(5544,16,'2014-06-24',1061,1),(5545,17,'2014-06-24',2196,1),(5546,18,'2014-06-24',5291,1),(5547,19,'2014-06-24',2873,0),(5548,20,'2014-06-24',3106,1),(5549,21,'2014-06-24',245,0),(5550,22,'2014-06-24',547,0),(5551,23,'2014-06-24',709,0),(5552,24,'2014-06-24',919,0),(5553,25,'2014-06-24',1699,0),(5554,26,'2014-06-24',82,0),(5555,27,'2014-06-24',514,1),(5556,28,'2014-06-24',72325,1),(5557,29,'2014-06-24',943,0),(5558,30,'2014-06-24',527,0),(5559,31,'2014-06-24',3205,0),(5560,33,'2014-06-24',9051,1),(5561,34,'2014-06-24',1330,0),(5562,35,'2014-06-24',3527,0),(5563,36,'2014-06-24',6974,1),(5564,37,'2014-06-24',4342,0),(5565,38,'2014-06-24',2545,0),(5566,39,'2014-06-24',4804,0),(5567,40,'2014-06-24',4713,0),(5568,41,'2014-06-24',1380,0),(5569,42,'2014-06-24',3715,0),(5570,43,'2014-06-24',4190,0),(5571,44,'2014-06-24',3098,1),(5572,45,'2014-06-24',4690,0),(5573,46,'2014-06-24',3886,0),(5574,47,'2014-06-24',11223,0),(5575,48,'2014-06-24',753,1),(5576,49,'2014-06-24',4412,0),(5577,50,'2014-06-24',6388,0),(5578,51,'2014-06-24',1738,0),(5579,52,'2014-06-24',2808,0),(5580,53,'2014-06-24',1211,0),(5581,54,'2014-06-24',682,1),(5582,55,'2014-06-24',1626,0),(5583,56,'2014-06-24',2088,0),(5584,57,'2014-06-24',2154,0),(5585,58,'2014-06-24',1821,0),(5586,59,'2014-06-24',7898,0),(5587,60,'2014-06-24',1770,0),(5588,61,'2014-06-24',899,0),(5589,62,'2014-06-24',2046,1),(5590,63,'2014-06-24',2392,0),(5591,64,'2014-06-24',11637,0),(5592,65,'2014-06-24',4812,0),(5593,66,'2014-06-24',1364,0),(5594,68,'2014-06-24',1473,0),(5595,69,'2014-06-24',258,1),(5596,70,'2014-06-24',3027,0),(5597,73,'2014-06-24',1490,0),(5598,74,'2014-06-24',4589,0),(5599,75,'2014-06-24',1021,0),(5600,76,'2014-06-24',1179,1),(5601,77,'2014-06-24',747,0),(5602,78,'2014-06-24',376,0),(5603,79,'2014-06-24',242,0),(5604,80,'2014-06-24',479,0),(5605,81,'2014-06-24',251,0),(5606,82,'2014-06-24',18,0),(5607,83,'2014-06-24',421,0),(5608,84,'2014-06-24',2445,0),(5609,85,'2014-06-24',5994,1),(5610,86,'2014-06-24',861,0),(5611,87,'2014-06-24',7713,0),(5612,88,'2014-06-24',1529,1),(5613,90,'2014-06-24',812,0),(5614,91,'2014-06-24',8054,0),(5615,92,'2014-06-24',896,0),(5616,93,'2014-06-24',4380,1),(5617,94,'2014-06-24',2404,0),(5618,95,'2014-06-24',2100,0),(5619,96,'2014-06-24',730,0),(5620,97,'2014-06-24',390,0),(5621,98,'2014-06-24',741,0),(5622,99,'2014-06-24',592,0),(5623,101,'2014-06-24',66,0),(5624,102,'2014-06-24',3631,1),(5625,103,'2014-06-24',510,1),(5626,104,'2014-06-24',2988,0),(5627,106,'2014-06-24',1078,0),(5628,107,'2014-06-24',2511,0),(5629,109,'2014-06-24',138,0),(5630,110,'2014-06-24',9680,0),(5631,111,'2014-06-24',1133,1),(5632,112,'2014-06-24',1854,1),(5633,113,'2014-06-24',649,0),(5634,114,'2014-06-24',780,0),(5635,115,'2014-06-24',601,0),(5636,116,'2014-06-24',5372,0),(5637,117,'2014-06-24',526,0),(5638,118,'2014-06-24',655,0),(5639,119,'2014-06-24',341,0),(5640,120,'2014-06-24',1536,1),(5641,121,'2014-06-24',380,0),(5642,123,'2014-06-24',1557,1),(5643,124,'2014-06-24',76,0),(5644,125,'2014-06-24',8328,1),(5645,126,'2014-06-24',876,0),(5646,127,'2014-06-24',573,0),(5647,128,'2014-06-24',728,1),(5648,129,'2014-06-24',6,0),(5649,130,'2014-06-24',414,0),(5650,131,'2014-06-24',138,0),(5651,132,'2014-06-24',126,0),(5652,133,'2014-06-24',246,0),(5653,134,'2014-06-24',4678,0),(5654,137,'2014-06-24',1945,0),(5655,138,'2014-06-24',2008,0),(5656,139,'2014-06-24',1174,0),(5657,140,'2014-06-24',174,0),(5658,141,'2014-06-24',683,0),(5659,142,'2014-06-24',618,0),(5660,143,'2014-06-24',4752,0),(5661,145,'2014-06-24',1876,1),(5662,146,'2014-06-24',2483,1),(5663,147,'2014-06-24',1223,1),(5664,1,'2014-06-25',1474,0),(5665,2,'2014-06-25',2331,1),(5666,3,'2014-06-25',3097,0),(5667,4,'2014-06-25',5601,0),(5668,5,'2014-06-25',1503,1),(5669,6,'2014-06-25',733,0),(5670,7,'2014-06-25',2654,1),(5671,8,'2014-06-25',774,0),(5672,9,'2014-06-25',1282,0),(5673,10,'2014-06-25',3691,0),(5674,11,'2014-06-25',830,0),(5675,12,'2014-06-25',578,0),(5676,13,'2014-06-25',1895,0),(5677,14,'2014-06-25',3204,0),(5678,15,'2014-06-25',2730,1),(5679,16,'2014-06-25',1062,0),(5680,17,'2014-06-25',2204,0),(5681,18,'2014-06-25',5293,1),(5682,19,'2014-06-25',2873,1),(5683,20,'2014-06-25',3106,0),(5684,21,'2014-06-25',246,0),(5685,22,'2014-06-25',547,1),(5686,23,'2014-06-25',709,0),(5687,24,'2014-06-25',920,0),(5688,25,'2014-06-25',1699,1),(5689,26,'2014-06-25',82,0),(5690,27,'2014-06-25',523,1),(5691,28,'2014-06-25',72339,0),(5692,29,'2014-06-25',944,0),(5693,30,'2014-06-25',528,0),(5694,31,'2014-06-25',3205,0),(5695,33,'2014-06-25',9053,0),(5696,34,'2014-06-25',1330,0),(5697,35,'2014-06-25',3528,0),(5698,36,'2014-06-25',6978,1),(5699,37,'2014-06-25',4341,0),(5700,38,'2014-06-25',2545,0),(5701,39,'2014-06-25',4805,0),(5702,40,'2014-06-25',4713,0),(5703,41,'2014-06-25',1381,0),(5704,42,'2014-06-25',3716,0),(5705,43,'2014-06-25',4188,0),(5706,44,'2014-06-25',3101,1),(5707,45,'2014-06-25',4691,1),(5708,46,'2014-06-25',3885,0),(5709,47,'2014-06-25',11227,0),(5710,48,'2014-06-25',753,0),(5711,49,'2014-06-25',4413,1),(5712,50,'2014-06-25',6387,1),(5713,51,'2014-06-25',1738,0),(5714,52,'2014-06-25',2809,1),(5715,53,'2014-06-25',1212,0),(5716,54,'2014-06-25',687,0),(5717,55,'2014-06-25',1628,0),(5718,56,'2014-06-25',2088,0),(5719,57,'2014-06-25',2154,0),(5720,58,'2014-06-25',1820,0),(5721,59,'2014-06-25',7906,0),(5722,60,'2014-06-25',1772,0),(5723,61,'2014-06-25',899,0),(5724,62,'2014-06-25',2047,0),(5725,63,'2014-06-25',2392,0),(5726,64,'2014-06-25',11641,0),(5727,65,'2014-06-25',4823,0),(5728,66,'2014-06-25',1365,1),(5729,68,'2014-06-25',1473,0),(5730,69,'2014-06-25',258,0),(5731,70,'2014-06-25',3027,0),(5732,73,'2014-06-25',1501,1),(5733,74,'2014-06-25',4627,1),(5734,75,'2014-06-25',1021,0),(5735,76,'2014-06-25',1181,1),(5736,77,'2014-06-25',747,0),(5737,78,'2014-06-25',376,0),(5738,79,'2014-06-25',242,0),(5739,80,'2014-06-25',479,0),(5740,81,'2014-06-25',251,0),(5741,82,'2014-06-25',18,0),(5742,83,'2014-06-25',421,0),(5743,84,'2014-06-25',2453,1),(5744,85,'2014-06-25',5999,1),(5745,86,'2014-06-25',861,0),(5746,87,'2014-06-25',7714,0),(5747,88,'2014-06-25',1531,1),(5748,90,'2014-06-25',812,0),(5749,91,'2014-06-25',8071,0),(5750,92,'2014-06-25',897,0),(5751,93,'2014-06-25',4384,0),(5752,94,'2014-06-25',2405,0),(5753,95,'2014-06-25',2099,0),(5754,96,'2014-06-25',730,0),(5755,97,'2014-06-25',391,0),(5756,98,'2014-06-25',741,0),(5757,99,'2014-06-25',592,0),(5758,101,'2014-06-25',66,0),(5759,102,'2014-06-25',3634,0),(5760,103,'2014-06-25',510,0),(5761,104,'2014-06-25',2990,1),(5762,106,'2014-06-25',1078,0),(5763,107,'2014-06-25',2511,0),(5764,109,'2014-06-25',140,0),(5765,110,'2014-06-25',9692,0),(5766,111,'2014-06-25',1137,0),(5767,112,'2014-06-25',1854,1),(5768,113,'2014-06-25',649,0),(5769,114,'2014-06-25',780,0),(5770,115,'2014-06-25',602,0),(5771,116,'2014-06-25',5376,0),(5772,117,'2014-06-25',525,0),(5773,118,'2014-06-25',655,0),(5774,119,'2014-06-25',340,0),(5775,120,'2014-06-25',1538,1),(5776,121,'2014-06-25',380,0),(5777,123,'2014-06-25',1557,0),(5778,124,'2014-06-25',76,0),(5779,125,'2014-06-25',8327,1),(5780,126,'2014-06-25',876,0),(5781,127,'2014-06-25',572,0),(5782,128,'2014-06-25',727,1),(5783,129,'2014-06-25',6,0),(5784,130,'2014-06-25',414,0),(5785,131,'2014-06-25',138,0),(5786,132,'2014-06-25',126,0),(5787,133,'2014-06-25',246,0),(5788,134,'2014-06-25',4682,0),(5789,137,'2014-06-25',1944,1),(5790,138,'2014-06-25',2009,0),(5791,139,'2014-06-25',1177,0),(5792,140,'2014-06-25',174,0),(5793,141,'2014-06-25',683,0),(5794,142,'2014-06-25',619,1),(5795,143,'2014-06-25',4753,0),(5796,145,'2014-06-25',1877,0),(5797,146,'2014-06-25',2487,1),(5798,147,'2014-06-25',1225,0),(5799,1,'2014-06-26',1477,1),(5800,2,'2014-06-26',2333,1),(5801,3,'2014-06-26',3099,1),(5802,4,'2014-06-26',5603,1),(5803,5,'2014-06-26',1504,0),(5804,6,'2014-06-26',733,0),(5805,7,'2014-06-26',2654,1),(5806,8,'2014-06-26',775,0),(5807,9,'2014-06-26',1282,0),(5808,10,'2014-06-26',3698,1),(5809,11,'2014-06-26',830,1),(5810,12,'2014-06-26',579,0),(5811,13,'2014-06-26',1894,1),(5812,14,'2014-06-26',3206,1),(5813,15,'2014-06-26',2732,1),(5814,16,'2014-06-26',1065,1),(5815,17,'2014-06-26',2211,1),(5816,18,'2014-06-26',5293,1),(5817,19,'2014-06-26',2873,1),(5818,20,'2014-06-26',3107,1),(5819,21,'2014-06-26',246,1),(5820,22,'2014-06-26',547,0),(5821,23,'2014-06-26',709,0),(5822,24,'2014-06-26',920,0),(5823,25,'2014-06-26',1699,1),(5824,26,'2014-06-26',82,0),(5825,27,'2014-06-26',526,0),(5826,28,'2014-06-26',72504,1),(5827,29,'2014-06-26',946,0),(5828,30,'2014-06-26',528,0),(5829,31,'2014-06-26',3206,1),(5830,33,'2014-06-26',9054,1),(5831,34,'2014-06-26',1330,1),(5832,35,'2014-06-26',3528,1),(5833,36,'2014-06-26',6979,1),(5834,37,'2014-06-26',4342,1),(5835,38,'2014-06-26',2545,1),(5836,39,'2014-06-26',4807,0),(5837,40,'2014-06-26',4716,1),(5838,41,'2014-06-26',1380,0),(5839,42,'2014-06-26',3717,1),(5840,43,'2014-06-26',4188,1),(5841,44,'2014-06-26',3099,1),(5842,45,'2014-06-26',4691,0),(5843,46,'2014-06-26',3886,1),(5844,47,'2014-06-26',11227,0),(5845,48,'2014-06-26',753,1),(5846,49,'2014-06-26',4414,1),(5847,50,'2014-06-26',6392,1),(5848,51,'2014-06-26',1739,0),(5849,52,'2014-06-26',2809,1),(5850,53,'2014-06-26',1212,0),(5851,54,'2014-06-26',687,0),(5852,55,'2014-06-26',1629,0),(5853,56,'2014-06-26',2088,0),(5854,57,'2014-06-26',2154,0),(5855,58,'2014-06-26',1820,1),(5856,59,'2014-06-26',7912,1),(5857,60,'2014-06-26',1773,0),(5858,61,'2014-06-26',899,0),(5859,62,'2014-06-26',2047,1),(5860,63,'2014-06-26',2393,0),(5861,64,'2014-06-26',11645,1),(5862,65,'2014-06-26',4829,1),(5863,66,'2014-06-26',1367,1),(5864,68,'2014-06-26',1473,0),(5865,69,'2014-06-26',259,0),(5866,70,'2014-06-26',3029,0),(5867,73,'2014-06-26',1512,0),(5868,74,'2014-06-26',4653,1),(5869,75,'2014-06-26',1022,0),(5870,76,'2014-06-26',1184,1),(5871,77,'2014-06-26',747,0),(5872,78,'2014-06-26',376,0),(5873,79,'2014-06-26',242,0),(5874,80,'2014-06-26',479,0),(5875,81,'2014-06-26',252,0),(5876,82,'2014-06-26',18,0),(5877,83,'2014-06-26',423,0),(5878,84,'2014-06-26',2456,0),(5879,85,'2014-06-26',6004,1),(5880,86,'2014-06-26',862,0),(5881,87,'2014-06-26',7720,0),(5882,88,'2014-06-26',1533,1),(5883,90,'2014-06-26',812,0),(5884,91,'2014-06-26',8083,0),(5885,92,'2014-06-26',899,1),(5886,93,'2014-06-26',4386,0),(5887,94,'2014-06-26',2406,0),(5888,95,'2014-06-26',2100,0),(5889,96,'2014-06-26',731,0),(5890,97,'2014-06-26',391,1),(5891,98,'2014-06-26',743,1),(5892,99,'2014-06-26',593,1),(5893,101,'2014-06-26',66,0),(5894,102,'2014-06-26',3636,1),(5895,103,'2014-06-26',510,1),(5896,104,'2014-06-26',2992,1),(5897,106,'2014-06-26',1078,0),(5898,107,'2014-06-26',2511,1),(5899,109,'2014-06-26',140,0),(5900,110,'2014-06-26',9703,0),(5901,111,'2014-06-26',1137,0),(5902,112,'2014-06-26',1858,1),(5903,113,'2014-06-26',649,0),(5904,114,'2014-06-26',780,0),(5905,115,'2014-06-26',602,0),(5906,116,'2014-06-26',5379,0),(5907,117,'2014-06-26',525,0),(5908,118,'2014-06-26',656,0),(5909,119,'2014-06-26',341,0),(5910,120,'2014-06-26',1541,1),(5911,121,'2014-06-26',382,0),(5912,123,'2014-06-26',1558,0),(5913,124,'2014-06-26',76,0),(5914,125,'2014-06-26',8333,1),(5915,126,'2014-06-26',876,0),(5916,127,'2014-06-26',572,0),(5917,128,'2014-06-26',727,1),(5918,129,'2014-06-26',6,0),(5919,130,'2014-06-26',414,0),(5920,131,'2014-06-26',139,1),(5921,132,'2014-06-26',126,0),(5922,133,'2014-06-26',247,0),(5923,134,'2014-06-26',4684,1),(5924,137,'2014-06-26',1944,0),(5925,138,'2014-06-26',2010,0),(5926,139,'2014-06-26',1185,0),(5927,140,'2014-06-26',174,0),(5928,141,'2014-06-26',683,0),(5929,142,'2014-06-26',620,0),(5930,143,'2014-06-26',4754,0),(5931,145,'2014-06-26',1880,0),(5932,146,'2014-06-26',2491,1),(5933,147,'2014-06-26',1225,0),(5934,1,'2014-06-27',1479,0),(5935,2,'2014-06-27',2332,0),(5936,3,'2014-06-27',3101,1),(5937,4,'2014-06-27',5604,1),(5938,5,'2014-06-27',1505,0),(5939,6,'2014-06-27',732,0),(5940,7,'2014-06-27',2660,0),(5941,8,'2014-06-27',775,0),(5942,9,'2014-06-27',1282,0),(5943,10,'2014-06-27',3700,0),(5944,11,'2014-06-27',831,0),(5945,12,'2014-06-27',580,0),(5946,13,'2014-06-27',1896,0),(5947,14,'2014-06-27',3205,0),(5948,15,'2014-06-27',2731,0),(5949,16,'2014-06-27',1066,0),(5950,17,'2014-06-27',2212,0),(5951,18,'2014-06-27',5293,1),(5952,19,'2014-06-27',2874,1),(5953,20,'2014-06-27',3108,0),(5954,21,'2014-06-27',247,0),(5955,22,'2014-06-27',547,0),(5956,23,'2014-06-27',709,0),(5957,24,'2014-06-27',920,0),(5958,25,'2014-06-27',1698,1),(5959,26,'2014-06-27',82,0),(5960,27,'2014-06-27',534,0),(5961,28,'2014-06-27',72642,1),(5962,29,'2014-06-27',950,0),(5963,30,'2014-06-27',529,0),(5964,31,'2014-06-27',3206,0),(5965,33,'2014-06-27',9055,0),(5966,34,'2014-06-27',1331,0),(5967,35,'2014-06-27',3530,0),(5968,36,'2014-06-27',6987,1),(5969,37,'2014-06-27',4340,1),(5970,38,'2014-06-27',2545,0),(5971,39,'2014-06-27',4808,1),(5972,40,'2014-06-27',4714,1),(5973,41,'2014-06-27',1380,0),(5974,42,'2014-06-27',3718,0),(5975,43,'2014-06-27',4187,0),(5976,44,'2014-06-27',3100,0),(5977,45,'2014-06-27',4691,0),(5978,46,'2014-06-27',3888,0),(5979,47,'2014-06-27',11229,0),(5980,48,'2014-06-27',756,1),(5981,49,'2014-06-27',4414,0),(5982,50,'2014-06-27',6393,1),(5983,51,'2014-06-27',1741,0),(5984,52,'2014-06-27',2810,0),(5985,53,'2014-06-27',1212,0),(5986,54,'2014-06-27',688,1),(5987,55,'2014-06-27',1630,0),(5988,56,'2014-06-27',2090,0),(5989,57,'2014-06-27',2155,0),(5990,58,'2014-06-27',1820,1),(5991,59,'2014-06-27',7920,0),(5992,60,'2014-06-27',1772,0),(5993,61,'2014-06-27',899,0),(5994,62,'2014-06-27',2047,0),(5995,63,'2014-06-27',2393,0),(5996,64,'2014-06-27',11648,0),(5997,65,'2014-06-27',4835,1),(5998,66,'2014-06-27',1369,0),(5999,68,'2014-06-27',1473,0),(6000,69,'2014-06-27',259,0),(6001,70,'2014-06-27',3029,0),(6002,73,'2014-06-27',1518,0),(6003,74,'2014-06-27',4684,1),(6004,75,'2014-06-27',1023,1),(6005,76,'2014-06-27',1185,1),(6006,77,'2014-06-27',748,1),(6007,78,'2014-06-27',376,0),(6008,79,'2014-06-27',242,0),(6009,80,'2014-06-27',479,0),(6010,81,'2014-06-27',252,0),(6011,82,'2014-06-27',18,0),(6012,83,'2014-06-27',424,0),(6013,84,'2014-06-27',2462,0),(6014,85,'2014-06-27',6005,1),(6015,86,'2014-06-27',862,0),(6016,87,'2014-06-27',7724,0),(6017,88,'2014-06-27',1534,1),(6018,90,'2014-06-27',812,0),(6019,91,'2014-06-27',8093,0),(6020,92,'2014-06-27',901,0),(6021,93,'2014-06-27',4389,0),(6022,94,'2014-06-27',2407,0),(6023,95,'2014-06-27',2101,0),(6024,96,'2014-06-27',735,0),(6025,97,'2014-06-27',391,0),(6026,98,'2014-06-27',743,0),(6027,99,'2014-06-27',594,0),(6028,101,'2014-06-27',66,0),(6029,102,'2014-06-27',3637,0),(6030,103,'2014-06-27',509,0),(6031,104,'2014-06-27',2989,1),(6032,106,'2014-06-27',1077,0),(6033,107,'2014-06-27',2511,0),(6034,109,'2014-06-27',142,0),(6035,110,'2014-06-27',9711,0),(6036,111,'2014-06-27',1137,0),(6037,112,'2014-06-27',1861,0),(6038,113,'2014-06-27',649,0),(6039,114,'2014-06-27',781,0),(6040,115,'2014-06-27',602,0),(6041,116,'2014-06-27',5381,0),(6042,117,'2014-06-27',525,0),(6043,118,'2014-06-27',656,0),(6044,119,'2014-06-27',341,0),(6045,120,'2014-06-27',1545,0),(6046,121,'2014-06-27',382,0),(6047,123,'2014-06-27',1558,0),(6048,124,'2014-06-27',76,0),(6049,125,'2014-06-27',8334,0),(6050,126,'2014-06-27',876,0),(6051,127,'2014-06-27',572,0),(6052,128,'2014-06-27',727,1),(6053,129,'2014-06-27',6,0),(6054,130,'2014-06-27',414,0),(6055,131,'2014-06-27',140,0),(6056,132,'2014-06-27',126,0),(6057,133,'2014-06-27',247,0),(6058,134,'2014-06-27',4689,1),(6059,137,'2014-06-27',1945,0),(6060,138,'2014-06-27',2010,0),(6061,139,'2014-06-27',1196,0),(6062,140,'2014-06-27',174,0),(6063,141,'2014-06-27',686,0),(6064,142,'2014-06-27',622,0),(6065,143,'2014-06-27',4754,0),(6066,145,'2014-06-27',1882,0),(6067,146,'2014-06-27',2498,1),(6068,147,'2014-06-27',1226,1),(6069,1,'2014-06-28',1480,1),(6070,2,'2014-06-28',2333,1),(6071,3,'2014-06-28',3103,1),(6072,4,'2014-06-28',5604,0),(6073,5,'2014-06-28',1505,1),(6074,6,'2014-06-28',731,0),(6075,7,'2014-06-28',2666,1),(6076,8,'2014-06-28',774,1),(6077,9,'2014-06-28',1281,1),(6078,10,'2014-06-28',3704,1),(6079,11,'2014-06-28',831,1),(6080,12,'2014-06-28',584,1),(6081,13,'2014-06-28',1895,1),(6082,14,'2014-06-28',3205,1),(6083,15,'2014-06-28',2732,1),(6084,16,'2014-06-28',1070,1),(6085,17,'2014-06-28',2219,1),(6086,18,'2014-06-28',5295,0),(6087,19,'2014-06-28',2874,1),(6088,20,'2014-06-28',3111,1),(6089,21,'2014-06-28',248,1),(6090,22,'2014-06-28',547,1),(6091,23,'2014-06-28',712,1),(6092,24,'2014-06-28',920,1),(6093,25,'2014-06-28',1697,0),(6094,26,'2014-06-28',82,0),(6095,27,'2014-06-28',541,1),(6096,28,'2014-06-28',72785,1),(6097,29,'2014-06-28',952,0),(6098,30,'2014-06-28',529,0),(6099,31,'2014-06-28',3205,0),(6100,33,'2014-06-28',9057,0),(6101,34,'2014-06-28',1331,0),(6102,35,'2014-06-28',3532,1),(6103,36,'2014-06-28',6996,1),(6104,37,'2014-06-28',4340,1),(6105,38,'2014-06-28',2545,1),(6106,39,'2014-06-28',4808,0),(6107,40,'2014-06-28',4715,0),(6108,41,'2014-06-28',1380,0),(6109,42,'2014-06-28',3720,0),(6110,43,'2014-06-28',4191,0),(6111,44,'2014-06-28',3106,0),(6112,45,'2014-06-28',4691,0),(6113,46,'2014-06-28',3892,0),(6114,47,'2014-06-28',11232,0),(6115,48,'2014-06-28',757,1),(6116,49,'2014-06-28',4413,0),(6117,50,'2014-06-28',6397,1),(6118,51,'2014-06-28',1741,0),(6119,52,'2014-06-28',2813,0),(6120,53,'2014-06-28',1212,0),(6121,54,'2014-06-28',688,0),(6122,55,'2014-06-28',1629,1),(6123,56,'2014-06-28',2091,0),(6124,57,'2014-06-28',2156,0),(6125,58,'2014-06-28',1821,0),(6126,59,'2014-06-28',7925,0),(6127,60,'2014-06-28',1773,0),(6128,61,'2014-06-28',898,0),(6129,62,'2014-06-28',2047,0),(6130,63,'2014-06-28',2395,0),(6131,64,'2014-06-28',11649,0),(6132,65,'2014-06-28',4845,0),(6133,66,'2014-06-28',1368,0),(6134,68,'2014-06-28',1473,0),(6135,69,'2014-06-28',261,0),(6136,70,'2014-06-28',3030,0),(6137,73,'2014-06-28',1532,0),(6138,74,'2014-06-28',4711,1),(6139,75,'2014-06-28',1023,0),(6140,76,'2014-06-28',1187,0),(6141,77,'2014-06-28',748,0),(6142,78,'2014-06-28',377,0),(6143,79,'2014-06-28',242,0),(6144,80,'2014-06-28',481,0),(6145,81,'2014-06-28',252,0),(6146,82,'2014-06-28',18,0),(6147,83,'2014-06-28',424,0),(6148,84,'2014-06-28',2465,0),(6149,85,'2014-06-28',6006,0),(6150,86,'2014-06-28',862,0),(6151,87,'2014-06-28',7726,0),(6152,88,'2014-06-28',1533,1),(6153,90,'2014-06-28',812,0),(6154,91,'2014-06-28',8097,0),(6155,92,'2014-06-28',903,0),(6156,93,'2014-06-28',4391,0),(6157,94,'2014-06-28',2407,0),(6158,95,'2014-06-28',2101,0),(6159,96,'2014-06-28',735,0),(6160,97,'2014-06-28',391,0),(6161,98,'2014-06-28',744,0),(6162,99,'2014-06-28',595,0),(6163,101,'2014-06-28',66,0),(6164,102,'2014-06-28',3639,0),(6165,103,'2014-06-28',513,0),(6166,104,'2014-06-28',2993,1),(6167,106,'2014-06-28',1078,0),(6168,107,'2014-06-28',2511,0),(6169,109,'2014-06-28',145,0),(6170,110,'2014-06-28',9716,0),(6171,111,'2014-06-28',1137,0),(6172,112,'2014-06-28',1863,0),(6173,113,'2014-06-28',650,0),(6174,114,'2014-06-28',781,1),(6175,115,'2014-06-28',602,0),(6176,116,'2014-06-28',5383,0),(6177,117,'2014-06-28',525,0),(6178,118,'2014-06-28',656,0),(6179,119,'2014-06-28',341,0),(6180,120,'2014-06-28',1547,0),(6181,121,'2014-06-28',381,0),(6182,123,'2014-06-28',1558,0),(6183,124,'2014-06-28',76,0),(6184,125,'2014-06-28',8339,1),(6185,126,'2014-06-28',876,0),(6186,127,'2014-06-28',572,0),(6187,128,'2014-06-28',727,1),(6188,129,'2014-06-28',6,0),(6189,130,'2014-06-28',415,0),(6190,131,'2014-06-28',141,0),(6191,132,'2014-06-28',126,0),(6192,133,'2014-06-28',247,0),(6193,134,'2014-06-28',4695,0),(6194,137,'2014-06-28',1946,0),(6195,138,'2014-06-28',2011,0),(6196,139,'2014-06-28',1199,0),(6197,140,'2014-06-28',174,0),(6198,141,'2014-06-28',691,0),(6199,142,'2014-06-28',623,0),(6200,143,'2014-06-28',4754,0),(6201,145,'2014-06-28',1883,0),(6202,1,'2014-06-29',1482,0),(6203,2,'2014-06-29',2334,1),(6204,3,'2014-06-29',3101,0),(6205,4,'2014-06-29',5608,1),(6206,5,'2014-06-29',1505,0),(6207,6,'2014-06-29',732,0),(6208,7,'2014-06-29',2669,0),(6209,8,'2014-06-29',773,1),(6210,9,'2014-06-29',1286,0),(6211,10,'2014-06-29',3712,1),(6212,11,'2014-06-29',833,0),(6213,12,'2014-06-29',591,0),(6214,13,'2014-06-29',1894,1),(6215,14,'2014-06-29',3204,0),(6216,15,'2014-06-29',2734,1),(6217,16,'2014-06-29',1070,1),(6218,17,'2014-06-29',2225,0),(6219,18,'2014-06-29',5298,1),(6220,19,'2014-06-29',2876,0),(6221,20,'2014-06-29',3112,0),(6222,21,'2014-06-29',248,0),(6223,22,'2014-06-29',547,0),(6224,23,'2014-06-29',713,1),(6225,24,'2014-06-29',921,1),(6226,25,'2014-06-29',1697,1),(6227,26,'2014-06-29',82,0),(6228,27,'2014-06-29',546,1),(6229,28,'2014-06-29',72903,0),(6230,29,'2014-06-29',956,0),(6231,30,'2014-06-29',529,0),(6232,31,'2014-06-29',3204,1),(6233,33,'2014-06-29',9057,0),(6234,34,'2014-06-29',1333,0),(6235,35,'2014-06-29',3532,0),(6236,36,'2014-06-29',7003,1),(6237,37,'2014-06-29',4340,1),(6238,38,'2014-06-29',2546,1),(6239,39,'2014-06-29',4809,1),(6240,40,'2014-06-29',4716,0),(6241,41,'2014-06-29',1381,0),(6242,42,'2014-06-29',3723,0),(6243,43,'2014-06-29',4194,1),(6244,44,'2014-06-29',3107,1),(6245,45,'2014-06-29',4696,0),(6246,46,'2014-06-29',3891,0),(6247,47,'2014-06-29',11243,0),(6248,48,'2014-06-29',757,1),(6249,49,'2014-06-29',4414,1),(6250,50,'2014-06-29',6401,1),(6251,51,'2014-06-29',1742,0),(6252,52,'2014-06-29',2814,1),(6253,53,'2014-06-29',1213,0),(6254,54,'2014-06-29',688,0),(6255,55,'2014-06-29',1632,0),(6256,56,'2014-06-29',2092,1),(6257,57,'2014-06-29',2156,0),(6258,58,'2014-06-29',1821,0),(6259,59,'2014-06-29',7929,0),(6260,60,'2014-06-29',1774,0),(6261,61,'2014-06-29',898,0),(6262,62,'2014-06-29',2048,0),(6263,63,'2014-06-29',2395,0),(6264,64,'2014-06-29',11655,1),(6265,65,'2014-06-29',4851,1),(6266,66,'2014-06-29',1368,0),(6267,68,'2014-06-29',1473,0),(6268,69,'2014-06-29',262,1),(6269,70,'2014-06-29',3030,0),(6270,73,'2014-06-29',1542,0),(6271,74,'2014-06-29',4727,0),(6272,75,'2014-06-29',1023,1),(6273,76,'2014-06-29',1191,1),(6274,77,'2014-06-29',748,0),(6275,78,'2014-06-29',378,0),(6276,79,'2014-06-29',243,0),(6277,80,'2014-06-29',482,0),(6278,81,'2014-06-29',252,0),(6279,82,'2014-06-29',19,0),(6280,83,'2014-06-29',424,0),(6281,84,'2014-06-29',2472,0),(6282,85,'2014-06-29',6008,0),(6283,86,'2014-06-29',862,0),(6284,87,'2014-06-29',7728,0),(6285,88,'2014-06-29',1536,1),(6286,90,'2014-06-29',812,0),(6287,91,'2014-06-29',8108,0),(6288,92,'2014-06-29',903,0),(6289,93,'2014-06-29',4395,0),(6290,94,'2014-06-29',2406,0),(6291,95,'2014-06-29',2103,0),(6292,96,'2014-06-29',738,0),(6293,97,'2014-06-29',391,0),(6294,98,'2014-06-29',744,0),(6295,99,'2014-06-29',595,0),(6296,101,'2014-06-29',66,0),(6297,102,'2014-06-29',3640,0),(6298,103,'2014-06-29',513,1),(6299,104,'2014-06-29',2994,0),(6300,106,'2014-06-29',1078,0),(6301,107,'2014-06-29',2510,0),(6302,109,'2014-06-29',146,0),(6303,110,'2014-06-29',9721,0),(6304,111,'2014-06-29',1138,0),(6305,112,'2014-06-29',1865,0),(6306,113,'2014-06-29',651,0),(6307,114,'2014-06-29',782,1),(6308,115,'2014-06-29',602,0),(6309,116,'2014-06-29',5391,0),(6310,117,'2014-06-29',526,0),(6311,118,'2014-06-29',656,0),(6312,119,'2014-06-29',341,0),(6313,120,'2014-06-29',1547,0),(6314,121,'2014-06-29',381,0),(6315,123,'2014-06-29',1558,1),(6316,124,'2014-06-29',76,0),(6317,125,'2014-06-29',8344,0),(6318,126,'2014-06-29',877,0),(6319,127,'2014-06-29',572,0),(6320,128,'2014-06-29',728,1),(6321,129,'2014-06-29',6,0),(6322,130,'2014-06-29',415,0),(6323,131,'2014-06-29',141,0),(6324,132,'2014-06-29',126,0),(6325,133,'2014-06-29',247,0),(6326,134,'2014-06-29',4698,0),(6327,137,'2014-06-29',1946,0),(6328,138,'2014-06-29',2010,0),(6329,139,'2014-06-29',1203,0),(6330,140,'2014-06-29',174,0),(6331,141,'2014-06-29',691,0),(6332,142,'2014-06-29',625,0),(6333,143,'2014-06-29',4755,0),(6334,145,'2014-06-29',1884,0),(6335,146,'2014-06-29',2504,1),(6336,147,'2014-06-29',1225,0),(6337,1,'2014-06-30',1482,1),(6338,2,'2014-06-30',2336,1),(6339,3,'2014-06-30',3104,1),(6340,4,'2014-06-30',5612,1),(6341,5,'2014-06-30',1506,1),(6342,6,'2014-06-30',732,0),(6343,7,'2014-06-30',2671,1),(6344,8,'2014-06-30',775,0),(6345,9,'2014-06-30',1289,1),(6346,10,'2014-06-30',3725,1),(6347,11,'2014-06-30',833,1),(6348,12,'2014-06-30',606,1),(6349,13,'2014-06-30',1894,1),(6350,14,'2014-06-30',3209,0),(6351,15,'2014-06-30',2736,0),(6352,16,'2014-06-30',1073,1),(6353,17,'2014-06-30',2230,0),(6354,18,'2014-06-30',5302,1),(6355,19,'2014-06-30',2876,1),(6356,20,'2014-06-30',3116,0),(6357,21,'2014-06-30',248,0),(6358,22,'2014-06-30',548,0),(6359,23,'2014-06-30',713,0),(6360,24,'2014-06-30',924,0),(6361,25,'2014-06-30',1700,1),(6362,26,'2014-06-30',82,0),(6363,27,'2014-06-30',546,0),(6364,28,'2014-06-30',73055,1),(6365,29,'2014-06-30',959,0),(6366,30,'2014-06-30',529,0),(6367,31,'2014-06-30',3205,1),(6368,33,'2014-06-30',9059,0),(6369,34,'2014-06-30',1333,0),(6370,35,'2014-06-30',3537,1),(6371,36,'2014-06-30',7012,1),(6372,37,'2014-06-30',4342,1),(6373,38,'2014-06-30',2547,0),(6374,39,'2014-06-30',4812,1),(6375,40,'2014-06-30',4717,0),(6376,41,'2014-06-30',1382,0),(6377,42,'2014-06-30',3723,0),(6378,43,'2014-06-30',4196,1),(6379,44,'2014-06-30',3111,1),(6380,45,'2014-06-30',4699,0),(6381,46,'2014-06-30',3894,1),(6382,47,'2014-06-30',11252,1),(6383,48,'2014-06-30',758,1),(6384,49,'2014-06-30',4417,1),(6385,50,'2014-06-30',6406,1),(6386,51,'2014-06-30',1744,0),(6387,52,'2014-06-30',2814,0),(6388,53,'2014-06-30',1213,0),(6389,54,'2014-06-30',688,0),(6390,55,'2014-06-30',1635,1),(6391,56,'2014-06-30',2092,0),(6392,57,'2014-06-30',2157,0),(6393,58,'2014-06-30',1823,1),(6394,59,'2014-06-30',7939,1),(6395,60,'2014-06-30',1774,0),(6396,61,'2014-06-30',898,0),(6397,62,'2014-06-30',2048,1),(6398,63,'2014-06-30',2395,0),(6399,64,'2014-06-30',11660,0),(6400,65,'2014-06-30',4860,1),(6401,66,'2014-06-30',1370,1),(6402,68,'2014-06-30',1473,0),(6403,69,'2014-06-30',266,0),(6404,70,'2014-06-30',3030,1),(6405,73,'2014-06-30',1554,0),(6406,74,'2014-06-30',4726,1),(6407,75,'2014-06-30',1023,0),(6408,76,'2014-06-30',1193,1),(6409,77,'2014-06-30',748,0),(6410,78,'2014-06-30',380,0),(6411,79,'2014-06-30',243,0),(6412,80,'2014-06-30',482,0),(6413,81,'2014-06-30',252,1),(6414,82,'2014-06-30',19,0),(6415,83,'2014-06-30',424,0),(6416,84,'2014-06-30',2476,1),(6417,85,'2014-06-30',6013,0),(6418,86,'2014-06-30',862,0),(6419,87,'2014-06-30',7730,0),(6420,88,'2014-06-30',1539,1),(6421,90,'2014-06-30',813,0),(6422,91,'2014-06-30',8120,0),(6423,92,'2014-06-30',907,1),(6424,93,'2014-06-30',4403,0),(6425,94,'2014-06-30',2407,0),(6426,95,'2014-06-30',2103,0),(6427,96,'2014-06-30',739,0),(6428,97,'2014-06-30',391,1),(6429,98,'2014-06-30',745,1),(6430,99,'2014-06-30',595,1),(6431,101,'2014-06-30',66,0),(6432,102,'2014-06-30',3641,1),(6433,103,'2014-06-30',514,1),(6434,104,'2014-06-30',2994,0),(6435,106,'2014-06-30',1079,0),(6436,107,'2014-06-30',2508,0),(6437,109,'2014-06-30',149,0),(6438,110,'2014-06-30',9743,0),(6439,111,'2014-06-30',1139,0),(6440,112,'2014-06-30',1867,0),(6441,113,'2014-06-30',650,0),(6442,114,'2014-06-30',783,0),(6443,115,'2014-06-30',602,0),(6444,116,'2014-06-30',5395,0),(6445,117,'2014-06-30',527,0),(6446,118,'2014-06-30',655,0),(6447,119,'2014-06-30',343,0),(6448,120,'2014-06-30',1549,1),(6449,121,'2014-06-30',385,0),(6450,123,'2014-06-30',1559,0),(6451,124,'2014-06-30',76,0),(6452,125,'2014-06-30',8355,1),(6453,126,'2014-06-30',876,0),(6454,127,'2014-06-30',572,0),(6455,128,'2014-06-30',729,1),(6456,129,'2014-06-30',6,0),(6457,130,'2014-06-30',415,0),(6458,131,'2014-06-30',141,1),(6459,132,'2014-06-30',126,0),(6460,133,'2014-06-30',248,0),(6461,134,'2014-06-30',4697,0),(6462,137,'2014-06-30',1947,1),(6463,138,'2014-06-30',2014,0),(6464,139,'2014-06-30',1207,0),(6465,140,'2014-06-30',174,0),(6466,141,'2014-06-30',693,0),(6467,142,'2014-06-30',626,1),(6468,143,'2014-06-30',4757,1),(6469,145,'2014-06-30',1887,1),(6470,146,'2014-06-30',2510,1),(6471,147,'2014-06-30',1226,0),(6472,1,'2014-07-01',1484,0),(6473,2,'2014-07-01',2336,1),(6474,3,'2014-07-01',3106,0),(6475,4,'2014-07-01',5614,0),(6476,5,'2014-07-01',1504,0),(6477,6,'2014-07-01',732,0),(6478,7,'2014-07-01',2677,0),(6479,8,'2014-07-01',775,0),(6480,9,'2014-07-01',1289,0),(6481,10,'2014-07-01',3735,0),(6482,11,'2014-07-01',835,0),(6483,12,'2014-07-01',614,0),(6484,13,'2014-07-01',1892,0),(6485,14,'2014-07-01',3210,1),(6486,15,'2014-07-01',2736,1),(6487,16,'2014-07-01',1074,0),(6488,17,'2014-07-01',2232,1),(6489,18,'2014-07-01',5304,0),(6490,19,'2014-07-01',2877,0),(6491,20,'2014-07-01',3117,1),(6492,21,'2014-07-01',249,0),(6493,22,'2014-07-01',548,1),(6494,1,'2014-07-02',1485,1),(6495,2,'2014-07-02',2336,1),(6496,3,'2014-07-02',3108,1),(6497,4,'2014-07-02',5611,0),(6498,5,'2014-07-02',1506,1),(6499,6,'2014-07-02',732,0),(6500,7,'2014-07-02',2679,0),(6501,8,'2014-07-02',775,1),(6502,9,'2014-07-02',1289,0),(6503,10,'2014-07-02',3740,0),(6504,11,'2014-07-02',835,1),(6505,12,'2014-07-02',622,0),(6506,13,'2014-07-02',1893,1),(6507,14,'2014-07-02',3211,0),(6508,15,'2014-07-02',2738,0),(6509,16,'2014-07-02',1075,0),(6510,17,'2014-07-02',2233,0),(6511,18,'2014-07-02',5306,1),(6512,19,'2014-07-02',2877,0),(6513,20,'2014-07-02',3119,0),(6514,21,'2014-07-02',249,0),(6515,22,'2014-07-02',549,0),(6516,23,'2014-07-02',715,0),(6517,24,'2014-07-02',930,1),(6518,25,'2014-07-02',1701,1),(6519,26,'2014-07-02',82,0),(6520,27,'2014-07-02',548,1),(6521,28,'2014-07-02',73312,0),(6522,29,'2014-07-02',964,0),(6523,30,'2014-07-02',529,0),(6524,31,'2014-07-02',3206,1),(6525,33,'2014-07-02',9065,0),(6526,34,'2014-07-02',1333,0),(6527,35,'2014-07-02',3534,0),(6528,36,'2014-07-02',7056,0),(6529,37,'2014-07-02',4343,1),(6530,38,'2014-07-02',2550,1),(6531,39,'2014-07-02',4812,0),(6532,40,'2014-07-02',4721,0),(6533,41,'2014-07-02',1383,0),(6534,42,'2014-07-02',3723,0),(6535,43,'2014-07-02',4200,0),(6536,44,'2014-07-02',3114,1),(6537,45,'2014-07-02',4700,0),(6538,46,'2014-07-02',3898,0),(6539,47,'2014-07-02',11256,0),(6540,48,'2014-07-02',757,1),(6541,49,'2014-07-02',4420,0),(6542,50,'2014-07-02',6415,1),(6543,51,'2014-07-02',1745,0),(6544,52,'2014-07-02',2814,0),(6545,53,'2014-07-02',1213,0),(6546,54,'2014-07-02',698,0),(6547,55,'2014-07-02',1638,0),(6548,56,'2014-07-02',2093,0),(6549,57,'2014-07-02',2157,0),(6550,58,'2014-07-02',1825,0),(6551,59,'2014-07-02',7957,1),(6552,60,'2014-07-02',1775,0),(6553,61,'2014-07-02',899,0),(6554,62,'2014-07-02',2052,0),(6555,63,'2014-07-02',2397,0),(6556,64,'2014-07-02',11669,0),(6557,65,'2014-07-02',4880,0),(6558,66,'2014-07-02',1371,0),(6559,68,'2014-07-02',1472,0),(6560,69,'2014-07-02',267,1),(6561,70,'2014-07-02',3031,0),(6562,73,'2014-07-02',1577,0),(6563,74,'2014-07-02',4728,1),(6564,75,'2014-07-02',1023,0),(6565,76,'2014-07-02',1197,1),(6566,77,'2014-07-02',747,0),(6567,78,'2014-07-02',380,0),(6568,79,'2014-07-02',243,0),(6569,80,'2014-07-02',483,0),(6570,81,'2014-07-02',253,0),(6571,82,'2014-07-02',19,0),(6572,83,'2014-07-02',428,0),(6573,84,'2014-07-02',2481,0),(6574,85,'2014-07-02',6016,1),(6575,86,'2014-07-02',862,0),(6576,87,'2014-07-02',7735,0),(6577,88,'2014-07-02',1540,1),(6578,90,'2014-07-02',813,0),(6579,91,'2014-07-02',8132,1),(6580,92,'2014-07-02',915,0),(6581,93,'2014-07-02',4407,0),(6582,94,'2014-07-02',2413,0),(6583,95,'2014-07-02',2105,0),(6584,96,'2014-07-02',740,0),(6585,97,'2014-07-02',391,0),(6586,98,'2014-07-02',745,0),(6587,99,'2014-07-02',596,0),(6588,101,'2014-07-02',66,0),(6589,102,'2014-07-02',3645,0),(6590,103,'2014-07-02',514,0),(6591,104,'2014-07-02',2994,0),(6592,106,'2014-07-02',1078,0),(6593,107,'2014-07-02',2510,0),(6594,109,'2014-07-02',153,0),(6595,110,'2014-07-02',9770,0),(6596,111,'2014-07-02',1143,0),(6597,112,'2014-07-02',1869,0),(6598,113,'2014-07-02',650,0),(6599,114,'2014-07-02',784,0),(6600,115,'2014-07-02',602,0),(6601,116,'2014-07-02',5401,0),(6602,117,'2014-07-02',528,0),(6603,118,'2014-07-02',657,0),(6604,119,'2014-07-02',346,0),(6605,120,'2014-07-02',1554,0),(6606,121,'2014-07-02',385,0),(6607,123,'2014-07-02',1566,0),(6608,124,'2014-07-02',76,0),(6609,125,'2014-07-02',8357,1),(6610,126,'2014-07-02',878,0),(6611,127,'2014-07-02',581,0),(6612,128,'2014-07-02',730,1),(6613,129,'2014-07-02',6,0),(6614,130,'2014-07-02',415,0),(6615,131,'2014-07-02',141,0),(6616,132,'2014-07-02',125,0),(6617,133,'2014-07-02',248,0),(6618,134,'2014-07-02',4698,0),(6619,137,'2014-07-02',1948,1),(6620,138,'2014-07-02',2018,0),(6621,139,'2014-07-02',1214,0),(6622,140,'2014-07-02',174,0),(6623,141,'2014-07-02',694,1),(6624,142,'2014-07-02',627,1),(6625,143,'2014-07-02',4759,1),(6626,145,'2014-07-02',1892,0),(6627,146,'2014-07-02',2522,1),(6628,147,'2014-07-02',1228,1),(6629,148,'2014-07-02',696,0),(6630,1,'2014-07-03',1487,1),(6631,2,'2014-07-03',2336,1),(6632,3,'2014-07-03',3107,0),(6633,4,'2014-07-03',5611,0),(6634,5,'2014-07-03',1506,0),(6635,6,'2014-07-03',733,1),(6636,7,'2014-07-03',2680,1),(6637,8,'2014-07-03',775,1),(6638,9,'2014-07-03',1289,1),(6639,10,'2014-07-03',3756,1),(6640,11,'2014-07-03',835,0),(6641,12,'2014-07-03',629,0),(6642,13,'2014-07-03',1892,0),(6643,14,'2014-07-03',3213,0),(6644,15,'2014-07-03',2738,0),(6645,16,'2014-07-03',1078,0),(6646,17,'2014-07-03',2233,0),(6647,18,'2014-07-03',5307,1),(6648,19,'2014-07-03',2876,0),(6649,20,'2014-07-03',3120,0),(6650,21,'2014-07-03',250,0),(6651,22,'2014-07-03',550,0),(6652,23,'2014-07-03',715,0),(6653,24,'2014-07-03',930,0),(6654,25,'2014-07-03',1701,1),(6655,26,'2014-07-03',82,0),(6656,27,'2014-07-03',548,0),(6657,28,'2014-07-03',73562,1),(6658,29,'2014-07-03',966,0),(6659,30,'2014-07-03',529,0),(6660,31,'2014-07-03',3208,1),(6661,33,'2014-07-03',9067,0),(6662,34,'2014-07-03',1333,1),(6663,35,'2014-07-03',3535,0),(6664,36,'2014-07-03',7061,1),(6665,37,'2014-07-03',4344,1),(6666,38,'2014-07-03',2548,0),(6667,39,'2014-07-03',4814,0),(6668,40,'2014-07-03',4723,1),(6669,41,'2014-07-03',1383,0),(6670,42,'2014-07-03',3722,1),(6671,43,'2014-07-03',4201,0),(6672,44,'2014-07-03',3116,1),(6673,45,'2014-07-03',4700,0),(6674,46,'2014-07-03',3898,0),(6675,47,'2014-07-03',11258,0),(6676,48,'2014-07-03',757,1),(6677,49,'2014-07-03',4422,0),(6678,50,'2014-07-03',6416,1),(6679,51,'2014-07-03',1746,0),(6680,52,'2014-07-03',2817,0),(6681,53,'2014-07-03',1213,0),(6682,54,'2014-07-03',698,1),(6683,55,'2014-07-03',1638,1),(6684,56,'2014-07-03',2093,0),(6685,57,'2014-07-03',2159,0),(6686,58,'2014-07-03',1825,0),(6687,59,'2014-07-03',7964,0),(6688,60,'2014-07-03',1775,0),(6689,61,'2014-07-03',898,0),(6690,62,'2014-07-03',2052,1),(6691,63,'2014-07-03',2397,0),(6692,64,'2014-07-03',11670,0),(6693,65,'2014-07-03',4891,1),(6694,66,'2014-07-03',1370,0),(6695,68,'2014-07-03',1471,0),(6696,69,'2014-07-03',267,0),(6697,70,'2014-07-03',3031,1),(6698,1,'2014-07-04',1487,0),(6699,2,'2014-07-04',2336,1),(6700,3,'2014-07-04',3110,1),(6701,4,'2014-07-04',5614,1),(6702,5,'2014-07-04',1507,1),(6703,6,'2014-07-04',734,0),(6704,7,'2014-07-04',2682,1),(6705,8,'2014-07-04',775,1),(6706,9,'2014-07-04',1291,1),(6707,10,'2014-07-04',3767,1),(6708,11,'2014-07-04',836,1),(6709,12,'2014-07-04',638,0),(6710,13,'2014-07-04',1895,1),(6711,14,'2014-07-04',3216,1),(6712,15,'2014-07-04',2739,1),(6713,16,'2014-07-04',1081,1),(6714,17,'2014-07-04',2235,1),(6715,18,'2014-07-04',5309,1),(6716,19,'2014-07-04',2877,1),(6717,20,'2014-07-04',3126,1),(6718,21,'2014-07-04',252,0),(6719,22,'2014-07-04',550,1),(6720,23,'2014-07-04',716,0),(6721,24,'2014-07-04',931,1),(6722,25,'2014-07-04',1701,1),(6723,26,'2014-07-04',82,0),(6724,27,'2014-07-04',548,0),(6725,28,'2014-07-04',73789,1),(6726,29,'2014-07-04',966,0),(6727,30,'2014-07-04',530,0),(6728,31,'2014-07-04',3210,1),(6729,33,'2014-07-04',9070,0),(6730,34,'2014-07-04',1335,0),(6731,35,'2014-07-04',3540,1),(6732,36,'2014-07-04',7064,1),(6733,37,'2014-07-04',4345,1),(6734,38,'2014-07-04',2548,1),(6735,39,'2014-07-04',4814,0),(6736,40,'2014-07-04',4723,1),(6737,41,'2014-07-04',1383,0),(6738,42,'2014-07-04',3727,1),(6739,43,'2014-07-04',4202,0),(6740,44,'2014-07-04',3116,1),(6741,45,'2014-07-04',4703,1),(6742,46,'2014-07-04',3900,0),(6743,47,'2014-07-04',11259,1),(6744,48,'2014-07-04',757,1),(6745,49,'2014-07-04',4424,1),(6746,50,'2014-07-04',6419,1),(6747,51,'2014-07-04',1747,1),(6748,52,'2014-07-04',2819,1),(6749,53,'2014-07-04',1214,0),(6750,54,'2014-07-04',699,1),(6751,55,'2014-07-04',1640,0),(6752,56,'2014-07-04',2095,0),(6753,57,'2014-07-04',2159,0),(6754,58,'2014-07-04',1826,1),(6755,59,'2014-07-04',7973,1),(6756,60,'2014-07-04',1776,0),(6757,61,'2014-07-04',899,0),(6758,62,'2014-07-04',2055,0),(6759,63,'2014-07-04',2399,0),(6760,64,'2014-07-04',11675,0),(6761,65,'2014-07-04',4901,1),(6762,66,'2014-07-04',1371,0),(6763,68,'2014-07-04',1472,0),(6764,69,'2014-07-04',270,0),(6765,70,'2014-07-04',3031,0),(6766,73,'2014-07-04',1598,1),(6767,74,'2014-07-04',4732,1),(6768,75,'2014-07-04',1022,1),(6769,76,'2014-07-04',1198,1),(6770,77,'2014-07-04',747,0),(6771,78,'2014-07-04',385,0),(6772,79,'2014-07-04',243,0),(6773,80,'2014-07-04',483,0),(6774,81,'2014-07-04',253,1),(6775,82,'2014-07-04',19,0),(6776,83,'2014-07-04',429,0),(6777,84,'2014-07-04',2489,1),(6778,85,'2014-07-04',6023,1),(6779,86,'2014-07-04',863,0),(6780,87,'2014-07-04',7739,0),(6781,88,'2014-07-04',1542,1),(6782,90,'2014-07-04',815,0),(6783,91,'2014-07-04',8141,0),(6784,92,'2014-07-04',917,1),(6785,93,'2014-07-04',4406,0),(6786,94,'2014-07-04',2419,0),(6787,95,'2014-07-04',2106,0),(6788,96,'2014-07-04',740,0),(6789,97,'2014-07-04',392,1),(6790,98,'2014-07-04',745,1),(6791,99,'2014-07-04',596,1),(6792,101,'2014-07-04',66,0),(6793,102,'2014-07-04',3652,0),(6794,103,'2014-07-04',515,0),(6795,104,'2014-07-04',2995,1),(6796,106,'2014-07-04',1078,0),(6797,107,'2014-07-04',2510,0),(6798,109,'2014-07-04',156,0),(6799,110,'2014-07-04',9786,0),(6800,111,'2014-07-04',1146,0),(6801,112,'2014-07-04',1873,1),(6802,113,'2014-07-04',651,0),(6803,114,'2014-07-04',786,0),(6804,115,'2014-07-04',603,0),(6805,116,'2014-07-04',5411,0),(6806,117,'2014-07-04',528,0),(6807,118,'2014-07-04',657,0),(6808,119,'2014-07-04',346,0),(6809,120,'2014-07-04',1554,1),(6810,121,'2014-07-04',387,0),(6811,123,'2014-07-04',1571,0),(6812,124,'2014-07-04',76,0),(6813,125,'2014-07-04',8361,1),(6814,126,'2014-07-04',879,0),(6815,127,'2014-07-04',583,0),(6816,128,'2014-07-04',730,1),(6817,129,'2014-07-04',6,0),(6818,130,'2014-07-04',414,0),(6819,131,'2014-07-04',144,1),(6820,132,'2014-07-04',125,0),(6821,133,'2014-07-04',248,0),(6822,134,'2014-07-04',4700,1),(6823,137,'2014-07-04',1949,0),(6824,138,'2014-07-04',2018,0),(6825,139,'2014-07-04',1221,0),(6826,140,'2014-07-04',174,0),(6827,141,'2014-07-04',694,0),(6828,142,'2014-07-04',628,0),(6829,143,'2014-07-04',4759,0),(6830,145,'2014-07-04',1895,0),(6831,146,'2014-07-04',2536,1),(6832,147,'2014-07-04',1229,0),(6833,148,'2014-07-04',700,1),(6834,1,'2014-07-05',1487,0),(6835,2,'2014-07-05',2338,0),(6836,3,'2014-07-05',3110,0),(6837,4,'2014-07-05',5615,0),(6838,5,'2014-07-05',1507,0),(6839,6,'2014-07-05',734,0),(6840,7,'2014-07-05',2682,0),(6841,8,'2014-07-05',777,0),(6842,9,'2014-07-05',1291,1),(6843,10,'2014-07-05',3773,0),(6844,11,'2014-07-05',836,1),(6845,12,'2014-07-05',648,0),(6846,13,'2014-07-05',1895,0),(6847,14,'2014-07-05',3218,0),(6848,15,'2014-07-05',2739,0),(6849,16,'2014-07-05',1080,0),(6850,17,'2014-07-05',2237,0),(6851,18,'2014-07-05',5310,0),(6852,19,'2014-07-05',2877,1),(6853,20,'2014-07-05',3126,0),(6854,21,'2014-07-05',252,0),(6855,22,'2014-07-05',550,1),(6856,23,'2014-07-05',717,0),(6857,24,'2014-07-05',931,0),(6858,25,'2014-07-05',1701,0),(6859,26,'2014-07-05',82,0),(6860,27,'2014-07-05',547,0),(6861,28,'2014-07-05',73968,0),(6862,29,'2014-07-05',966,0),(6863,30,'2014-07-05',530,0),(6864,31,'2014-07-05',3210,0),(6865,33,'2014-07-05',9073,0),(6866,34,'2014-07-05',1336,0),(6867,35,'2014-07-05',3541,0),(6868,36,'2014-07-05',7077,1),(6869,37,'2014-07-05',4346,1),(6870,38,'2014-07-05',2548,1),(6871,39,'2014-07-05',4818,0),(6872,40,'2014-07-05',4726,0),(6873,41,'2014-07-05',1383,0),(6874,42,'2014-07-05',3730,0),(6875,43,'2014-07-05',4202,0),(6876,44,'2014-07-05',3117,1),(6877,45,'2014-07-05',4704,0),(6878,46,'2014-07-05',3901,0),(6879,47,'2014-07-05',11253,0),(6880,48,'2014-07-05',758,0),(6881,49,'2014-07-05',4424,0),(6882,50,'2014-07-05',6419,0),(6883,51,'2014-07-05',1749,0),(6884,52,'2014-07-05',2819,1),(6885,53,'2014-07-05',1214,0),(6886,54,'2014-07-05',700,0),(6887,55,'2014-07-05',1640,0),(6888,56,'2014-07-05',2095,0),(6889,57,'2014-07-05',2160,0),(6890,58,'2014-07-05',1826,0),(6891,59,'2014-07-05',7987,0),(6892,60,'2014-07-05',1776,0),(6893,61,'2014-07-05',900,0),(6894,62,'2014-07-05',2055,0),(6895,63,'2014-07-05',2399,0),(6896,64,'2014-07-05',11677,0),(6897,65,'2014-07-05',4917,0),(6898,66,'2014-07-05',1372,0),(6899,68,'2014-07-05',1473,0),(6900,69,'2014-07-05',270,1),(6901,70,'2014-07-05',3030,0),(6902,73,'2014-07-05',1605,1),(6903,74,'2014-07-05',4736,1),(6904,75,'2014-07-05',1022,0),(6905,76,'2014-07-05',1198,1),(6906,77,'2014-07-05',748,0),(6907,78,'2014-07-05',387,0),(6908,79,'2014-07-05',243,0),(6909,80,'2014-07-05',483,0),(6910,81,'2014-07-05',253,0),(6911,82,'2014-07-05',19,0),(6912,83,'2014-07-05',429,0),(6913,84,'2014-07-05',2492,1),(6914,85,'2014-07-05',6028,0),(6915,86,'2014-07-05',863,0),(6916,87,'2014-07-05',7736,1),(6917,88,'2014-07-05',1546,1),(6918,90,'2014-07-05',815,0),(6919,91,'2014-07-05',8146,0),(6920,92,'2014-07-05',920,0),(6921,93,'2014-07-05',4407,0),(6922,94,'2014-07-05',2420,0),(6923,95,'2014-07-05',2109,0),(6924,96,'2014-07-05',740,0),(6925,97,'2014-07-05',392,0),(6926,98,'2014-07-05',745,0),(6927,99,'2014-07-05',596,0),(6928,101,'2014-07-05',67,0),(6929,102,'2014-07-05',3654,1),(6930,103,'2014-07-05',515,0),(6931,104,'2014-07-05',2996,0),(6932,106,'2014-07-05',1079,0),(6933,107,'2014-07-05',2511,0),(6934,109,'2014-07-05',156,0),(6935,110,'2014-07-05',9787,0),(6936,111,'2014-07-05',1147,0),(6937,112,'2014-07-05',1874,0),(6938,113,'2014-07-05',651,0),(6939,114,'2014-07-05',787,0),(6940,115,'2014-07-05',603,0),(6941,116,'2014-07-05',5420,1),(6942,117,'2014-07-05',528,0),(6943,118,'2014-07-05',657,0),(6944,1,'2014-07-06',1493,1),(6945,2,'2014-07-06',2338,1),(6946,3,'2014-07-06',3113,1),(6947,4,'2014-07-06',5616,1),(6948,5,'2014-07-06',1507,1),(6949,6,'2014-07-06',734,0),(6950,7,'2014-07-06',2686,1),(6951,8,'2014-07-06',779,1),(6952,9,'2014-07-06',1293,1),(6953,10,'2014-07-06',3783,1),(6954,11,'2014-07-06',835,0),(6955,12,'2014-07-06',652,0),(6956,13,'2014-07-06',1897,1),(6957,14,'2014-07-06',3221,1),(6958,15,'2014-07-06',2740,1),(6959,16,'2014-07-06',1083,1),(6960,17,'2014-07-06',2238,1),(6961,18,'2014-07-06',5311,1),(6962,19,'2014-07-06',2877,0),(6963,20,'2014-07-06',3128,1),(6964,21,'2014-07-06',252,0),(6965,22,'2014-07-06',550,0),(6966,23,'2014-07-06',718,0),(6967,24,'2014-07-06',931,1),(6968,25,'2014-07-06',1701,1),(6969,26,'2014-07-06',82,0),(6970,27,'2014-07-06',548,0),(6971,28,'2014-07-06',74182,1),(6972,29,'2014-07-06',966,0),(6973,30,'2014-07-06',530,0),(6974,31,'2014-07-06',3211,1),(6975,33,'2014-07-06',9075,1),(6976,34,'2014-07-06',1336,0),(6977,35,'2014-07-06',3543,1),(6978,36,'2014-07-06',7092,1),(6979,37,'2014-07-06',4346,0),(6980,38,'2014-07-06',2548,1),(6981,39,'2014-07-06',4819,0),(6982,40,'2014-07-06',4729,0),(6983,41,'2014-07-06',1382,0),(6984,42,'2014-07-06',3734,1),(6985,43,'2014-07-06',4205,0),(6986,44,'2014-07-06',3119,0),(6987,45,'2014-07-06',4707,0),(6988,46,'2014-07-06',3903,0),(6989,47,'2014-07-06',11253,0),(6990,48,'2014-07-06',758,1),(6991,49,'2014-07-06',4423,0),(6992,50,'2014-07-06',6423,1),(6993,51,'2014-07-06',1749,0),(6994,52,'2014-07-06',2824,0),(6995,53,'2014-07-06',1214,0),(6996,54,'2014-07-06',701,0),(6997,55,'2014-07-06',1642,0),(6998,56,'2014-07-06',2097,0),(6999,57,'2014-07-06',2160,0),(7000,58,'2014-07-06',1825,1),(7001,59,'2014-07-06',7997,0),(7002,60,'2014-07-06',1776,0),(7003,61,'2014-07-06',900,0),(7004,62,'2014-07-06',2055,0),(7005,63,'2014-07-06',2401,0),(7006,64,'2014-07-06',11679,0),(7007,65,'2014-07-06',4920,0),(7008,66,'2014-07-06',1373,0),(7009,68,'2014-07-06',1474,0),(7010,69,'2014-07-06',270,0),(7011,70,'2014-07-06',3029,1),(7012,73,'2014-07-06',1621,0),(7013,74,'2014-07-06',4736,1),(7014,75,'2014-07-06',1022,0),(7015,76,'2014-07-06',1203,0),(7016,77,'2014-07-06',748,0),(7017,78,'2014-07-06',389,0),(7018,79,'2014-07-06',243,0),(7019,80,'2014-07-06',483,0),(7020,81,'2014-07-06',253,0),(7021,82,'2014-07-06',19,0),(7022,83,'2014-07-06',431,0),(7023,84,'2014-07-06',2493,0),(7024,85,'2014-07-06',6034,0),(7025,86,'2014-07-06',863,0),(7026,87,'2014-07-06',7739,1),(7027,88,'2014-07-06',1546,1),(7028,90,'2014-07-06',815,0),(7029,91,'2014-07-06',8146,0),(7030,92,'2014-07-06',920,0),(7031,93,'2014-07-06',4410,0),(7032,94,'2014-07-06',2421,0),(7033,95,'2014-07-06',2110,0),(7034,96,'2014-07-06',743,0),(7035,97,'2014-07-06',392,0),(7036,98,'2014-07-06',745,0),(7037,99,'2014-07-06',598,0),(7038,101,'2014-07-06',67,0),(7039,102,'2014-07-06',3654,0),(7040,103,'2014-07-06',515,0),(7041,104,'2014-07-06',3000,1),(7042,106,'2014-07-06',1079,0),(7043,107,'2014-07-06',2513,0),(7044,109,'2014-07-06',158,0),(7045,110,'2014-07-06',9803,0),(7046,111,'2014-07-06',1148,0),(7047,112,'2014-07-06',1876,0),(7048,113,'2014-07-06',651,0),(7049,114,'2014-07-06',787,0),(7050,115,'2014-07-06',603,0),(7051,116,'2014-07-06',5424,1),(7052,117,'2014-07-06',528,0),(7053,118,'2014-07-06',657,0),(7054,119,'2014-07-06',346,0),(7055,120,'2014-07-06',1559,0),(7056,121,'2014-07-06',387,0),(7057,123,'2014-07-06',1571,0),(7058,124,'2014-07-06',76,0),(7059,125,'2014-07-06',8364,0),(7060,126,'2014-07-06',880,0),(7061,127,'2014-07-06',583,0),(7062,128,'2014-07-06',730,1),(7063,129,'2014-07-06',6,0),(7064,130,'2014-07-06',414,0),(7065,131,'2014-07-06',149,0),(7066,132,'2014-07-06',126,0),(7067,133,'2014-07-06',249,0),(7068,134,'2014-07-06',4711,0),(7069,137,'2014-07-06',1952,0),(7070,138,'2014-07-06',2019,0),(7071,139,'2014-07-06',1224,0),(7072,140,'2014-07-06',174,0),(7073,141,'2014-07-06',694,0),(7074,142,'2014-07-06',632,0),(7075,143,'2014-07-06',4761,0),(7076,145,'2014-07-06',1895,1),(7077,146,'2014-07-06',2542,1),(7078,147,'2014-07-06',1234,0),(7079,148,'2014-07-06',702,0),(7080,1,'2014-07-07',1496,1),(7081,2,'2014-07-07',2337,0),(7082,3,'2014-07-07',3117,1),(7083,4,'2014-07-07',5620,1),(7084,5,'2014-07-07',1507,1),(7085,6,'2014-07-07',734,0),(7086,7,'2014-07-07',2688,0),(7087,8,'2014-07-07',780,0),(7088,9,'2014-07-07',1293,0),(7089,10,'2014-07-07',3794,0),(7090,11,'2014-07-07',835,0),(7091,12,'2014-07-07',657,0),(7092,13,'2014-07-07',1896,0),(7093,14,'2014-07-07',3223,0),(7094,15,'2014-07-07',2740,0),(7095,16,'2014-07-07',1085,0),(7096,17,'2014-07-07',2238,0),(7097,18,'2014-07-07',5312,0),(7098,19,'2014-07-07',2878,1),(7099,20,'2014-07-07',3131,0),(7100,21,'2014-07-07',259,1),(7101,22,'2014-07-07',550,0),(7102,23,'2014-07-07',719,0),(7103,24,'2014-07-07',933,0),(7104,25,'2014-07-07',1701,0),(7105,26,'2014-07-07',82,0),(7106,27,'2014-07-07',548,0),(7107,28,'2014-07-07',74395,1),(7108,29,'2014-07-07',966,0),(7109,30,'2014-07-07',530,0),(7110,31,'2014-07-07',3212,1),(7111,33,'2014-07-07',9075,0),(7112,34,'2014-07-07',1336,0),(7113,35,'2014-07-07',3544,0),(7114,36,'2014-07-07',7096,1),(7115,37,'2014-07-07',4347,1),(7116,38,'2014-07-07',2547,0),(7117,39,'2014-07-07',4820,0),(7118,40,'2014-07-07',4732,0),(7119,41,'2014-07-07',1382,0),(7120,42,'2014-07-07',3733,0),(7121,43,'2014-07-07',4205,1),(7122,44,'2014-07-07',3121,0),(7123,45,'2014-07-07',4712,0),(7124,46,'2014-07-07',3905,0),(7125,47,'2014-07-07',11253,0),(7126,48,'2014-07-07',760,1),(7127,49,'2014-07-07',4426,1),(7128,50,'2014-07-07',6428,1),(7129,51,'2014-07-07',1750,0),(7130,52,'2014-07-07',2827,0),(7131,53,'2014-07-07',1214,1),(7132,54,'2014-07-07',702,0),(7133,55,'2014-07-07',1645,0),(7134,56,'2014-07-07',2100,0),(7135,57,'2014-07-07',2160,0),(7136,58,'2014-07-07',1825,1),(7137,59,'2014-07-07',8005,1),(7138,60,'2014-07-07',1776,0),(7139,61,'2014-07-07',900,0),(7140,62,'2014-07-07',2056,1),(7141,63,'2014-07-07',2401,0),(7142,64,'2014-07-07',11683,1),(7143,65,'2014-07-07',4926,1),(7144,66,'2014-07-07',1374,0),(7145,68,'2014-07-07',1476,0),(7146,69,'2014-07-07',270,0),(7147,70,'2014-07-07',3029,0),(7148,73,'2014-07-07',1643,1),(7149,74,'2014-07-07',4737,1),(7150,75,'2014-07-07',1022,0),(7151,76,'2014-07-07',1206,1),(7152,77,'2014-07-07',748,0),(7153,78,'2014-07-07',389,0),(7154,79,'2014-07-07',243,0),(7155,80,'2014-07-07',483,0),(7156,81,'2014-07-07',253,0),(7157,82,'2014-07-07',19,0),(7158,83,'2014-07-07',431,0),(7159,84,'2014-07-07',2498,0),(7160,85,'2014-07-07',6039,0),(7161,86,'2014-07-07',863,0),(7162,87,'2014-07-07',7741,0),(7163,88,'2014-07-07',1553,1),(7164,90,'2014-07-07',815,0),(7165,91,'2014-07-07',8151,0),(7166,92,'2014-07-07',922,0),(7167,93,'2014-07-07',4411,0),(7168,94,'2014-07-07',2423,0),(7169,95,'2014-07-07',2114,0),(7170,96,'2014-07-07',743,0),(7171,97,'2014-07-07',392,0),(7172,98,'2014-07-07',745,1),(7173,99,'2014-07-07',598,0),(7174,101,'2014-07-07',68,0),(7175,102,'2014-07-07',3656,0),(7176,103,'2014-07-07',516,1),(7177,104,'2014-07-07',3005,0),(7178,106,'2014-07-07',1079,0),(7179,107,'2014-07-07',2513,1),(7180,109,'2014-07-07',164,0),(7181,110,'2014-07-07',9818,0),(7182,111,'2014-07-07',1149,0),(7183,112,'2014-07-07',1878,0),(7184,113,'2014-07-07',651,0),(7185,114,'2014-07-07',787,0),(7186,115,'2014-07-07',604,0),(7187,116,'2014-07-07',5427,0),(7188,117,'2014-07-07',528,0),(7189,118,'2014-07-07',657,0),(7190,119,'2014-07-07',346,0),(7191,120,'2014-07-07',1559,0),(7192,121,'2014-07-07',389,0),(7193,123,'2014-07-07',1571,1),(7194,124,'2014-07-07',76,0),(7195,125,'2014-07-07',8371,1),(7196,126,'2014-07-07',882,0),(7197,127,'2014-07-07',585,0),(7198,128,'2014-07-07',731,1),(7199,129,'2014-07-07',6,0),(7200,130,'2014-07-07',415,0),(7201,131,'2014-07-07',151,0),(7202,132,'2014-07-07',127,0),(7203,133,'2014-07-07',250,0),(7204,134,'2014-07-07',4713,0),(7205,137,'2014-07-07',1952,1),(7206,138,'2014-07-07',2019,0),(7207,139,'2014-07-07',1232,0),(7208,140,'2014-07-07',174,0),(7209,141,'2014-07-07',694,0),(7210,142,'2014-07-07',633,0),(7211,143,'2014-07-07',4762,1),(7212,145,'2014-07-07',1897,1),(7213,146,'2014-07-07',2542,1),(7214,147,'2014-07-07',1235,0),(7215,148,'2014-07-07',703,0),(7216,1,'2014-07-08',1498,0),(7217,2,'2014-07-08',2339,1),(7218,3,'2014-07-08',3119,0),(7219,4,'2014-07-08',5621,1),(7220,5,'2014-07-08',1508,1),(7221,6,'2014-07-08',736,1),(7222,7,'2014-07-08',2688,1),(7223,8,'2014-07-08',780,1),(7224,9,'2014-07-08',1293,1),(7225,10,'2014-07-08',3809,1),(7226,11,'2014-07-08',835,1),(7227,12,'2014-07-08',666,1),(7228,13,'2014-07-08',1899,1),(7229,14,'2014-07-08',3225,1),(7230,15,'2014-07-08',2742,1),(7231,16,'2014-07-08',1087,1),(7232,17,'2014-07-08',2238,1),(7233,18,'2014-07-08',5313,1),(7234,19,'2014-07-08',2878,1),(7235,20,'2014-07-08',3134,1),(7236,21,'2014-07-08',308,0),(7237,22,'2014-07-08',550,1),(7238,23,'2014-07-08',721,0),(7239,24,'2014-07-08',934,1),(7240,25,'2014-07-08',1703,1),(7241,26,'2014-07-08',82,0),(7242,27,'2014-07-08',548,0),(7243,28,'2014-07-08',74599,1),(7244,29,'2014-07-08',965,1),(7245,30,'2014-07-08',529,0),(7246,31,'2014-07-08',3212,0),(7247,33,'2014-07-08',9078,0),(7248,34,'2014-07-08',1336,0),(7249,35,'2014-07-08',3544,0),(7250,36,'2014-07-08',7109,1),(7251,37,'2014-07-08',4350,1),(7252,38,'2014-07-08',2547,0),(7253,39,'2014-07-08',4822,1),(7254,40,'2014-07-08',4734,0),(7255,41,'2014-07-08',1382,0),(7256,42,'2014-07-08',3734,1),(7257,43,'2014-07-08',4207,1),(7258,44,'2014-07-08',3122,1),(7259,45,'2014-07-08',4712,1),(7260,46,'2014-07-08',3905,0),(7261,47,'2014-07-08',11253,0),(7262,48,'2014-07-08',761,1),(7263,49,'2014-07-08',4426,0),(7264,50,'2014-07-08',6432,1),(7265,51,'2014-07-08',1751,1),(7266,52,'2014-07-08',2826,1),(7267,53,'2014-07-08',1215,0),(7268,54,'2014-07-08',702,0),(7269,55,'2014-07-08',1644,1),(7270,56,'2014-07-08',2101,1),(7271,57,'2014-07-08',2161,1),(7272,58,'2014-07-08',1829,1),(7273,59,'2014-07-08',8012,1),(7274,60,'2014-07-08',1777,0),(7275,61,'2014-07-08',900,0),(7276,62,'2014-07-08',2058,1),(7277,63,'2014-07-08',2404,0),(7278,64,'2014-07-08',11683,0),(7279,65,'2014-07-08',4936,1),(7280,66,'2014-07-08',1377,0),(7281,68,'2014-07-08',1478,0),(7282,69,'2014-07-08',271,0),(7283,70,'2014-07-08',3029,0),(7284,73,'2014-07-08',1657,1),(7285,74,'2014-07-08',4742,1),(7286,75,'2014-07-08',1022,1),(7287,76,'2014-07-08',1212,1),(7288,77,'2014-07-08',749,0),(7289,78,'2014-07-08',390,0),(7290,79,'2014-07-08',243,0),(7291,80,'2014-07-08',484,0),(7292,81,'2014-07-08',253,1),(7293,82,'2014-07-08',19,0),(7294,83,'2014-07-08',431,0),(7295,84,'2014-07-08',2501,1),(7296,85,'2014-07-08',6039,1),(7297,86,'2014-07-08',862,0),(7298,87,'2014-07-08',7744,0),(7299,88,'2014-07-08',1555,1),(7300,90,'2014-07-08',816,0),(7301,91,'2014-07-08',8156,0),(7302,92,'2014-07-08',923,1),(7303,93,'2014-07-08',4414,0),(7304,94,'2014-07-08',2422,0),(7305,95,'2014-07-08',2116,0),(7306,96,'2014-07-08',744,0),(7307,97,'2014-07-08',392,1),(7308,98,'2014-07-08',744,1),(7309,99,'2014-07-08',598,1),(7310,101,'2014-07-08',68,0),(7311,102,'2014-07-08',3660,1),(7312,103,'2014-07-08',516,0),(7313,104,'2014-07-08',3007,0),(7314,106,'2014-07-08',1079,0),(7315,107,'2014-07-08',2512,0),(7316,109,'2014-07-08',169,0),(7317,110,'2014-07-08',9840,0),(7318,111,'2014-07-08',1149,0),(7319,112,'2014-07-08',1877,0),(7320,113,'2014-07-08',652,0),(7321,114,'2014-07-08',789,0),(7322,115,'2014-07-08',604,0),(7323,116,'2014-07-08',5427,0),(7324,117,'2014-07-08',529,0),(7325,118,'2014-07-08',658,0),(7326,119,'2014-07-08',346,0),(7327,120,'2014-07-08',1561,1),(7328,121,'2014-07-08',390,0),(7329,123,'2014-07-08',1572,1),(7330,124,'2014-07-08',76,0),(7331,125,'2014-07-08',8371,1),(7332,126,'2014-07-08',882,0),(7333,127,'2014-07-08',585,0),(7334,128,'2014-07-08',732,1),(7335,129,'2014-07-08',6,0),(7336,130,'2014-07-08',415,0),(7337,131,'2014-07-08',151,1),(7338,132,'2014-07-08',127,0),(7339,133,'2014-07-08',251,0),(7340,134,'2014-07-08',4713,0),(7341,137,'2014-07-08',1952,0),(7342,138,'2014-07-08',2020,0),(7343,139,'2014-07-08',1237,0),(7344,140,'2014-07-08',174,0),(7345,141,'2014-07-08',696,0),(7346,142,'2014-07-08',633,0),(7347,143,'2014-07-08',4762,0),(7348,145,'2014-07-08',1899,0),(7349,146,'2014-07-08',2545,1),(7350,147,'2014-07-08',1235,0),(7351,148,'2014-07-08',703,1),(7352,1,'2014-07-09',1503,0),(7353,2,'2014-07-09',2341,1),(7354,3,'2014-07-09',3120,0),(7355,4,'2014-07-09',5624,0),(7356,5,'2014-07-09',1510,0),(7357,6,'2014-07-09',736,0),(7358,7,'2014-07-09',2691,0),(7359,8,'2014-07-09',780,0),(7360,9,'2014-07-09',1293,0),(7361,10,'2014-07-09',3816,0),(7362,11,'2014-07-09',839,0),(7363,12,'2014-07-09',674,0),(7364,13,'2014-07-09',1902,1),(7365,14,'2014-07-09',3227,0),(7366,15,'2014-07-09',2741,0),(7367,16,'2014-07-09',1090,0),(7368,17,'2014-07-09',2240,0),(7369,18,'2014-07-09',5314,0),(7370,19,'2014-07-09',2880,1),(7371,20,'2014-07-09',3138,0),(7372,21,'2014-07-09',313,1),(7373,22,'2014-07-09',551,0),(7374,23,'2014-07-09',723,0),(7375,24,'2014-07-09',937,0),(7376,25,'2014-07-09',1703,0),(7377,26,'2014-07-09',82,0),(7378,27,'2014-07-09',547,0),(7379,28,'2014-07-09',74829,1),(7380,29,'2014-07-09',965,0),(7381,30,'2014-07-09',529,0),(7382,31,'2014-07-09',3213,0),(7383,33,'2014-07-09',9080,0),(7384,34,'2014-07-09',1336,0),(7385,35,'2014-07-09',3544,1),(7386,36,'2014-07-09',7126,1),(7387,37,'2014-07-09',4350,1),(7388,38,'2014-07-09',2550,1),(7389,39,'2014-07-09',4823,0),(7390,40,'2014-07-09',4738,0),(7391,41,'2014-07-09',1382,0),(7392,42,'2014-07-09',3738,0),(7393,43,'2014-07-09',4210,0),(7394,44,'2014-07-09',3128,1),(7395,45,'2014-07-09',4717,0),(7396,46,'2014-07-09',3903,0),(7397,47,'2014-07-09',11255,0),(7398,48,'2014-07-09',763,1),(7399,49,'2014-07-09',4429,1),(7400,50,'2014-07-09',6431,1),(7401,51,'2014-07-09',1755,0),(7402,52,'2014-07-09',2825,1),(7403,53,'2014-07-09',1215,0),(7404,54,'2014-07-09',703,1),(7405,55,'2014-07-09',1644,1),(7406,56,'2014-07-09',2102,0),(7407,57,'2014-07-09',2163,0),(7408,58,'2014-07-09',1829,0),(7409,59,'2014-07-09',8023,1),(7410,60,'2014-07-09',1778,1),(7411,61,'2014-07-09',900,0),(7412,62,'2014-07-09',2061,1),(7413,63,'2014-07-09',2408,0),(7414,64,'2014-07-09',11686,0),(7415,65,'2014-07-09',4947,1),(7416,66,'2014-07-09',1381,0),(7417,68,'2014-07-09',1480,1),(7418,69,'2014-07-09',272,0),(7419,70,'2014-07-09',3029,0),(7420,73,'2014-07-09',1664,1),(7421,74,'2014-07-09',4775,1),(7422,75,'2014-07-09',1023,1),(7423,76,'2014-07-09',1216,0),(7424,77,'2014-07-09',750,0),(7425,78,'2014-07-09',392,0),(7426,79,'2014-07-09',243,0),(7427,80,'2014-07-09',486,0),(7428,81,'2014-07-09',253,0),(7429,82,'2014-07-09',19,0),(7430,83,'2014-07-09',434,0),(7431,84,'2014-07-09',2508,0),(7432,85,'2014-07-09',6043,1),(7433,86,'2014-07-09',863,0),(7434,87,'2014-07-09',7744,1),(7435,88,'2014-07-09',1558,1),(7436,90,'2014-07-09',817,0),(7437,91,'2014-07-09',8161,0),(7438,92,'2014-07-09',926,0),(7439,93,'2014-07-09',4416,0),(7440,94,'2014-07-09',2422,0),(7441,95,'2014-07-09',2115,0),(7442,96,'2014-07-09',745,0),(7443,97,'2014-07-09',392,0),(7444,98,'2014-07-09',744,0),(7445,99,'2014-07-09',599,0),(7446,101,'2014-07-09',68,0),(7447,102,'2014-07-09',3661,0),(7448,103,'2014-07-09',517,1),(7449,104,'2014-07-09',3007,1),(7450,106,'2014-07-09',1080,0),(7451,107,'2014-07-09',2513,0),(7452,109,'2014-07-09',171,0),(7453,110,'2014-07-09',9850,0),(7454,111,'2014-07-09',1150,0),(7455,112,'2014-07-09',1877,1),(7456,113,'2014-07-09',652,0),(7457,114,'2014-07-09',790,0),(7458,115,'2014-07-09',605,0),(7459,116,'2014-07-09',5432,0),(7460,117,'2014-07-09',530,0),(7461,118,'2014-07-09',660,0),(7462,119,'2014-07-09',346,0),(7463,120,'2014-07-09',1568,0),(7464,121,'2014-07-09',391,0),(7465,123,'2014-07-09',1572,0),(7466,124,'2014-07-09',76,0),(7467,125,'2014-07-09',8374,1),(7468,126,'2014-07-09',882,0),(7469,127,'2014-07-09',588,0),(7470,128,'2014-07-09',732,1),(7471,129,'2014-07-09',6,0),(7472,130,'2014-07-09',415,0),(7473,131,'2014-07-09',151,0),(7474,132,'2014-07-09',127,0),(7475,133,'2014-07-09',251,0),(7476,134,'2014-07-09',4718,0),(7477,137,'2014-07-09',1952,0),(7478,138,'2014-07-09',2020,0),(7479,139,'2014-07-09',1249,0),(7480,140,'2014-07-09',174,0),(7481,141,'2014-07-09',696,0),(7482,142,'2014-07-09',633,0),(7483,143,'2014-07-09',4762,0),(7484,145,'2014-07-09',1902,1),(7485,146,'2014-07-09',2555,1),(7486,147,'2014-07-09',1236,1),(7487,148,'2014-07-09',707,1),(7488,1,'2014-07-10',1504,0),(7489,2,'2014-07-10',2343,0),(7490,3,'2014-07-10',3120,0),(7491,4,'2014-07-10',5626,0),(7492,5,'2014-07-10',1512,0),(7493,6,'2014-07-10',737,0),(7494,7,'2014-07-10',2696,0),(7495,8,'2014-07-10',783,0),(7496,9,'2014-07-10',1294,0),(7497,10,'2014-07-10',3822,0),(7498,11,'2014-07-10',842,1),(7499,12,'2014-07-10',679,1),(7500,13,'2014-07-10',1904,0),(7501,14,'2014-07-10',3229,0),(7502,15,'2014-07-10',2743,0),(7503,16,'2014-07-10',1091,0),(7504,17,'2014-07-10',2240,0),(7505,18,'2014-07-10',5319,0),(7506,19,'2014-07-10',2880,0),(7507,20,'2014-07-10',3139,0),(7508,21,'2014-07-10',317,1),(7509,22,'2014-07-10',551,0),(7510,23,'2014-07-10',723,0),(7511,24,'2014-07-10',939,0),(7512,25,'2014-07-10',1704,1),(7513,26,'2014-07-10',82,0),(7514,27,'2014-07-10',548,0),(7515,28,'2014-07-10',74995,1),(7516,29,'2014-07-10',966,0),(7517,30,'2014-07-10',529,0),(7518,31,'2014-07-10',3213,0),(7519,33,'2014-07-10',9082,1),(7520,34,'2014-07-10',1337,0),(7521,35,'2014-07-10',3543,0),(7522,36,'2014-07-10',7128,1),(7523,37,'2014-07-10',4351,0),(7524,38,'2014-07-10',2555,0),(7525,39,'2014-07-10',4825,0),(7526,40,'2014-07-10',4741,0),(7527,41,'2014-07-10',1382,0),(7528,42,'2014-07-10',3740,0),(7529,43,'2014-07-10',4211,0),(7530,44,'2014-07-10',3130,0),(7531,45,'2014-07-10',4717,0),(7532,46,'2014-07-10',3904,0),(7533,47,'2014-07-10',11256,0),(7534,48,'2014-07-10',763,1),(7535,49,'2014-07-10',4429,0),(7536,50,'2014-07-10',6435,1),(7537,51,'2014-07-10',1755,0),(7538,52,'2014-07-10',2825,0),(7539,53,'2014-07-10',1215,0),(7540,54,'2014-07-10',704,1),(7541,55,'2014-07-10',1644,0),(7542,56,'2014-07-10',2102,0),(7543,57,'2014-07-10',2162,0),(7544,58,'2014-07-10',1830,0),(7545,59,'2014-07-10',8032,0),(7546,60,'2014-07-10',1778,1),(7547,61,'2014-07-10',900,0),(7548,62,'2014-07-10',2063,0),(7549,63,'2014-07-10',2411,0),(7550,64,'2014-07-10',11690,0),(7551,65,'2014-07-10',4958,0),(7552,66,'2014-07-10',1384,0),(7553,68,'2014-07-10',1482,0),(7554,69,'2014-07-10',272,0),(7555,70,'2014-07-10',3029,1),(7556,73,'2014-07-10',1677,1),(7557,74,'2014-07-10',4811,1),(7558,75,'2014-07-10',1023,1),(7559,76,'2014-07-10',1217,0),(7560,77,'2014-07-10',750,0),(7561,78,'2014-07-10',393,1),(7562,79,'2014-07-10',243,0),(7563,80,'2014-07-10',486,0),(7564,81,'2014-07-10',253,0),(7565,82,'2014-07-10',19,0),(7566,83,'2014-07-10',434,0),(7567,84,'2014-07-10',2513,0),(7568,85,'2014-07-10',6050,1),(7569,86,'2014-07-10',865,0),(7570,87,'2014-07-10',7740,0),(7571,88,'2014-07-10',1564,1),(7572,90,'2014-07-10',817,0),(7573,91,'2014-07-10',8168,0),(7574,92,'2014-07-10',930,1),(7575,93,'2014-07-10',4415,0),(7576,94,'2014-07-10',2425,0),(7577,95,'2014-07-10',2116,1),(7578,96,'2014-07-10',745,0),(7579,97,'2014-07-10',392,0),(7580,98,'2014-07-10',745,0),(7581,99,'2014-07-10',599,0),(7582,101,'2014-07-10',68,0),(7583,102,'2014-07-10',3662,0),(7584,103,'2014-07-10',528,0),(7585,104,'2014-07-10',3009,0),(7586,106,'2014-07-10',1080,0),(7587,107,'2014-07-10',2512,0),(7588,109,'2014-07-10',173,0),(7589,110,'2014-07-10',9863,0),(7590,111,'2014-07-10',1150,0),(7591,112,'2014-07-10',1880,1),(7592,113,'2014-07-10',652,0),(7593,114,'2014-07-10',790,0),(7594,115,'2014-07-10',605,0),(7595,116,'2014-07-10',5439,0),(7596,117,'2014-07-10',530,0),(7597,118,'2014-07-10',660,0),(7598,119,'2014-07-10',346,0),(7599,120,'2014-07-10',1568,0),(7600,121,'2014-07-10',391,0),(7601,123,'2014-07-10',1572,0),(7602,124,'2014-07-10',76,0),(7603,125,'2014-07-10',8376,0),(7604,126,'2014-07-10',883,0),(7605,127,'2014-07-10',588,0),(7606,128,'2014-07-10',732,1),(7607,129,'2014-07-10',6,0),(7608,130,'2014-07-10',415,0),(7609,131,'2014-07-10',151,0),(7610,132,'2014-07-10',128,0),(7611,133,'2014-07-10',252,0),(7612,134,'2014-07-10',4725,0),(7613,137,'2014-07-10',1955,0),(7614,138,'2014-07-10',2022,0),(7615,139,'2014-07-10',1252,0),(7616,140,'2014-07-10',175,0),(7617,141,'2014-07-10',696,0),(7618,142,'2014-07-10',635,1),(7619,143,'2014-07-10',4762,0),(7620,145,'2014-07-10',1902,0),(7621,146,'2014-07-10',2559,1),(7622,147,'2014-07-10',1238,0),(7623,148,'2014-07-10',709,1),(7624,1,'2014-07-11',1506,1),(7625,2,'2014-07-11',2343,1),(7626,3,'2014-07-11',3121,1),(7627,4,'2014-07-11',5627,1),(7628,5,'2014-07-11',1514,1),(7629,6,'2014-07-11',737,0),(7630,7,'2014-07-11',2700,1),(7631,8,'2014-07-11',789,1),(7632,9,'2014-07-11',1295,1),(7633,10,'2014-07-11',3827,1),(7634,11,'2014-07-11',843,0),(7635,12,'2014-07-11',684,1),(7636,13,'2014-07-11',1905,1),(7637,14,'2014-07-11',3228,1),(7638,15,'2014-07-11',2744,1),(7639,16,'2014-07-11',1092,1),(7640,17,'2014-07-11',2242,1),(7641,18,'2014-07-11',5323,1),(7642,19,'2014-07-11',2881,1),(7643,20,'2014-07-11',3139,1),(7644,21,'2014-07-11',320,0),(7645,22,'2014-07-11',550,1),(7646,23,'2014-07-11',724,0),(7647,24,'2014-07-11',937,1),(7648,25,'2014-07-11',1704,1),(7649,26,'2014-07-11',82,0),(7650,27,'2014-07-11',548,0),(7651,28,'2014-07-11',75165,1),(7652,29,'2014-07-11',967,0),(7653,30,'2014-07-11',529,0),(7654,31,'2014-07-11',3213,0),(7655,33,'2014-07-11',9082,1),(7656,34,'2014-07-11',1336,0),(7657,35,'2014-07-11',3545,1),(7658,36,'2014-07-11',7130,1),(7659,37,'2014-07-11',4351,1),(7660,38,'2014-07-11',2556,0),(7661,1,'2014-07-12',1511,0),(7662,2,'2014-07-12',2344,0),(7663,3,'2014-07-12',3120,0),(7664,4,'2014-07-12',5629,0),(7665,5,'2014-07-12',1513,0),(7666,6,'2014-07-12',738,1),(7667,7,'2014-07-12',2699,0),(7668,8,'2014-07-12',794,1),(7669,9,'2014-07-12',1297,0),(7670,10,'2014-07-12',3830,0),(7671,11,'2014-07-12',842,0),(7672,12,'2014-07-12',694,1),(7673,13,'2014-07-12',1906,0),(7674,14,'2014-07-12',3231,0),(7675,15,'2014-07-12',2743,0),(7676,16,'2014-07-12',1093,0),(7677,17,'2014-07-12',2242,0),(7678,18,'2014-07-12',5322,1),(7679,19,'2014-07-12',2882,0),(7680,20,'2014-07-12',3141,0),(7681,21,'2014-07-12',346,1),(7682,22,'2014-07-12',552,0),(7683,23,'2014-07-12',724,1),(7684,24,'2014-07-12',936,0),(7685,25,'2014-07-12',1703,0),(7686,26,'2014-07-12',82,0),(7687,27,'2014-07-12',548,0),(7688,28,'2014-07-12',75319,0),(7689,29,'2014-07-12',968,1),(7690,30,'2014-07-12',529,0),(7691,31,'2014-07-12',3214,0),(7692,33,'2014-07-12',9084,0),(7693,34,'2014-07-12',1338,0),(7694,35,'2014-07-12',3547,0),(7695,36,'2014-07-12',7135,1),(7696,37,'2014-07-12',4352,1),(7697,38,'2014-07-12',2555,0),(7698,39,'2014-07-12',4830,0),(7699,40,'2014-07-12',4745,0),(7700,41,'2014-07-12',1382,0),(7701,42,'2014-07-12',3744,1),(7702,43,'2014-07-12',4216,0),(7703,44,'2014-07-12',3137,0),(7704,45,'2014-07-12',4720,0),(7705,46,'2014-07-12',3909,0),(7706,47,'2014-07-12',11257,0),(7707,48,'2014-07-12',763,1),(7708,49,'2014-07-12',4430,0),(7709,50,'2014-07-12',6440,1),(7710,51,'2014-07-12',1755,0),(7711,52,'2014-07-12',2832,1),(7712,53,'2014-07-12',1215,0),(7713,54,'2014-07-12',705,0),(7714,55,'2014-07-12',1645,1),(7715,56,'2014-07-12',2104,0),(7716,57,'2014-07-12',2166,0),(7717,58,'2014-07-12',1830,0),(7718,59,'2014-07-12',8049,1),(7719,60,'2014-07-12',1779,0),(7720,61,'2014-07-12',900,0),(7721,62,'2014-07-12',2072,1),(7722,63,'2014-07-12',2413,0),(7723,64,'2014-07-12',11691,0),(7724,65,'2014-07-12',4969,1),(7725,66,'2014-07-12',1384,0),(7726,68,'2014-07-12',1484,0),(7727,69,'2014-07-12',272,1),(7728,70,'2014-07-12',3029,1),(7729,73,'2014-07-12',1696,0),(7730,74,'2014-07-12',4870,0),(7731,75,'2014-07-12',1024,0),(7732,76,'2014-07-12',1220,0),(7733,77,'2014-07-12',750,0),(7734,78,'2014-07-12',396,1),(7735,79,'2014-07-12',243,0),(7736,80,'2014-07-12',486,0),(7737,81,'2014-07-12',253,0),(7738,82,'2014-07-12',19,0),(7739,83,'2014-07-12',434,0),(7740,84,'2014-07-12',2527,0),(7741,85,'2014-07-12',6058,0),(7742,86,'2014-07-12',866,0),(7743,87,'2014-07-12',7745,0),(7744,88,'2014-07-12',1569,1),(7745,90,'2014-07-12',820,1),(7746,91,'2014-07-12',8180,0),(7747,92,'2014-07-12',932,0),(7748,1,'2014-07-13',1512,1),(7749,2,'2014-07-13',2345,1),(7750,3,'2014-07-13',3121,1),(7751,4,'2014-07-13',5630,0),(7752,5,'2014-07-13',1513,1),(7753,6,'2014-07-13',738,1),(7754,7,'2014-07-13',2706,1),(7755,8,'2014-07-13',798,1),(7756,9,'2014-07-13',1299,1),(7757,10,'2014-07-13',3835,1),(7758,11,'2014-07-13',844,1),(7759,12,'2014-07-13',698,0),(7760,13,'2014-07-13',1907,1),(7761,14,'2014-07-13',3234,1),(7762,15,'2014-07-13',2745,1),(7763,16,'2014-07-13',1098,1),(7764,17,'2014-07-13',2242,1),(7765,18,'2014-07-13',5323,1),(7766,19,'2014-07-13',2882,1),(7767,20,'2014-07-13',3140,1),(7768,21,'2014-07-13',483,1),(7769,22,'2014-07-13',552,1),(7770,23,'2014-07-13',725,0),(7771,24,'2014-07-13',936,1),(7772,25,'2014-07-13',1703,1),(7773,26,'2014-07-13',82,0),(7774,27,'2014-07-13',548,0),(7775,28,'2014-07-13',75472,1),(7776,29,'2014-07-13',968,0),(7777,30,'2014-07-13',529,0),(7778,31,'2014-07-13',3214,1),(7779,33,'2014-07-13',9082,0),(7780,34,'2014-07-13',1339,0),(7781,35,'2014-07-13',3548,0),(7782,36,'2014-07-13',7144,1),(7783,37,'2014-07-13',4363,1),(7784,38,'2014-07-13',2554,1),(7785,39,'2014-07-13',4831,0),(7786,40,'2014-07-13',4747,0),(7787,41,'2014-07-13',1382,0),(7788,42,'2014-07-13',3744,0),(7789,43,'2014-07-13',4218,1),(7790,44,'2014-07-13',3138,1),(7791,45,'2014-07-13',4721,0),(7792,46,'2014-07-13',3910,0),(7793,47,'2014-07-13',11260,0),(7794,48,'2014-07-13',763,0),(7795,49,'2014-07-13',4431,0),(7796,50,'2014-07-13',6443,1),(7797,51,'2014-07-13',1755,0),(7798,52,'2014-07-13',2832,1),(7799,53,'2014-07-13',1215,0),(7800,54,'2014-07-13',709,0),(7801,55,'2014-07-13',1646,0),(7802,56,'2014-07-13',2106,0),(7803,57,'2014-07-13',2167,1),(7804,58,'2014-07-13',1830,1),(7805,59,'2014-07-13',8060,1),(7806,60,'2014-07-13',1779,0),(7807,61,'2014-07-13',900,0),(7808,62,'2014-07-13',2073,0),(7809,63,'2014-07-13',2413,0),(7810,64,'2014-07-13',11691,1),(7811,65,'2014-07-13',4979,1),(7812,66,'2014-07-13',1385,0),(7813,68,'2014-07-13',1488,0),(7814,69,'2014-07-13',272,1),(7815,70,'2014-07-13',3032,0),(7816,73,'2014-07-13',1700,1),(7817,74,'2014-07-13',4904,1),(7818,75,'2014-07-13',1024,1),(7819,76,'2014-07-13',1222,0),(7820,77,'2014-07-13',751,0),(7821,78,'2014-07-13',396,0),(7822,79,'2014-07-13',243,0),(7823,80,'2014-07-13',486,0),(7824,81,'2014-07-13',253,1),(7825,82,'2014-07-13',19,0),(7826,83,'2014-07-13',435,0),(7827,84,'2014-07-13',2531,1),(7828,85,'2014-07-13',6062,0),(7829,86,'2014-07-13',866,0),(7830,87,'2014-07-13',7743,0),(7831,88,'2014-07-13',1573,1),(7832,90,'2014-07-13',821,0),(7833,91,'2014-07-13',8181,0),(7834,92,'2014-07-13',932,0),(7835,93,'2014-07-13',4422,0),(7836,94,'2014-07-13',2428,0),(7837,95,'2014-07-13',2118,0),(7838,96,'2014-07-13',753,0),(7839,97,'2014-07-13',393,0),(7840,98,'2014-07-13',746,0),(7841,99,'2014-07-13',600,0),(7842,101,'2014-07-13',70,0),(7843,102,'2014-07-13',3668,1),(7844,103,'2014-07-13',531,1),(7845,104,'2014-07-13',3010,1),(7846,106,'2014-07-13',1080,0),(7847,107,'2014-07-13',2512,1),(7848,109,'2014-07-13',179,0),(7849,110,'2014-07-13',9912,0),(7850,111,'2014-07-13',1149,0),(7851,112,'2014-07-13',1882,1),(7852,113,'2014-07-13',653,0),(7853,114,'2014-07-13',790,0),(7854,115,'2014-07-13',605,0),(7855,116,'2014-07-13',5453,0),(7856,117,'2014-07-13',530,0),(7857,118,'2014-07-13',662,0),(7858,119,'2014-07-13',346,0),(7859,120,'2014-07-13',1572,1),(7860,121,'2014-07-13',392,0),(7861,123,'2014-07-13',1579,0),(7862,124,'2014-07-13',77,0),(7863,125,'2014-07-13',8386,1),(7864,126,'2014-07-13',883,0),(7865,127,'2014-07-13',588,0),(7866,128,'2014-07-13',731,1),(7867,129,'2014-07-13',6,0),(7868,130,'2014-07-13',416,0),(7869,131,'2014-07-13',154,0),(7870,132,'2014-07-13',127,0),(7871,133,'2014-07-13',254,0),(7872,134,'2014-07-13',4736,0),(7873,137,'2014-07-13',1958,0),(7874,138,'2014-07-13',2029,0),(7875,139,'2014-07-13',1272,0),(7876,140,'2014-07-13',177,0),(7877,141,'2014-07-13',695,0),(7878,142,'2014-07-13',636,0),(7879,143,'2014-07-13',4762,0),(7880,145,'2014-07-13',1915,0),(7881,146,'2014-07-13',2571,1),(7882,147,'2014-07-13',1239,0),(7883,148,'2014-07-13',720,0),(7884,1,'2014-07-14',1516,1),(7885,2,'2014-07-14',2347,1),(7886,3,'2014-07-14',3125,0),(7887,4,'2014-07-14',5632,1),(7888,5,'2014-07-14',1513,1),(7889,6,'2014-07-14',739,0),(7890,7,'2014-07-14',2715,1),(7891,8,'2014-07-14',804,0),(7892,9,'2014-07-14',1300,1),(7893,10,'2014-07-14',3840,0),(7894,11,'2014-07-14',851,0),(7895,12,'2014-07-14',705,1),(7896,13,'2014-07-14',1910,0),(7897,14,'2014-07-14',3236,1),(7898,15,'2014-07-14',2745,1),(7899,16,'2014-07-14',1097,1),(7900,17,'2014-07-14',2243,1),(7901,18,'2014-07-14',5323,1),(7902,19,'2014-07-14',2883,0),(7903,20,'2014-07-14',3140,0),(7904,21,'2014-07-14',572,0),(7905,22,'2014-07-14',552,0),(7906,23,'2014-07-14',725,0),(7907,24,'2014-07-14',936,1),(7908,25,'2014-07-14',1703,1),(7909,26,'2014-07-14',82,0),(7910,27,'2014-07-14',548,0),(7911,28,'2014-07-14',75644,1),(7912,29,'2014-07-14',968,0),(7913,30,'2014-07-14',529,0),(7914,31,'2014-07-14',3214,1),(7915,33,'2014-07-14',9083,0),(7916,34,'2014-07-14',1341,1),(7917,35,'2014-07-14',3551,1),(7918,36,'2014-07-14',7151,1),(7919,37,'2014-07-14',4363,1),(7920,38,'2014-07-14',2553,0),(7921,39,'2014-07-14',4833,0),(7922,40,'2014-07-14',4745,0),(7923,41,'2014-07-14',1382,0),(7924,42,'2014-07-14',3747,0),(7925,43,'2014-07-14',4218,1),(7926,44,'2014-07-14',3138,1),(7927,45,'2014-07-14',4725,1),(7928,46,'2014-07-14',3911,0),(7929,47,'2014-07-14',11260,0),(7930,48,'2014-07-14',763,1),(7931,49,'2014-07-14',4431,0),(7932,50,'2014-07-14',6447,1),(7933,51,'2014-07-14',1754,1),(7934,52,'2014-07-14',2834,1),(7935,53,'2014-07-14',1215,0),(7936,54,'2014-07-14',712,0),(7937,55,'2014-07-14',1648,1),(7938,56,'2014-07-14',2109,0),(7939,57,'2014-07-14',2168,0),(7940,58,'2014-07-14',1831,1),(7941,59,'2014-07-14',8063,0),(7942,60,'2014-07-14',1779,0),(7943,61,'2014-07-14',900,0),(7944,1,'2014-07-15',1518,0),(7945,2,'2014-07-15',2348,0),(7946,3,'2014-07-15',3125,1),(7947,4,'2014-07-15',5635,1),(7948,5,'2014-07-15',1514,0),(7949,6,'2014-07-15',739,0),(7950,7,'2014-07-15',2715,1),(7951,8,'2014-07-15',810,1),(7952,9,'2014-07-15',1301,0),(7953,10,'2014-07-15',3858,1),(7954,11,'2014-07-15',852,1),(7955,12,'2014-07-15',715,0),(7956,13,'2014-07-15',1912,1),(7957,14,'2014-07-15',3236,0),(7958,15,'2014-07-15',2745,0),(7959,16,'2014-07-15',1098,0),(7960,17,'2014-07-15',2244,0),(7961,18,'2014-07-15',5326,1),(7962,19,'2014-07-15',2885,0),(7963,20,'2014-07-15',3143,1),(7964,21,'2014-07-15',577,1),(7965,22,'2014-07-15',554,1),(7966,23,'2014-07-15',726,0),(7967,24,'2014-07-15',936,0),(7968,25,'2014-07-15',1703,1),(7969,26,'2014-07-15',82,0),(7970,27,'2014-07-15',548,0),(7971,28,'2014-07-15',75815,1),(7972,29,'2014-07-15',968,1),(7973,30,'2014-07-15',529,0),(7974,31,'2014-07-15',3215,1),(7975,33,'2014-07-15',9084,1),(7976,34,'2014-07-15',1343,0),(7977,35,'2014-07-15',3553,0),(7978,36,'2014-07-15',7155,1),(7979,37,'2014-07-15',4363,1),(7980,38,'2014-07-15',2555,0),(7981,39,'2014-07-15',4838,0),(7982,40,'2014-07-15',4747,1),(7983,41,'2014-07-15',1382,0),(7984,42,'2014-07-15',3749,0),(7985,43,'2014-07-15',4220,1),(7986,44,'2014-07-15',3140,1),(7987,45,'2014-07-15',4728,0),(7988,46,'2014-07-15',3913,0),(7989,47,'2014-07-15',11263,0),(7990,48,'2014-07-15',763,1),(7991,49,'2014-07-15',4431,0),(7992,50,'2014-07-15',6449,0),(7993,51,'2014-07-15',1754,0),(7994,52,'2014-07-15',2835,0),(7995,53,'2014-07-15',1215,0),(7996,54,'2014-07-15',712,0),(7997,55,'2014-07-15',1649,0),(7998,56,'2014-07-15',2112,0),(7999,57,'2014-07-15',2168,0),(8000,58,'2014-07-15',1831,0),(8001,59,'2014-07-15',8072,0),(8002,60,'2014-07-15',1779,0),(8003,61,'2014-07-15',900,0),(8004,62,'2014-07-15',2075,0),(8005,63,'2014-07-15',2417,0),(8006,64,'2014-07-15',11698,0),(8007,65,'2014-07-15',5008,1),(8008,66,'2014-07-15',1385,0),(8009,68,'2014-07-15',1491,0),(8010,69,'2014-07-15',273,1),(8011,70,'2014-07-15',3032,1),(8012,73,'2014-07-15',1708,1),(8013,74,'2014-07-15',4964,1),(8014,75,'2014-07-15',1023,0),(8015,76,'2014-07-15',1223,0),(8016,77,'2014-07-15',751,0),(8017,78,'2014-07-15',401,0),(8018,79,'2014-07-15',243,0),(8019,80,'2014-07-15',487,1),(8020,81,'2014-07-15',254,0),(8021,82,'2014-07-15',19,0),(8022,83,'2014-07-15',435,0),(8023,84,'2014-07-15',2543,0),(8024,85,'2014-07-15',6069,0),(8025,86,'2014-07-15',866,0),(8026,87,'2014-07-15',7744,0),(8027,88,'2014-07-15',1578,1),(8028,90,'2014-07-15',824,0),(8029,91,'2014-07-15',8200,0),(8030,92,'2014-07-15',937,1),(8031,93,'2014-07-15',4426,0),(8032,94,'2014-07-15',2437,1),(8033,95,'2014-07-15',2121,0),(8034,96,'2014-07-15',753,0),(8035,97,'2014-07-15',392,1),(8036,98,'2014-07-15',745,1),(8037,99,'2014-07-15',603,1),(8038,101,'2014-07-15',71,0),(8039,102,'2014-07-15',3674,1),(8040,103,'2014-07-15',531,0),(8041,104,'2014-07-15',3011,0),(8042,106,'2014-07-15',1079,0),(8043,107,'2014-07-15',2511,1),(8044,109,'2014-07-15',184,0),(8045,110,'2014-07-15',9939,0),(8046,111,'2014-07-15',1152,0),(8047,112,'2014-07-15',1886,0),(8048,113,'2014-07-15',655,0),(8049,114,'2014-07-15',790,0),(8050,115,'2014-07-15',605,0),(8051,116,'2014-07-15',5464,1),(8052,117,'2014-07-15',531,0),(8053,118,'2014-07-15',663,0),(8054,119,'2014-07-15',348,0),(8055,120,'2014-07-15',1573,1),(8056,121,'2014-07-15',393,0),(8057,123,'2014-07-15',1581,0),(8058,124,'2014-07-15',77,0),(8059,125,'2014-07-15',8392,0),(8060,126,'2014-07-15',884,0),(8061,127,'2014-07-15',590,0),(8062,128,'2014-07-15',731,1),(8063,129,'2014-07-15',6,0),(8064,130,'2014-07-15',416,0),(8065,131,'2014-07-15',154,0),(8066,132,'2014-07-15',129,0),(8067,133,'2014-07-15',254,0),(8068,134,'2014-07-15',4741,0),(8069,137,'2014-07-15',1961,0),(8070,138,'2014-07-15',2032,0),(8071,139,'2014-07-15',1280,0),(8072,140,'2014-07-15',178,0),(8073,141,'2014-07-15',696,0),(8074,142,'2014-07-15',636,0),(8075,143,'2014-07-15',4761,0),(8076,145,'2014-07-15',1922,1),(8077,146,'2014-07-15',2578,1),(8078,147,'2014-07-15',1238,0),(8079,148,'2014-07-15',725,0),(8080,1,'2014-07-16',1519,0),(8081,2,'2014-07-16',2347,0),(8082,3,'2014-07-16',3128,1),(8083,4,'2014-07-16',5634,0),(8084,5,'2014-07-16',1518,1),(8085,6,'2014-07-16',740,1),(8086,7,'2014-07-16',2720,0),(8087,8,'2014-07-16',817,0),(8088,9,'2014-07-16',1302,0),(8089,10,'2014-07-16',3871,1),(8090,11,'2014-07-16',855,0),(8091,12,'2014-07-16',724,0),(8092,13,'2014-07-16',1917,1),(8093,14,'2014-07-16',3236,0),(8094,15,'2014-07-16',2746,1),(8095,16,'2014-07-16',1099,0),(8096,17,'2014-07-16',2245,0),(8097,18,'2014-07-16',5329,1),(8098,19,'2014-07-16',2887,0),(8099,20,'2014-07-16',3140,0),(8100,21,'2014-07-16',582,1),(8101,22,'2014-07-16',555,0),(8102,23,'2014-07-16',727,0),(8103,24,'2014-07-16',937,0),(8104,25,'2014-07-16',1703,0),(8105,26,'2014-07-16',82,0),(8106,27,'2014-07-16',548,0),(8107,28,'2014-07-16',75979,1),(8108,29,'2014-07-16',967,0),(8109,30,'2014-07-16',530,0),(8110,31,'2014-07-16',3216,0),(8111,33,'2014-07-16',9088,0),(8112,34,'2014-07-16',1343,0),(8113,35,'2014-07-16',3555,0),(8114,36,'2014-07-16',7159,0),(8115,37,'2014-07-16',4363,0),(8116,38,'2014-07-16',2555,1),(8117,39,'2014-07-16',4840,0),(8118,40,'2014-07-16',4747,0),(8119,41,'2014-07-16',1382,0),(8120,42,'2014-07-16',3752,0),(8121,43,'2014-07-16',4218,1),(8122,44,'2014-07-16',3136,1),(8123,45,'2014-07-16',4729,0),(8124,46,'2014-07-16',3914,0),(8125,47,'2014-07-16',11263,1),(8126,48,'2014-07-16',762,1),(8127,49,'2014-07-16',4434,1),(8128,50,'2014-07-16',6451,1),(8129,51,'2014-07-16',1755,0),(8130,52,'2014-07-16',2837,1),(8131,53,'2014-07-16',1216,0),(8132,54,'2014-07-16',713,0),(8133,55,'2014-07-16',1649,0),(8134,56,'2014-07-16',2113,1),(8135,57,'2014-07-16',2168,0),(8136,58,'2014-07-16',1830,0),(8137,59,'2014-07-16',8077,1),(8138,60,'2014-07-16',1779,0),(8139,61,'2014-07-16',900,0),(8140,62,'2014-07-16',2076,0),(8141,63,'2014-07-16',2417,0),(8142,64,'2014-07-16',11697,0),(8143,65,'2014-07-16',5015,1),(8144,66,'2014-07-16',1386,0),(8145,68,'2014-07-16',1496,0),(8146,69,'2014-07-16',276,1),(8147,70,'2014-07-16',3033,0),(8148,73,'2014-07-16',1708,1),(8149,74,'2014-07-16',4990,1),(8150,75,'2014-07-16',1023,0),(8151,76,'2014-07-16',1223,1),(8152,77,'2014-07-16',751,0),(8153,78,'2014-07-16',402,0),(8154,79,'2014-07-16',243,0),(8155,80,'2014-07-16',487,0),(8156,81,'2014-07-16',254,0),(8157,82,'2014-07-16',19,0),(8158,83,'2014-07-16',435,0),(8159,84,'2014-07-16',2544,1),(8160,85,'2014-07-16',6071,1),(8161,86,'2014-07-16',866,0),(8162,87,'2014-07-16',7744,0),(8163,88,'2014-07-16',1581,1),(8164,90,'2014-07-16',824,0),(8165,91,'2014-07-16',8208,0),(8166,92,'2014-07-16',937,1),(8167,93,'2014-07-16',4426,0),(8168,95,'2014-07-16',2121,0),(8169,96,'2014-07-16',754,0),(8170,97,'2014-07-16',392,0),(8171,98,'2014-07-16',745,0),(8172,99,'2014-07-16',605,0),(8173,101,'2014-07-16',71,0),(8174,102,'2014-07-16',3675,0),(8175,103,'2014-07-16',531,0),(8176,104,'2014-07-16',3012,0),(8177,106,'2014-07-16',1079,0),(8178,107,'2014-07-16',2511,1),(8179,109,'2014-07-16',184,0),(8180,110,'2014-07-16',9948,0),(8181,111,'2014-07-16',1153,0),(8182,112,'2014-07-16',1889,1),(8183,113,'2014-07-16',655,0),(8184,114,'2014-07-16',791,0),(8185,115,'2014-07-16',605,0),(8186,116,'2014-07-16',5466,0),(8187,117,'2014-07-16',531,0),(8188,118,'2014-07-16',664,0),(8189,119,'2014-07-16',348,0),(8190,120,'2014-07-16',1573,1),(8191,121,'2014-07-16',393,0),(8192,123,'2014-07-16',1584,0),(8193,124,'2014-07-16',77,0),(8194,125,'2014-07-16',8392,1),(8195,126,'2014-07-16',884,0),(8196,127,'2014-07-16',590,0),(8197,128,'2014-07-16',730,1),(8198,129,'2014-07-16',6,0),(8199,130,'2014-07-16',417,0),(8200,131,'2014-07-16',154,0),(8201,132,'2014-07-16',130,0),(8202,133,'2014-07-16',255,0),(8203,134,'2014-07-16',4740,1),(8204,137,'2014-07-16',1963,0),(8205,138,'2014-07-16',2032,0),(8206,139,'2014-07-16',1281,1),(8207,140,'2014-07-16',178,0),(8208,141,'2014-07-16',696,0),(8209,142,'2014-07-16',637,0),(8210,143,'2014-07-16',4761,0),(8211,145,'2014-07-16',1922,0),(8212,146,'2014-07-16',2585,1),(8213,147,'2014-07-16',1238,0),(8214,148,'2014-07-16',728,0),(8215,149,'2014-07-16',1177,0),(8216,150,'2014-07-16',20,1),(8217,151,'2014-07-16',30580,1),(8218,152,'2014-07-16',41248,1),(8219,153,'2014-07-16',370250,1),(8220,154,'2014-07-16',2333817,1),(8221,155,'2014-07-16',667231,1),(8222,156,'2014-07-16',11123,1),(8223,157,'2014-07-16',100,0),(8224,158,'2014-07-16',672,0),(8225,159,'2014-07-16',193,0),(8226,1,'2014-07-17',1520,1),(8227,2,'2014-07-17',2347,0),(8228,3,'2014-07-17',3129,1),(8229,4,'2014-07-17',5634,0),(8230,5,'2014-07-17',1518,0),(8231,6,'2014-07-17',740,0),(8232,7,'2014-07-17',2722,1),(8233,8,'2014-07-17',829,0),(8234,9,'2014-07-17',1301,1),(8235,10,'2014-07-17',3875,1),(8236,11,'2014-07-17',856,1),(8237,12,'2014-07-17',729,0),(8238,13,'2014-07-17',1917,0),(8239,14,'2014-07-17',3238,1),(8240,15,'2014-07-17',2748,0),(8241,16,'2014-07-17',1100,1),(8242,17,'2014-07-17',2245,1),(8243,18,'2014-07-17',5329,1),(8244,19,'2014-07-17',2887,1),(8245,20,'2014-07-17',3140,0),(8246,21,'2014-07-17',589,0),(8247,22,'2014-07-17',556,0),(8248,23,'2014-07-17',729,0),(8249,24,'2014-07-17',943,1),(8250,25,'2014-07-17',1702,0),(8251,26,'2014-07-17',82,0),(8252,27,'2014-07-17',548,0),(8253,28,'2014-07-17',76148,1),(8254,29,'2014-07-17',967,1),(8255,30,'2014-07-17',530,0),(8256,31,'2014-07-17',3216,1),(8257,33,'2014-07-17',9087,0),(8258,34,'2014-07-17',1343,0),(8259,35,'2014-07-17',3556,0),(8260,36,'2014-07-17',7160,1),(8261,37,'2014-07-17',4365,1),(8262,38,'2014-07-17',2556,0),(8263,39,'2014-07-17',4841,0),(8264,40,'2014-07-17',4747,1),(8265,41,'2014-07-17',1383,0),(8266,42,'2014-07-17',3752,0),(8267,43,'2014-07-17',4220,1),(8268,44,'2014-07-17',3142,0),(8269,45,'2014-07-17',4731,0),(8270,46,'2014-07-17',3914,1),(8271,47,'2014-07-17',11262,0),(8272,48,'2014-07-17',762,1),(8273,49,'2014-07-17',4455,1),(8274,50,'2014-07-17',6454,0),(8275,51,'2014-07-17',1755,0),(8276,52,'2014-07-17',2837,0),(8277,53,'2014-07-17',1216,0),(8278,54,'2014-07-17',715,1),(8279,55,'2014-07-17',1649,0),(8280,56,'2014-07-17',2114,0),(8281,57,'2014-07-17',2169,0),(8282,58,'2014-07-17',1830,0),(8283,59,'2014-07-17',8085,0),(8284,60,'2014-07-17',1779,0),(8285,61,'2014-07-17',900,0),(8286,62,'2014-07-17',2076,0),(8287,63,'2014-07-17',2416,0),(8288,64,'2014-07-17',11698,0),(8289,65,'2014-07-17',5019,0),(8290,66,'2014-07-17',1387,0),(8291,68,'2014-07-17',1498,0),(8292,69,'2014-07-17',277,0),(8293,70,'2014-07-17',3033,0),(8294,73,'2014-07-17',1709,1),(8295,74,'2014-07-17',5021,1),(8296,75,'2014-07-17',1023,0),(8297,76,'2014-07-17',1223,1),(8298,77,'2014-07-17',751,0),(8299,78,'2014-07-17',404,0),(8300,79,'2014-07-17',243,0),(8301,80,'2014-07-17',487,0),(8302,81,'2014-07-17',254,0),(8303,82,'2014-07-17',19,0),(8304,83,'2014-07-17',436,0),(8305,84,'2014-07-17',2545,0),(8306,85,'2014-07-17',6075,0),(8307,86,'2014-07-17',866,0),(8308,87,'2014-07-17',7744,0),(8309,88,'2014-07-17',1585,1),(8310,90,'2014-07-17',825,0),(8311,91,'2014-07-17',8211,0),(8312,92,'2014-07-17',938,0),(8313,93,'2014-07-17',4427,0),(8314,95,'2014-07-17',2121,0),(8315,96,'2014-07-17',755,0),(8316,97,'2014-07-17',392,0),(8317,98,'2014-07-17',746,0),(8318,99,'2014-07-17',605,0),(8319,101,'2014-07-17',71,0),(8320,102,'2014-07-17',3677,1),(8321,103,'2014-07-17',531,1),(8322,104,'2014-07-17',3014,0),(8323,106,'2014-07-17',1083,0),(8324,107,'2014-07-17',2511,0),(8325,109,'2014-07-17',186,0),(8326,110,'2014-07-17',9955,0),(8327,111,'2014-07-17',1153,0),(8328,112,'2014-07-17',1890,1),(8329,113,'2014-07-17',656,0),(8330,114,'2014-07-17',791,0),(8331,115,'2014-07-17',604,0),(8332,116,'2014-07-17',5467,0),(8333,117,'2014-07-17',531,0),(8334,118,'2014-07-17',664,0),(8335,119,'2014-07-17',348,0),(8336,120,'2014-07-17',1575,0),(8337,121,'2014-07-17',393,0),(8338,123,'2014-07-17',1584,1),(8339,124,'2014-07-17',77,0),(8340,125,'2014-07-17',8395,1),(8341,126,'2014-07-17',883,0),(8342,127,'2014-07-17',591,0),(8343,128,'2014-07-17',730,1),(8344,129,'2014-07-17',6,0),(8345,130,'2014-07-17',417,0),(8346,131,'2014-07-17',154,0),(8347,132,'2014-07-17',130,0),(8348,133,'2014-07-17',255,0),(8349,134,'2014-07-17',4753,0),(8350,137,'2014-07-17',1965,0),(8351,138,'2014-07-17',2033,0),(8352,139,'2014-07-17',1284,0),(8353,140,'2014-07-17',178,0),(8354,141,'2014-07-17',696,0),(8355,142,'2014-07-17',637,0),(8356,143,'2014-07-17',4759,0),(8357,145,'2014-07-17',1924,0),(8358,146,'2014-07-17',2588,1),(8359,147,'2014-07-17',1238,0),(8360,148,'2014-07-17',730,1),(8361,149,'2014-07-17',1179,0),(8362,150,'2014-07-17',22,0),(8363,151,'2014-07-17',30591,1),(8364,152,'2014-07-17',41254,0),(8365,153,'2014-07-17',370290,1),(8366,154,'2014-07-17',2334372,1),(8367,155,'2014-07-17',667415,1),(8368,156,'2014-07-17',11135,0),(8369,157,'2014-07-17',100,0),(8370,158,'2014-07-17',672,0),(8371,159,'2014-07-17',193,0),(8372,1,'2014-07-19',1521,1),(8373,2,'2014-07-19',2349,1),(8374,3,'2014-07-19',3129,1),(8375,4,'2014-07-19',5635,1),(8376,5,'2014-07-19',1518,0),(8377,6,'2014-07-19',741,1),(8378,7,'2014-07-19',2729,0),(8379,8,'2014-07-19',849,0),(8380,9,'2014-07-19',1302,0),(8381,10,'2014-07-19',3889,1),(8382,11,'2014-07-19',855,0),(8383,12,'2014-07-19',743,1),(8384,13,'2014-07-19',1921,0),(8385,14,'2014-07-19',3241,0),(8386,15,'2014-07-19',2749,0),(8387,16,'2014-07-19',1100,0),(8388,17,'2014-07-19',2249,0),(8389,18,'2014-07-19',5330,1),(8390,19,'2014-07-19',2886,0),(8391,20,'2014-07-19',3150,0),(8392,21,'2014-07-19',604,0),(8393,22,'2014-07-19',556,1),(8394,23,'2014-07-19',730,0),(8395,24,'2014-07-19',975,1),(8396,25,'2014-07-19',1701,1),(8397,26,'2014-07-19',83,0),(8398,27,'2014-07-19',548,0),(8399,28,'2014-07-19',76481,1),(8400,29,'2014-07-19',967,1),(8401,30,'2014-07-19',530,1),(8402,31,'2014-07-19',3218,1),(8403,33,'2014-07-19',9088,0),(8404,34,'2014-07-19',1343,0),(8405,35,'2014-07-19',3557,0),(8406,36,'2014-07-19',7163,1),(8407,37,'2014-07-19',4369,0),(8408,38,'2014-07-19',2559,0),(8409,39,'2014-07-19',4842,0),(8410,40,'2014-07-19',4752,1),(8411,41,'2014-07-19',1383,0),(8412,42,'2014-07-19',3751,1),(8413,43,'2014-07-19',4220,0),(8414,44,'2014-07-19',3148,1),(8415,45,'2014-07-19',4732,0),(8416,46,'2014-07-19',3917,1),(8417,47,'2014-07-19',11265,1),(8418,48,'2014-07-19',783,1),(8419,49,'2014-07-19',4467,0),(8420,50,'2014-07-19',6458,0),(8421,51,'2014-07-19',1755,0),(8422,52,'2014-07-19',2839,0),(8423,53,'2014-07-19',1217,0),(8424,54,'2014-07-19',722,0),(8425,55,'2014-07-19',1649,0),(8426,56,'2014-07-19',2117,0),(8427,57,'2014-07-19',2170,0),(8428,58,'2014-07-19',1831,1),(8429,59,'2014-07-19',8108,0),(8430,60,'2014-07-19',1780,0),(8431,61,'2014-07-19',899,0),(8432,62,'2014-07-19',2076,0),(8433,63,'2014-07-19',2419,0),(8434,64,'2014-07-19',11700,0),(8435,65,'2014-07-19',5034,0),(8436,66,'2014-07-19',1388,0),(8437,68,'2014-07-19',1499,0),(8438,69,'2014-07-19',280,0),(8439,70,'2014-07-19',3033,0),(8440,73,'2014-07-19',1709,1),(8441,74,'2014-07-19',5082,0),(8442,75,'2014-07-19',1022,0),(8443,76,'2014-07-19',1223,0),(8444,77,'2014-07-19',751,0),(8445,78,'2014-07-19',405,0),(8446,79,'2014-07-19',243,0),(8447,80,'2014-07-19',487,0),(8448,81,'2014-07-19',254,0),(8449,82,'2014-07-19',19,0),(8450,83,'2014-07-19',436,0),(8451,84,'2014-07-19',2549,0),(8452,85,'2014-07-19',6078,1),(8453,86,'2014-07-19',866,0),(8454,87,'2014-07-19',7746,0),(8455,88,'2014-07-19',1593,1),(8456,90,'2014-07-19',825,1),(8457,91,'2014-07-19',8214,0),(8458,92,'2014-07-19',938,1),(8459,93,'2014-07-19',4434,0),(8460,95,'2014-07-19',2124,0),(8461,96,'2014-07-19',761,0),(8462,97,'2014-07-19',393,1),(8463,98,'2014-07-19',746,1),(8464,99,'2014-07-19',605,1),(8465,101,'2014-07-19',71,0),(8466,102,'2014-07-19',3679,1),(8467,103,'2014-07-19',531,0),(8468,104,'2014-07-19',3016,1),(8469,106,'2014-07-19',1084,0),(8470,107,'2014-07-19',2510,1),(8471,109,'2014-07-19',190,0),(8472,110,'2014-07-19',9972,0),(8473,111,'2014-07-19',1153,0),(8474,112,'2014-07-19',1895,0),(8475,113,'2014-07-19',659,0),(8476,114,'2014-07-19',793,0),(8477,115,'2014-07-19',605,0),(8478,116,'2014-07-19',5486,0),(8479,117,'2014-07-19',531,0),(8480,118,'2014-07-19',664,0),(8481,119,'2014-07-19',349,0),(8482,120,'2014-07-19',1581,1),(8483,121,'2014-07-19',393,0),(8484,123,'2014-07-19',1583,0),(8485,124,'2014-07-19',77,0),(8486,125,'2014-07-19',8398,1),(8487,126,'2014-07-19',886,0),(8488,127,'2014-07-19',593,0),(8489,128,'2014-07-19',730,0),(8490,129,'2014-07-19',6,0),(8491,130,'2014-07-19',418,0),(8492,131,'2014-07-19',153,1),(8493,132,'2014-07-19',130,0),(8494,133,'2014-07-19',255,0),(8495,134,'2014-07-19',4767,0),(8496,137,'2014-07-19',1965,0),(8497,138,'2014-07-19',2037,0),(8498,139,'2014-07-19',1288,0),(8499,140,'2014-07-19',179,0),(8500,141,'2014-07-19',696,0),(8501,142,'2014-07-19',640,0),(8502,143,'2014-07-19',4759,0),(8503,145,'2014-07-19',1926,1),(8504,146,'2014-07-19',2596,1),(8505,147,'2014-07-19',1239,0),(8506,148,'2014-07-19',734,0),(8507,149,'2014-07-19',1179,0),(8508,150,'2014-07-19',59,1),(8509,151,'2014-07-19',30651,1),(8510,152,'2014-07-19',41284,0),(8511,153,'2014-07-19',370259,1),(8512,154,'2014-07-19',2335522,1),(8513,155,'2014-07-19',667723,1),(8514,156,'2014-07-19',11153,1),(8515,157,'2014-07-19',100,0),(8516,158,'2014-07-19',671,1),(8517,159,'2014-07-19',193,0),(8518,1,'2014-07-20',1521,0),(8519,2,'2014-07-20',2347,1),(8520,3,'2014-07-20',3129,0),(8521,4,'2014-07-20',5638,0),(8522,5,'2014-07-20',1518,0),(8523,6,'2014-07-20',741,0),(8524,7,'2014-07-20',2732,1),(8525,8,'2014-07-20',855,0),(8526,9,'2014-07-20',1303,1),(8527,10,'2014-07-20',3897,0),(8528,11,'2014-07-20',856,1),(8529,12,'2014-07-20',753,0),(8530,13,'2014-07-20',1922,0),(8531,14,'2014-07-20',3241,1),(8532,15,'2014-07-20',2750,0),(8533,16,'2014-07-20',1101,1),(8534,17,'2014-07-20',2249,1),(8535,18,'2014-07-20',5331,1),(8536,19,'2014-07-20',2887,1),(8537,20,'2014-07-20',3153,0),(8538,21,'2014-07-20',608,0),(8539,22,'2014-07-20',556,0),(8540,23,'2014-07-20',731,0),(8541,24,'2014-07-20',980,0),(8542,25,'2014-07-20',1701,0),(8543,26,'2014-07-20',83,0),(8544,27,'2014-07-20',547,0),(8545,28,'2014-07-20',76625,1),(8546,29,'2014-07-20',966,0),(8547,30,'2014-07-20',530,0),(8548,31,'2014-07-20',3218,0),(8549,33,'2014-07-20',9091,0),(8550,34,'2014-07-20',1343,0),(8551,35,'2014-07-20',3556,0),(8552,36,'2014-07-20',7170,1),(8553,37,'2014-07-20',4370,0),(8554,38,'2014-07-20',2559,0),(8555,39,'2014-07-20',4842,0),(8556,40,'2014-07-20',4752,0),(8557,41,'2014-07-20',1383,0),(8558,42,'2014-07-20',3759,0),(8559,43,'2014-07-20',4221,0),(8560,44,'2014-07-20',3150,0),(8561,45,'2014-07-20',4734,0),(8562,46,'2014-07-20',3916,0),(8563,47,'2014-07-20',11265,0),(8564,48,'2014-07-20',782,1),(8565,49,'2014-07-20',4466,0),(8566,50,'2014-07-20',6461,1),(8567,51,'2014-07-20',1755,0),(8568,52,'2014-07-20',2839,0),(8569,53,'2014-07-20',1217,0),(8570,54,'2014-07-20',722,0),(8571,55,'2014-07-20',1650,0),(8572,56,'2014-07-20',2119,0),(8573,57,'2014-07-20',2170,1),(8574,58,'2014-07-20',1834,0),(8575,59,'2014-07-20',8113,0),(8576,60,'2014-07-20',1780,0),(8577,61,'2014-07-20',898,0),(8578,62,'2014-07-20',2077,0),(8579,63,'2014-07-20',2420,0),(8580,64,'2014-07-20',11699,0),(8581,65,'2014-07-20',5039,1),(8582,66,'2014-07-20',1388,0),(8583,68,'2014-07-20',1500,0),(8584,69,'2014-07-20',280,0),(8585,70,'2014-07-20',3033,0),(8586,73,'2014-07-20',1709,0),(8587,74,'2014-07-20',5110,0),(8588,75,'2014-07-20',1022,0),(8589,76,'2014-07-20',1223,1),(8590,77,'2014-07-20',750,0),(8591,78,'2014-07-20',406,0),(8592,79,'2014-07-20',243,0),(8593,80,'2014-07-20',487,0),(8594,81,'2014-07-20',255,0),(8595,82,'2014-07-20',19,0),(8596,83,'2014-07-20',436,0),(8597,84,'2014-07-20',2552,0),(8598,85,'2014-07-20',6079,0),(8599,86,'2014-07-20',868,0),(8600,87,'2014-07-20',7746,0),(8601,88,'2014-07-20',1597,1),(8602,90,'2014-07-20',827,0),(8603,91,'2014-07-20',8216,1),(8604,92,'2014-07-20',942,0),(8605,93,'2014-07-20',4434,0),(8606,95,'2014-07-20',2125,0),(8607,96,'2014-07-20',762,0),(8608,97,'2014-07-20',393,0),(8609,98,'2014-07-20',746,0),(8610,99,'2014-07-20',608,0),(8611,101,'2014-07-20',71,0),(8612,102,'2014-07-20',3680,0),(8613,103,'2014-07-20',531,0),(8614,104,'2014-07-20',3018,1),(8615,106,'2014-07-20',1085,0),(8616,107,'2014-07-20',2509,1),(8617,109,'2014-07-20',190,0),(8618,110,'2014-07-20',9976,0),(8619,111,'2014-07-20',1153,0),(8620,112,'2014-07-20',1895,0),(8621,113,'2014-07-20',662,0),(8622,114,'2014-07-20',793,0),(8623,115,'2014-07-20',605,0),(8624,116,'2014-07-20',5505,1),(8625,117,'2014-07-20',531,0),(8626,118,'2014-07-20',666,0),(8627,119,'2014-07-20',349,0),(8628,120,'2014-07-20',1582,1),(8629,121,'2014-07-20',392,0),(8630,123,'2014-07-20',1583,0),(8631,124,'2014-07-20',77,0),(8632,125,'2014-07-20',8399,1),(8633,126,'2014-07-20',887,0),(8634,127,'2014-07-20',593,0),(8635,128,'2014-07-20',731,1),(8636,129,'2014-07-20',6,0),(8637,130,'2014-07-20',418,0),(8638,131,'2014-07-20',153,0),(8639,132,'2014-07-20',130,0),(8640,133,'2014-07-20',255,0),(8641,134,'2014-07-20',4768,0),(8642,137,'2014-07-20',1965,0),(8643,138,'2014-07-20',2037,0),(8644,139,'2014-07-20',1287,0),(8645,140,'2014-07-20',179,0),(8646,141,'2014-07-20',696,0),(8647,142,'2014-07-20',641,0),(8648,143,'2014-07-20',4758,0),(8649,145,'2014-07-20',1927,0),(8650,146,'2014-07-20',2596,1),(8651,147,'2014-07-20',1239,0),(8652,148,'2014-07-20',734,0),(8653,149,'2014-07-20',1182,0),(8654,150,'2014-07-20',95,1),(8655,151,'2014-07-20',30665,0),(8656,152,'2014-07-20',41301,0),(8657,153,'2014-07-20',370256,1),(8658,154,'2014-07-20',2336046,1),(8659,155,'2014-07-20',667858,1),(8660,156,'2014-07-20',11159,0),(8661,157,'2014-07-20',100,0),(8662,158,'2014-07-20',671,0),(8663,159,'2014-07-20',193,1),(8664,1,'2014-07-21',1523,1),(8665,2,'2014-07-21',2348,0),(8666,3,'2014-07-21',3130,1),(8667,4,'2014-07-21',5638,1),(8668,5,'2014-07-21',1520,1),(8669,6,'2014-07-21',741,1),(8670,7,'2014-07-21',2732,0),(8671,8,'2014-07-21',871,1),(8672,9,'2014-07-21',1303,0),(8673,10,'2014-07-21',3903,1),(8674,11,'2014-07-21',858,0),(8675,12,'2014-07-21',767,0),(8676,13,'2014-07-21',1924,1),(8677,14,'2014-07-21',3243,0),(8678,15,'2014-07-21',2751,1),(8679,16,'2014-07-21',1105,0),(8680,17,'2014-07-21',2250,0),(8681,18,'2014-07-21',5333,1),(8682,19,'2014-07-21',2886,1),(8683,20,'2014-07-21',3155,1),(8684,21,'2014-07-21',626,1),(8685,22,'2014-07-21',556,1),(8686,23,'2014-07-21',733,0),(8687,24,'2014-07-21',982,1),(8688,25,'2014-07-21',1701,0),(8689,26,'2014-07-21',83,0),(8690,27,'2014-07-21',547,0),(8691,28,'2014-07-21',76780,1),(8692,29,'2014-07-21',965,0),(8693,30,'2014-07-21',530,1),(8694,31,'2014-07-21',3218,0),(8695,33,'2014-07-21',9091,1),(8696,34,'2014-07-21',1344,0),(8697,35,'2014-07-21',3558,0),(8698,36,'2014-07-21',7170,1),(8699,37,'2014-07-21',4368,0),(8700,38,'2014-07-21',2560,0),(8701,39,'2014-07-21',4842,1),(8702,40,'2014-07-21',4752,0),(8703,41,'2014-07-21',1382,1),(8704,42,'2014-07-21',3761,0),(8705,43,'2014-07-21',4221,1),(8706,44,'2014-07-21',3157,1),(8707,45,'2014-07-21',4739,0),(8708,46,'2014-07-21',3916,0),(8709,47,'2014-07-21',11265,1),(8710,48,'2014-07-21',782,1),(8711,49,'2014-07-21',4471,1),(8712,50,'2014-07-21',6466,0),(8713,51,'2014-07-21',1755,0),(8714,52,'2014-07-21',2841,1),(8715,53,'2014-07-21',1217,0),(8716,54,'2014-07-21',722,0),(8717,55,'2014-07-21',1651,1),(8718,56,'2014-07-21',2119,0),(8719,57,'2014-07-21',2170,0),(8720,58,'2014-07-21',1834,0),(8721,59,'2014-07-21',8119,1),(8722,60,'2014-07-21',1780,1),(8723,61,'2014-07-21',898,0),(8724,62,'2014-07-21',2080,1),(8725,63,'2014-07-21',2424,1),(8726,64,'2014-07-21',11699,1),(8727,65,'2014-07-21',5043,1),(8728,66,'2014-07-21',1388,1),(8729,68,'2014-07-21',1502,0),(8730,69,'2014-07-21',280,1),(8731,70,'2014-07-21',3034,1),(8732,73,'2014-07-21',1709,1),(8733,74,'2014-07-21',5140,1),(8734,75,'2014-07-21',1023,0),(8735,76,'2014-07-21',1224,0),(8736,77,'2014-07-21',751,0),(8737,78,'2014-07-21',407,0),(8738,79,'2014-07-21',243,0),(8739,80,'2014-07-21',487,0),(8740,81,'2014-07-21',255,0),(8741,82,'2014-07-21',19,0),(8742,83,'2014-07-21',436,0),(8743,84,'2014-07-21',2554,0),(8744,85,'2014-07-21',6080,1),(8745,86,'2014-07-21',868,1),(8746,87,'2014-07-21',7746,1),(8747,88,'2014-07-21',1599,1),(8748,90,'2014-07-21',827,0),(8749,91,'2014-07-21',8219,1),(8750,92,'2014-07-21',945,0),(8751,93,'2014-07-21',4437,0),(8752,95,'2014-07-21',2124,0),(8753,96,'2014-07-21',763,0),(8754,97,'2014-07-21',393,0),(8755,98,'2014-07-21',746,0),(8756,99,'2014-07-21',608,0),(8757,101,'2014-07-21',72,0),(8758,102,'2014-07-21',3683,0),(8759,103,'2014-07-21',533,0),(8760,104,'2014-07-21',3024,0),(8761,106,'2014-07-21',1087,0),(8762,107,'2014-07-21',2507,1),(8763,109,'2014-07-21',191,0),(8764,110,'2014-07-21',9996,0),(8765,111,'2014-07-21',1153,0),(8766,112,'2014-07-21',1897,0),(8767,113,'2014-07-21',662,0),(8768,114,'2014-07-21',795,0),(8769,115,'2014-07-21',605,0),(8770,116,'2014-07-21',5518,0),(8771,117,'2014-07-21',531,0),(8772,118,'2014-07-21',666,0),(8773,119,'2014-07-21',350,0),(8774,120,'2014-07-21',1582,0),(8775,121,'2014-07-21',392,0),(8776,123,'2014-07-21',1587,1),(8777,124,'2014-07-21',77,0),(8778,125,'2014-07-21',8404,1),(8779,126,'2014-07-21',887,0),(8780,127,'2014-07-21',593,0),(8781,128,'2014-07-21',731,1),(8782,129,'2014-07-21',6,0),(8783,130,'2014-07-21',418,0),(8784,131,'2014-07-21',153,0),(8785,132,'2014-07-21',130,0),(8786,133,'2014-07-21',255,0),(8787,134,'2014-07-21',4776,0),(8788,137,'2014-07-21',1965,1),(8789,138,'2014-07-21',2038,0),(8790,139,'2014-07-21',1290,0),(8791,140,'2014-07-21',180,0),(8792,141,'2014-07-21',696,0),(8793,142,'2014-07-21',641,0),(8794,143,'2014-07-21',4760,0),(8795,145,'2014-07-21',1928,1),(8796,146,'2014-07-21',2599,0),(8797,147,'2014-07-21',1239,0),(8798,148,'2014-07-21',736,0),(8799,149,'2014-07-21',1184,1),(8800,150,'2014-07-21',148,0),(8801,151,'2014-07-21',30685,1),(8802,152,'2014-07-21',41305,0),(8803,153,'2014-07-21',370268,1),(8804,154,'2014-07-21',2336555,1),(8805,155,'2014-07-21',668009,1),(8806,156,'2014-07-21',11166,1),(8807,157,'2014-07-21',100,0),(8808,158,'2014-07-21',671,0),(8809,159,'2014-07-21',193,0),(8810,1,'2014-07-22',1523,0),(8811,2,'2014-07-22',2348,0),(8812,3,'2014-07-22',3128,0),(8813,4,'2014-07-22',5638,1),(8814,5,'2014-07-22',1520,0),(8815,6,'2014-07-22',741,0),(8816,7,'2014-07-22',2733,0),(8817,8,'2014-07-22',878,0),(8818,9,'2014-07-22',1304,0),(8819,10,'2014-07-22',3908,0),(8820,11,'2014-07-22',857,0),(8821,12,'2014-07-22',784,1),(8822,13,'2014-07-22',1926,1),(8823,14,'2014-07-22',3244,0),(8824,15,'2014-07-22',2752,0),(8825,16,'2014-07-22',1110,0),(8826,17,'2014-07-22',2250,0),(8827,18,'2014-07-22',5335,0),(8828,19,'2014-07-22',2887,0),(8829,20,'2014-07-22',3155,0),(8830,21,'2014-07-22',635,0),(8831,22,'2014-07-22',557,0),(8832,23,'2014-07-22',734,0),(8833,24,'2014-07-22',984,1),(8834,25,'2014-07-22',1701,0),(8835,26,'2014-07-22',83,0),(8836,27,'2014-07-22',546,0),(8837,28,'2014-07-22',76925,0),(8838,29,'2014-07-22',965,0),(8839,30,'2014-07-22',530,0),(8840,31,'2014-07-22',3217,1),(8841,33,'2014-07-22',9092,0),(8842,34,'2014-07-22',1345,0),(8843,35,'2014-07-22',3559,1),(8844,36,'2014-07-22',7171,1),(8845,37,'2014-07-22',4368,0),(8846,38,'2014-07-22',2560,0),(8847,39,'2014-07-22',4841,0),(8848,40,'2014-07-22',4752,0),(8849,41,'2014-07-22',1380,0),(8850,42,'2014-07-22',3764,0),(8851,43,'2014-07-22',4222,0),(8852,44,'2014-07-22',3158,1),(8853,45,'2014-07-22',4740,0),(8854,46,'2014-07-22',3917,0),(8855,47,'2014-07-22',11266,0),(8856,48,'2014-07-22',786,0),(8857,49,'2014-07-22',4473,0),(8858,50,'2014-07-22',6466,0),(8859,51,'2014-07-22',1756,0),(8860,52,'2014-07-22',2843,0),(8861,53,'2014-07-22',1217,0),(8862,54,'2014-07-22',724,0),(8863,55,'2014-07-22',1652,0),(8864,56,'2014-07-22',2121,0),(8865,57,'2014-07-22',2170,0),(8866,58,'2014-07-22',1834,1),(8867,59,'2014-07-22',8131,0),(8868,60,'2014-07-22',1780,0),(8869,61,'2014-07-22',898,0),(8870,62,'2014-07-22',2081,0),(8871,63,'2014-07-22',2421,0),(8872,64,'2014-07-22',11702,0),(8873,65,'2014-07-22',5054,0),(8874,66,'2014-07-22',1389,0),(8875,68,'2014-07-22',1506,0),(8876,69,'2014-07-22',281,0),(8877,70,'2014-07-22',3034,0),(8878,73,'2014-07-22',1715,0),(8879,74,'2014-07-22',5171,0),(8880,75,'2014-07-22',1023,0),(8881,76,'2014-07-22',1224,1),(8882,77,'2014-07-22',751,0),(8883,78,'2014-07-22',407,0),(8884,79,'2014-07-22',243,0),(8885,80,'2014-07-22',487,0),(8886,81,'2014-07-22',255,0),(8887,82,'2014-07-22',19,0),(8888,83,'2014-07-22',437,0),(8889,84,'2014-07-22',2557,0),(8890,85,'2014-07-22',6082,0),(8891,86,'2014-07-22',868,0),(8892,87,'2014-07-22',7743,0),(8893,88,'2014-07-22',1599,1),(8894,90,'2014-07-22',827,0),(8895,91,'2014-07-22',8223,0),(8896,92,'2014-07-22',950,0),(8897,93,'2014-07-22',4440,0),(8898,95,'2014-07-22',2128,0),(8899,96,'2014-07-22',763,0),(8900,97,'2014-07-22',393,0),(8901,98,'2014-07-22',746,0),(8902,99,'2014-07-22',609,0),(8903,101,'2014-07-22',72,0),(8904,102,'2014-07-22',3683,1),(8905,103,'2014-07-22',535,0),(8906,104,'2014-07-22',3025,0),(8907,106,'2014-07-22',1087,0),(8908,107,'2014-07-22',2507,1),(8909,109,'2014-07-22',194,0),(8910,110,'2014-07-22',10004,0),(8911,111,'2014-07-22',1154,0),(8912,112,'2014-07-22',1897,0),(8913,113,'2014-07-22',662,0),(8914,114,'2014-07-22',796,0),(8915,115,'2014-07-22',605,0),(8916,116,'2014-07-22',5533,0),(8917,117,'2014-07-22',531,0),(8918,118,'2014-07-22',667,0),(8919,119,'2014-07-22',350,0),(8920,120,'2014-07-22',1583,0),(8921,121,'2014-07-22',394,0),(8922,123,'2014-07-22',1591,0),(8923,124,'2014-07-22',77,0),(8924,125,'2014-07-22',8411,1),(8925,126,'2014-07-22',887,0),(8926,127,'2014-07-22',593,0),(8927,128,'2014-07-22',731,1),(8928,129,'2014-07-22',6,0),(8929,130,'2014-07-22',418,0),(8930,131,'2014-07-22',153,0),(8931,132,'2014-07-22',130,0),(8932,133,'2014-07-22',255,0),(8933,134,'2014-07-22',4778,1),(8934,137,'2014-07-22',1964,0),(8935,138,'2014-07-22',2038,0),(8936,139,'2014-07-22',1291,0),(8937,140,'2014-07-22',180,0),(8938,141,'2014-07-22',698,0),(8939,142,'2014-07-22',642,0),(8940,143,'2014-07-22',4760,0),(8941,145,'2014-07-22',1928,0),(8942,146,'2014-07-22',2609,1),(8943,147,'2014-07-22',1239,1),(8944,148,'2014-07-22',738,0),(8945,149,'2014-07-22',1186,0),(8946,150,'2014-07-22',202,0),(8947,151,'2014-07-22',30698,1),(8948,152,'2014-07-22',41307,0),(8949,153,'2014-07-22',370278,1),(8950,154,'2014-07-22',2336947,1),(8951,155,'2014-07-22',668218,1),(8952,156,'2014-07-22',11172,0),(8953,157,'2014-07-22',100,0),(8954,158,'2014-07-22',671,0),(8955,159,'2014-07-22',193,0);
/*!40000 ALTER TABLE `FacebookLikecount` ENABLE KEYS */;
UNLOCK TABLES;

--
-- Table structure for table `FacebookUrl`
--

DROP TABLE IF EXISTS `FacebookUrl`;
/*!40101 SET @saved_cs_client     = @@character_set_client */;
/*!40101 SET character_set_client = utf8 */;
CREATE TABLE `FacebookUrl` (
  `id` int(11) NOT NULL AUTO_INCREMENT,
  `url` varchar(255) COLLATE utf8_unicode_ci NOT NULL,
  `alias` varchar(50) COLLATE utf8_unicode_ci NOT NULL,
  `last_post` datetime DEFAULT NULL,
  `page_id` bigint(20) DEFAULT NULL,
  `warning_mail_sent` tinyint(1) NOT NULL,
  PRIMARY KEY (`id`),
  UNIQUE KEY `UNIQ_B70EB431F47645AE` (`url`),
  UNIQUE KEY `UNIQ_B70EB431E16C6B94` (`alias`)
) ENGINE=InnoDB AUTO_INCREMENT=160 DEFAULT CHARSET=utf8 COLLATE=utf8_unicode_ci;
/*!40101 SET character_set_client = @saved_cs_client */;

--
-- Dumping data for table `FacebookUrl`
--

LOCK TABLES `FacebookUrl` WRITE;
/*!40000 ALTER TABLE `FacebookUrl` DISABLE KEYS */;
INSERT INTO `FacebookUrl` VALUES (1,'https://www.facebook.com/AlterKranen','AlterKranen','2014-07-21 06:41:43',171703349521940,0),(2,'https://www.facebook.com/Aposto.Bamberg','Aposto.Bamberg','2014-07-20 21:03:45',156385187734483,0),(3,'https://www.facebook.com/Aposto.Schweinfurt','Aposto.Schweinfurt','2014-07-21 11:32:50',186482658051589,0),(4,'https://www.facebook.com/aposto.mainz','aposto.mainz','2014-07-22 09:15:19',161672717235631,0),(5,'https://www.facebook.com/Besitos.Mainz','Besitos.Mainz','2014-07-21 11:36:51',164685190254321,0),(6,'https://www.facebook.com/restaurant.besitos.schwetzingen','restaurant.besitos.schwetzingen','2014-07-21 00:01:09',113145855510026,0),(7,'https://www.facebook.com/Besitos.Stuttgart','Besitos.Stuttgart','2014-07-20 10:38:52',119173588114501,0),(8,'https://www.facebook.com/bigeasymuenchen','bigeasymuenchen','2014-07-21 16:11:23',164084436940675,0),(9,'https://www.facebook.com/restaurant.enchilada.giessen','restaurant.enchilada.giessen','2014-07-20 10:33:30',294350007344925,0),(10,'https://www.facebook.com/enchilada.wiesbaden','enchilada.wiesbaden','2014-07-21 18:27:58',189011624531050,0),(11,'https://www.facebook.com/ratskeller.ludwigsburg','ratskeller.ludwigsburg','2014-07-20 13:47:46',125117400852269,0),(12,'https://www.facebook.com/bigeasymainz','bigeasymainz','2014-07-22 09:28:24',636881829730249,0),(13,'https://www.facebook.com/enchilada.aschaffenburg','enchilada.aschaffenburg','2014-07-22 13:37:41',199130586912527,0),(14,'https://www.facebook.com/Enchilada.Bremen.Schlachte','Enchilada.Bremen.Schlachte','2014-07-20 10:40:38',114977661878454,0),(15,'https://www.facebook.com/enchilada.mannheim','enchilada.mannheim','2014-07-21 16:13:38',199623906744052,0),(16,'https://www.facebook.com/enchilada.marburg','enchilada.marburg','2014-07-20 10:35:56',711011022262432,0),(17,'https://www.facebook.com/enchilada.schweinfurt','enchilada.schweinfurt','2014-07-20 12:46:56',214445285311718,0),(18,'https://www.facebook.com/enchilada.wuerzburg','enchilada.wuerzburg','2014-07-21 12:59:45',162643660426082,0),(19,'https://www.facebook.com/ratskeller.saarbruecken','ratskeller.saarbruecken','2014-07-21 17:35:34',182964801750573,0),(20,'https://www.facebook.com/stuttgart.enchilada','stuttgart.enchilada','2014-07-21 16:06:44',172822352766843,0),(21,'https://www.facebook.com/aposto.gera','aposto.gera','2014-07-21 00:35:05',484935931605641,0),(22,'https://www.facebook.com/Wirkes.Wuerzburg','Wirkes.Wuerzburg','2014-07-21 13:20:22',326493527444617,0),(23,'https://www.facebook.com/hahn.festzelt','hahn.festzelt','2014-07-30 08:03:15',167280230120816,0),(24,'https://www.facebook.com/besitos.wuerzburg','besitos.wuerzburg','2014-07-22 13:28:29',1463353923877342,0),(25,'https://www.facebook.com/Enchilada.mexikanisches.Restaurant','Enchilada.mexikanisches.Restaurant','2014-07-19 16:00:01',111545432261807,0),(26,'https://www.facebook.com/beoncommunications','beoncommunications','2014-05-21 07:24:10',121877244512221,0),(27,'https://www.facebook.com/pages/Hahn-Zelt-Volksfestzelt-Schweinfurt/387402631369018','Hahn-Zelt-Volksfestzelt-Schweinfurt','2014-07-30 08:03:17',387402631369018,0),(28,'https://www.facebook.com/bayernticket','bayernticket','2014-07-21 18:15:32',217045318329941,0),(29,'https://www.facebook.com/JUNX4YOU','JUNX4YOU','2014-07-19 01:27:23',60112524962,0),(30,'https://www.facebook.com/toleranzfabrik','toleranzfabrik','2014-07-21 17:27:21',316351780325,0),(31,'https://www.facebook.com/Enchilada.Aalen','Enchilada.Aalen','2014-07-22 13:42:18',121892761162523,0),(32,'https://www.facebook.com/EnchiladaAugsburg','EnchiladaAugsburg',NULL,NULL,1),(33,'https://www.facebook.com/enchilada.bayreuth','enchilada.bayreuth','2014-07-21 16:12:40',448335175649,0),(34,'https://www.facebook.com/restaurant.enchilada.bruchsal','restaurant.enchilada.bruchsal','2014-07-14 16:39:32',109138355894777,0),(35,'https://www.facebook.com/enchilada.darmstadt','enchilada.darmstadt','2014-07-22 09:54:30',168774339365,0),(36,'https://www.facebook.com/enchilada.freiburg','enchilada.freiburg','2014-07-22 11:54:31',202908739732759,0),(37,'https://www.facebook.com/enchilada.freudenstadt','enchilada.freudenstadt','2014-07-17 21:16:11',136980649706056,0),(38,'https://www.facebook.com/enchilada.gronau','enchilada.gronau','2014-07-16 12:13:18',164386883573811,0),(39,'https://www.facebook.com/enchilada.hal','enchilada.hal','2014-07-21 17:30:56',192244084152123,0),(40,'https://www.facebook.com/hamm.enchilada','hamm.enchilada','2014-07-19 00:08:04',153326451360658,0),(41,'https://www.facebook.com/enchilada.hannover','enchilada.hannover','2014-07-21 14:19:35',113444025381236,0),(42,'https://www.facebook.com/enchilada.heilbronn','enchilada.heilbronn','2014-07-19 16:37:18',274281098343,0),(43,'https://www.facebook.com/enchilada.karlsruhe','enchilada.karlsruhe','2014-07-21 18:33:58',155172014520235,0),(44,'https://www.facebook.com/enchiladaks','enchiladaks','2014-07-22 12:00:01',154597267899204,0),(45,'https://www.facebook.com/enchilada.koblenz','enchilada.koblenz','2014-07-14 17:31:35',209497422425013,0),(46,'https://www.facebook.com/enchilada.le','enchilada.le','2014-07-19 16:18:25',114136985263835,0),(47,'https://www.facebook.com/enchilada.minden','enchilada.minden','2014-07-21 16:11:59',123302011033048,0),(48,'https://www.facebook.com/enchilada.muenchen','enchilada.muenchen','2014-07-21 13:28:23',154183284646353,0),(49,'https://www.facebook.com/enchilada.muenster','enchilada.muenster','2014-07-21 16:33:06',178325445553709,0),(50,'https://www.facebook.com/enchilada.nuernberg','enchilada.nuernberg','2014-07-20 11:05:00',127907507277210,0),(51,'https://www.facebook.com/enchilada.pforzheim','enchilada.pforzheim','2014-07-14 15:48:27',208223572528664,0),(52,'https://www.facebook.com/enchilada.rosenheim','enchilada.rosenheim','2014-07-21 12:42:09',144282478975970,0),(53,'https://www.facebook.com/enchilada.ulm','enchilada.ulm','2014-07-07 20:24:57',207126529329196,0),(54,'https://www.facebook.com/restaurant.enchilada.wuppertal','restaurant.enchilada.wuppertal','2014-07-18 08:41:13',134550796705460,0),(55,'https://www.facebook.com/Enchilada.Zwickau','Enchilada.Zwickau','2014-07-21 14:29:30',162907497095773,0),(56,'https://www.facebook.com/BesitosAachen','BesitosAachen','2014-07-16 18:47:22',122260954468867,0),(57,'https://www.facebook.com/besitos.baden.baden','besitos.baden.baden','2014-07-20 20:29:22',197066993665445,0),(58,'https://www.facebook.com/besitos.hannover','besitos.hannover','2014-07-22 13:04:55',81693663321,0),(59,'https://www.facebook.com/besitos.muenster','besitos.muenster','2014-07-21 16:20:09',210564432296403,0),(60,'https://www.facebook.com/besitos.pforzheim','besitos.pforzheim','2014-07-21 22:20:36',165181133500035,0),(61,'https://www.facebook.com/Besitos.Rheine','Besitos.Rheine','2014-06-03 18:17:16',173784026029335,0),(62,'https://www.facebook.com/besitos.rostock','besitos.rostock','2014-07-21 15:07:59',213873511974258,0),(63,'https://www.facebook.com/BesitosUlm','BesitosUlm','2014-07-21 23:41:30',108705999247,0),(64,'https://www.facebook.com/aposto.karlsruhe','aposto.karlsruhe','2014-07-21 16:08:06',111652862249391,0),(65,'https://www.facebook.com/aposto.muenster','aposto.muenster','2014-07-21 15:43:36',177902072376598,0),(66,'https://www.facebook.com/aposto.pforzheim','aposto.pforzheim','2014-07-21 09:24:36',165507913477948,0),(67,'https://www.facebook.com/Lehners.Wirtshaus.Heilbronn','Lehners.Wirtshaus.Heilbronn',NULL,NULL,1),(68,'https://www.facebook.com/lehners.wirtshaus.karlsruhe','lehners.wirtshaus.karlsruhe','2014-07-11 19:11:59',137625376310266,0),(69,'https://www.facebook.com/lehners.wirtshaus.muenchen','lehners.wirtshaus.muenchen','2014-07-21 15:19:51',204297119590992,0),(70,'https://www.facebook.com/lehners.pforzheim','lehners.pforzheim','2014-07-21 22:27:09',209093892452315,0),(71,'https://www.facebook.com/rastatt.lehners.wirtshaus','rastatt.lehners.wirtshaus',NULL,NULL,1),(72,'https://www.facebook.com/pages/Ratskeller-Augsburg/239798442715991','Ratskeller-Augsburg',NULL,239798442715991,1),(73,'https://www.facebook.com/carls.brauhaus','carls.brauhaus','2014-07-21 12:20:15',1449185661976467,0),(74,'https://www.facebook.com/pages/Park-Caf%C3%A9/152695064768523','Park-Café','2014-07-21 11:48:52',152695064768523,0),(75,'https://www.facebook.com/Riegele.Wirtshaus','Riegele.Wirtshaus','2014-07-14 01:58:17',274356929242020,0),(76,'https://www.facebook.com/altemainmuehle','altemainmuehle','2014-07-22 11:37:49',166546670025456,0),(77,'https://www.facebook.com/greifensteinerhof','greifensteinerhof','2014-06-27 08:17:41',186118056053,0),(78,'https://www.facebook.com/WeingutJuliusspitalWuerzburg','WeingutJuliusspitalWuerzburg','2014-07-12 17:52:24',153647888141326,0),(79,'https://www.facebook.com/HotelStrauss','HotelStrauss','2014-07-14 11:13:46',120114378004099,0),(80,'https://www.facebook.com/pages/W%C3%BCrzburger-Ratskeller/163249503690009','Würzburger-Ratskeller','2014-07-15 19:17:51',163249503690009,0),(81,'https://www.facebook.com/martinsklausewuerzburg','martinsklausewuerzburg','2014-07-13 12:07:33',469332716519179,0),(82,'https://www.facebook.com/pages/Residenz-Gastst%C3%A4tte-W%C3%BCrzburg/143929502332532','Residenz-Gaststätte-Würzburg',NULL,143929502332532,0),(83,'https://www.facebook.com/pages/Back%C3%B6fele/115804388481286','Backöfele',NULL,115804388481286,0),(84,'https://www.facebook.com/pages/Habaneros-W%C3%BCrzburg/168376479898388','Habaneros-Würzburg','2014-07-18 18:33:22',168376479898388,0),(85,'https://www.facebook.com/Locanda.Wuerzburg','Locanda.Wuerzburg','2014-07-21 17:50:39',172773972733812,0),(86,'https://www.facebook.com/joeswuerzburg','joeswuerzburg','2014-07-21 22:51:33',186505448039626,0),(87,'https://www.facebook.com/HabanerosTexicanRestaurant','HabanerosTexicanRestaurant','2014-07-21 10:56:01',205301073488,0),(88,'https://www.facebook.com/Locanda.Aschaffenburg','Locanda.Aschaffenburg','2014-07-22 10:48:03',676996975651378,0),(90,'https://www.facebook.com/csdwuerzburg','csdwuerzburg','2014-07-19 22:12:54',317762452176,0),(91,'https://www.facebook.com/VapianoMainz','VapianoMainz','2014-07-21 16:36:24',181813208527117,0),(92,'https://www.facebook.com/alexgastro.mainz','alexgastro.mainz','2014-07-19 10:00:01',173461972831198,0),(93,'https://www.facebook.com/Sausalitos.Stuttgart','Sausalitos.Stuttgart','2014-07-14 02:34:55',158414504225763,0),(94,'https://www.facebook.com/Joe.Penas','Joe.Penas','2014-07-15 12:06:40',106442332771281,1),(95,'https://www.facebook.com/barriosmannheim','barriosmannheim','2014-07-10 20:16:38',167042366723511,0),(96,'https://www.facebook.com/pages/Cafe-Bar-Celona/244109735614320','Cafe-Bar-Celona',NULL,244109735614320,0),(97,'https://www.facebook.com/alexgastro.bremen.domshof','alexgastro.bremen.domshof','2014-07-19 10:00:01',172624349415855,0),(98,'https://www.facebook.com/alexgastro.bremen.hanseatenhof','alexgastro.bremen.hanseatenhof','2014-07-19 10:00:01',114171165458647,0),(99,'https://www.facebook.com/alexgastro.bremen.waterfront','alexgastro.bremen.waterfront','2014-07-19 10:00:01',170729072975957,0),(100,'https://www.facebook.com/CalimerosBamberg','CalimerosBamberg',NULL,NULL,1),(101,'https://www.facebook.com/pages/El-Cortijo/140959339299127','El-Cortijo',NULL,140959339299127,0),(102,'https://www.facebook.com/schoenbuschgastronomie','schoenbuschgastronomie','2014-07-22 13:00:02',232111650197037,0),(103,'https://www.facebook.com/einstein.aschaffenburg','einstein.aschaffenburg','2014-07-17 16:30:19',229940830396126,0),(104,'https://www.facebook.com/TheSedgwick','TheSedgwick','2014-07-20 22:29:32',274642802650803,0),(105,'https://www.facebook.com/vinylbar.aschaffenburg','vinylbar.aschaffenburg','2014-07-10 17:09:37',100002155257274,1),(106,'https://www.facebook.com/qbar.aschaffenburg','qbar.aschaffenburg','2014-03-16 08:28:55',172173146138606,0),(107,'https://www.facebook.com/rosawebworld','rosawebworld','2014-07-22 08:58:28',320852301350,0),(108,'https://www.facebook.com/CKStudioFrankfurt','CKStudioFrankfurt',NULL,NULL,1),(109,'https://www.facebook.com/pages/Hans-Im-Gl%C3%BCck-Stuttgart/806384242710192','Hans-Im-Glück-Stuttgart',NULL,806384242710192,0),(110,'https://www.facebook.com/hansimglueck.burgergrill','hansimglueck.burgergrill','2014-06-17 09:44:04',136986466315576,0),(111,'https://www.facebook.com/cena.Elements','cena.Elements','2014-07-11 23:14:38',243218282409041,0),(112,'https://www.facebook.com/TeufelsKuecheAB','TeufelsKuecheAB','2014-07-18 20:25:29',121344414559959,0),(113,'https://www.facebook.com/pages/Joe-Penas/160450977343746','Joe-Penas','2014-06-18 16:34:58',160450977343746,0),(114,'https://www.facebook.com/pages/Ludwigsburger-Brauhaus/110784458967881','Ludwigsburger-Brauhaus','2014-07-18 14:07:37',110784458967881,0),(115,'https://www.facebook.com/pages/Rossknecht/115463545179112','Rossknecht','2014-06-15 11:00:32',115463545179112,0),(116,'https://www.facebook.com/Mauritius.Ludwigsburg','Mauritius.Ludwigsburg','2014-07-20 17:52:19',224953627652266,0),(117,'https://www.facebook.com/HotelKrauthof','HotelKrauthof','2014-06-12 15:58:04',158710464182226,0),(118,'https://www.facebook.com/pages/Blauer-Engel/156227361064556','Blauer-Engel',NULL,156227361064556,0),(119,'https://www.facebook.com/pages/Cafe-barON/175509452469907','Cafe-barON','2014-06-21 22:31:00',175509452469907,0),(120,'https://www.facebook.com/Uferstueble','Uferstueble','2014-07-20 23:39:55',170436993003156,0),(121,'https://www.facebook.com/pages/Sam-Kullmanns-Diner/191267504247256','Sam-Kullmanns-Diner',NULL,191267504247256,0),(122,'https://www.facebook.com/pages/Die-blaue-Agave-Ludwigsburg/183878218302325','Die-blaue-Agave-Ludwigsburg',NULL,183878218302325,1),(123,'https://www.facebook.com/trachtenhof.de','trachtenhof.de','2014-07-21 12:32:06',123060687721357,0),(124,'https://www.facebook.com/pages/Trachten-Benkert-Th%C3%BCngen/118011638285893','Trachten-Benkert-Thüngen',NULL,118011638285893,0),(125,'https://www.facebook.com/haciendastuttgart','haciendastuttgart','2014-07-22 13:37:22',322661344453941,0),(126,'https://www.facebook.com/ElChicoStuttgart','ElChicoStuttgart','2014-07-12 17:37:37',128197603916121,0),(127,'https://www.facebook.com/pages/Cantina-Stuttgart/101863966547681','Cantina-Stuttgart',NULL,101863966547681,0),(128,'https://www.facebook.com/ysenegger','ysenegger','2014-07-22 12:08:37',164093620274844,0),(129,'https://www.facebook.com/pages/Pardi-M%C3%BCnchen/160852667325035','Pardi-München',NULL,160852667325035,0),(130,'https://www.facebook.com/pages/Taxisgarten/160177737333440','Taxisgarten','2013-10-06 17:30:24',160177737333440,0),(131,'https://www.facebook.com/alexgastro.muenchen.rotkreuzplatz','alexgastro.muenchen.rotkreuzplatz','2014-07-19 10:00:01',260815337392655,0),(132,'https://www.facebook.com/pages/Gasthaus-Jagdschl%C3%B6ssl/437030949678288','Gasthaus-Jagdschlössl','2012-10-15 16:29:01',437030949678288,0),(133,'https://www.facebook.com/pages/Ruffini/149365005107106','Ruffini',NULL,149365005107106,0),(134,'https://www.facebook.com/BoleroBamberg','BoleroBamberg','2014-07-22 10:00:00',107631135944920,0),(135,'https://www.facebook.com/SalinoBamberg','SalinoBamberg',NULL,NULL,1),(136,'https://www.facebook.com/BrasserieBamberg','BrasserieBamberg',NULL,NULL,1),(137,'https://www.facebook.com/CentralBamberg','CentralBamberg','2014-07-21 09:32:47',414229001950592,0),(138,'https://www.facebook.com/hofcafe.bamberg','hofcafe.bamberg','2014-06-17 18:08:21',373844765983595,0),(139,'https://www.facebook.com/cafeesspressbamberg','cafeesspressbamberg','2014-07-16 16:56:20',134086463316326,0),(140,'https://www.facebook.com/pages/Ristorante-Da-Francesco/158604264158541','Ristorante-Da-Francesco',NULL,158604264158541,0),(141,'https://www.facebook.com/Fellinibamberg','Fellinibamberg','2014-07-02 12:16:19',346990872055449,0),(142,'https://www.facebook.com/ahoernla','ahoernla','2014-07-10 09:25:52',162610067252536,0),(143,'https://www.facebook.com/fruchtbar.bamberg','fruchtbar.bamberg','2014-07-07 19:43:14',87621599983,0),(144,'https://www.facebook.com/pages/SodaBar-Bamberg/129789647071419','SodaBar-Bamberg',NULL,129789647071419,1),(145,'https://www.facebook.com/freiraumbamberg','freiraumbamberg','2014-07-21 14:11:42',433323006716388,0),(146,'https://www.facebook.com/der.plattenladen.bamberg','der.plattenladen.bamberg','2014-07-22 11:56:52',1428932757322515,0),(147,'https://www.facebook.com/tagesbar.schiller','tagesbar.schiller','2014-07-22 09:43:38',339651790407,0),(148,'https://www.facebook.com/craftaschaffenburg','craftaschaffenburg','2014-07-17 19:16:33',553784368069055,0),(149,'https://www.facebook.com/pages/Palms-Pacific-Lounge-Mannheim/116378095088410','Palms-Pacific-Lounge-Mannheim','2014-07-21 16:35:32',116378095088410,0),(150,'https://www.facebook.com/joe.penas.mannheim','joe.penas.mannheim','2014-07-20 12:25:01',705835152822696,0),(151,'https://www.facebook.com/Nordsee.Deutschland','Nordsee.Deutschland','2014-07-22 11:00:00',130520190344571,0),(152,'https://www.facebook.com/sausalitos','sausalitos','2014-07-18 15:00:00',10150111386200265,0),(153,'https://www.facebook.com/Vapiano','Vapiano','2014-07-22 12:53:06',159376907417789,0),(154,'https://www.facebook.com/mcd','mcd','2014-07-22 12:50:56',296270482587,0),(155,'https://www.facebook.com/BurgerKing.Deutschland','BurgerKing.Deutschland','2014-07-22 13:26:25',182011465154997,0),(156,'https://www.facebook.com/deananddavid07','deananddavid07','2014-07-21 13:41:46',216853260534,0),(157,'https://www.facebook.com/aposto.italienisches.restaurant','aposto.italienisches.restaurant','2014-07-18 16:00:01',203142819707926,0),(158,'https://www.facebook.com/besitos.spanisches.restaurant','besitos.spanisches.restaurant','2014-07-19 16:00:02',165345030189582,0),(159,'https://www.facebook.com/Lehners.Wirtshaus','Lehners.Wirtshaus','2014-07-20 16:00:01',141635175905047,0);
/*!40000 ALTER TABLE `FacebookUrl` ENABLE KEYS */;
UNLOCK TABLES;

--
-- Table structure for table `Log`
--

DROP TABLE IF EXISTS `Log`;
/*!40101 SET @saved_cs_client     = @@character_set_client */;
/*!40101 SET character_set_client = utf8 */;
CREATE TABLE `Log` (
  `id` int(11) NOT NULL AUTO_INCREMENT,
  `user_id` int(11) DEFAULT NULL,
  `action` int(11) NOT NULL,
  `created_at` datetime NOT NULL,
  PRIMARY KEY (`id`),
  KEY `IDX_B7722E25A76ED395` (`user_id`),
  CONSTRAINT `FK_B7722E25A76ED395` FOREIGN KEY (`user_id`) REFERENCES `User` (`id`) ON DELETE CASCADE
) ENGINE=InnoDB AUTO_INCREMENT=28 DEFAULT CHARSET=utf8 COLLATE=utf8_unicode_ci;
/*!40101 SET character_set_client = @saved_cs_client */;

--
-- Dumping data for table `Log`
--

LOCK TABLES `Log` WRITE;
/*!40000 ALTER TABLE `Log` DISABLE KEYS */;
INSERT INTO `Log` VALUES (1,9,0,'2014-07-28 01:42:22'),(2,9,0,'2014-07-28 06:29:19'),(3,9,0,'2014-07-28 06:29:47'),(4,9,0,'2014-07-28 06:30:11'),(5,9,0,'2014-07-28 06:35:35'),(6,9,0,'2014-07-28 07:01:45'),(7,9,0,'2014-07-29 18:28:32'),(8,11,0,'2014-07-29 18:31:03'),(9,27,0,'2014-07-29 18:40:57'),(10,9,0,'2014-07-29 18:47:49'),(11,11,0,'2014-07-29 20:03:41'),(12,NULL,1,'2014-07-30 04:46:32'),(13,NULL,1,'2014-07-30 04:48:50'),(14,NULL,1,'2014-07-30 05:09:59'),(15,NULL,1,'2014-07-30 05:10:07'),(16,27,0,'2014-07-30 05:16:19'),(17,9,0,'2014-07-30 05:19:30'),(18,9,0,'2014-07-30 05:25:43'),(19,NULL,1,'2014-07-30 06:26:50'),(20,NULL,1,'2014-07-30 06:26:56'),(21,NULL,1,'2014-07-30 06:27:02'),(22,NULL,1,'2014-07-30 06:27:10'),(23,11,0,'2014-07-30 06:27:17'),(24,13,0,'2014-07-30 06:28:25'),(25,9,0,'2014-07-30 08:02:40'),(26,9,0,'2014-07-30 08:10:11'),(27,9,0,'2014-07-30 08:10:11');
/*!40000 ALTER TABLE `Log` ENABLE KEYS */;
UNLOCK TABLES;

--
-- Table structure for table `MailQueue`
--

DROP TABLE IF EXISTS `MailQueue`;
/*!40101 SET @saved_cs_client     = @@character_set_client */;
/*!40101 SET character_set_client = utf8 */;
CREATE TABLE `MailQueue` (
  `id` varchar(255) COLLATE utf8_unicode_ci NOT NULL,
  `entity` varchar(60) COLLATE utf8_unicode_ci DEFAULT NULL,
  `entityId` int(11) DEFAULT NULL,
  `state` int(11) DEFAULT NULL,
  `sentDate` datetime DEFAULT NULL,
  `message` varchar(255) COLLATE utf8_unicode_ci DEFAULT NULL,
  `redirect` varchar(60) COLLATE utf8_unicode_ci DEFAULT NULL,
  PRIMARY KEY (`id`)
) ENGINE=InnoDB DEFAULT CHARSET=utf8 COLLATE=utf8_unicode_ci;
/*!40101 SET character_set_client = @saved_cs_client */;

--
-- Dumping data for table `MailQueue`
--

LOCK TABLES `MailQueue` WRITE;
/*!40000 ALTER TABLE `MailQueue` DISABLE KEYS */;
INSERT INTO `MailQueue` VALUES ('0017b2bc-cfcf-4b29-9b3a-f3f529bb0d58','Beon\\IntranetBundle\\Entity\\Task',206,NULL,'2014-07-29 18:31:53',NULL,'task_show'),('04c2ee1e-b1df-42f5-bda0-7059567d1e5f','Beon\\IntranetBundle\\Entity\\Pressrelease',100,NULL,'2014-06-07 01:45:46',NULL,'pressrelease_show'),('0573e29a-4ba2-420e-95e2-2e670fa98ffe','Beon\\IntranetBundle\\Entity\\Campaign',58,NULL,'2014-07-29 20:05:04',NULL,'campaign_show'),('05ca24aa-76f1-4d69-998c-e100d8476f6b','Beon\\IntranetBundle\\Entity\\Task',183,NULL,'2014-07-21 10:13:12',NULL,'task_show'),('06d2d2bf-456f-468c-bc2a-5c1611cd3106','Beon\\IntranetBundle\\Entity\\Pressrelease',112,NULL,'2014-07-09 19:19:05',NULL,'pressrelease_show'),('07724c53-88ad-41a9-8281-3e0804606640','Beon\\IntranetBundle\\Entity\\Task',192,NULL,'2014-07-21 11:09:52',NULL,'task_show'),('0b84c7e5-458b-43ab-87a6-194cb58fe927','Beon\\IntranetBundle\\Entity\\Task',198,NULL,'2014-07-21 17:22:55',NULL,'task_show'),('0d07a015-bebf-4d21-b4ac-7206781338fe','Beon\\IntranetBundle\\Entity\\Task',168,NULL,'2014-07-22 14:49:18',NULL,'task_show'),('1fb01213-f93f-4bb0-861a-d4879f7349bf','Beon\\IntranetBundle\\Entity\\Task',205,NULL,'2014-07-26 21:55:31',NULL,'task_show'),('2116ba93-1110-47bf-b5a5-dea83e7de380','Beon\\IntranetBundle\\Entity\\Campaign',14,NULL,'2014-04-11 21:10:09',NULL,'campaign_show'),('218cb13f-6922-495a-bbcf-547fe85e1eb1','Beon\\IntranetBundle\\Entity\\Task',205,NULL,'2014-07-26 22:02:23',NULL,'task_show'),('21926b47-6a75-4454-bc8f-7f5ab0410e96','Beon\\IntranetBundle\\Entity\\Task',136,NULL,'2014-07-14 12:36:54',NULL,'task_show'),('26ddfafd-6dff-4375-8e81-c7edb7d1ac58','Beon\\IntranetBundle\\Entity\\Pressrelease',7,NULL,'2014-04-12 22:56:47',NULL,'pressrelease_show'),('2d8367e1-370d-49a9-b76e-678bc579dd72','Beon\\IntranetBundle\\Entity\\Task',131,NULL,'2014-07-07 17:08:27',NULL,'task_show'),('3c2f444f-0703-48d6-a13b-239d72763291','Beon\\IntranetBundle\\Entity\\Pressrelease',8,101,'2014-04-12 23:59:49',NULL,'pressrelease_show'),('40b0a624-b5ed-48d7-b569-f66d1a10ed40','Beon\\IntranetBundle\\Entity\\Task',205,NULL,'2014-07-26 21:57:09',NULL,'task_show'),('43b824ab-c74b-4cde-87e5-f5dd8e59782f','Beon\\IntranetBundle\\Entity\\Task',134,NULL,'2014-07-14 17:05:07',NULL,'task_show'),('44246237-319a-4519-87fe-c2deef48b24a','Beon\\IntranetBundle\\Entity\\Pressrelease',6,NULL,'2014-04-01 16:19:11',NULL,'pressrelease_show'),('44e304a9-5325-42ab-a5ce-35fed94e8948','Beon\\IntranetBundle\\Entity\\Task',132,NULL,'2014-07-17 10:24:48',NULL,'task_show'),('45f52d1e-b6df-4ac4-b3c0-2f6fdc8576ad','Beon\\IntranetBundle\\Entity\\Task',131,NULL,'2014-07-07 17:16:44',NULL,'task_show'),('46386061-be21-45cc-8c07-f18f479cc481','Beon\\IntranetBundle\\Entity\\Task',207,NULL,'2014-07-29 18:40:35',NULL,'task_show'),('4751847c-9e24-4482-8d4a-adc301344044','Beon\\IntranetBundle\\Entity\\Task',170,NULL,'2014-07-22 17:45:32',NULL,'task_show'),('4c3180a0-5688-4c63-9159-9eb617fd3a4f','Beon\\IntranetBundle\\Entity\\Task',155,NULL,'2014-07-14 17:45:34',NULL,'task_show'),('5510037a-fcc4-4bb8-917e-23e84e08e57e','Beon\\IntranetBundle\\Entity\\Pressrelease',4,NULL,'2014-04-12 11:55:33',NULL,'pressrelease_show'),('5e887b2b-7dda-42ed-8966-d52dd9b8c17a','Beon\\IntranetBundle\\Entity\\Task',206,NULL,'2014-07-29 18:30:29',NULL,'task_show'),('61053c96-ebee-489c-8482-8b5d313a68fe','Beon\\IntranetBundle\\Entity\\Task',147,NULL,'2014-07-18 11:00:54',NULL,'task_show'),('64fba97d-0d71-4bf4-bc18-e916f53a261d','Beon\\IntranetBundle\\Entity\\Campaign',108,NULL,'2014-05-07 17:20:31',NULL,'campaign_show'),('65b13a92-725a-47c6-8476-692d7d41644f','Beon\\IntranetBundle\\Entity\\Campaign',14,1,'2014-04-11 21:23:20',NULL,'campaign_show'),('6b844022-6f9c-4236-8cad-c48db916d9da','Beon\\IntranetBundle\\Entity\\Task',137,NULL,'2014-07-14 15:47:26',NULL,'task_show'),('74f52fa9-3e8a-4265-9a0d-16a0826e8454','Beon\\IntranetBundle\\Entity\\Task',127,NULL,'2014-07-02 02:05:54',NULL,'task_show'),('75556753-bec5-42d0-9db1-0de78af44b4d','Beon\\IntranetBundle\\Entity\\Task',175,NULL,'2014-07-21 10:03:46',NULL,'task_show'),('76cad04b-c84c-4d1d-af67-1fcb5b9af132','Beon\\IntranetBundle\\Entity\\Pressrelease',111,NULL,'2014-07-08 21:48:58',NULL,'pressrelease_show'),('7dedca20-7b46-485d-bf61-11576d7449cb','Beon\\IntranetBundle\\Entity\\Task',167,NULL,'2014-07-18 12:46:05',NULL,'task_show'),('8db52536-f59c-4816-9b6c-669fcc469c1a','Beon\\IntranetBundle\\Entity\\Task',133,NULL,'2014-07-14 17:03:55',NULL,'task_show'),('90780252-9283-4281-92a3-3e6a1a34ef61','Beon\\IntranetBundle\\Entity\\Task',109,NULL,'2014-07-17 12:06:57',NULL,'task_show'),('93814011-179f-4977-a816-a766df973e24','Beon\\IntranetBundle\\Entity\\Task',186,NULL,'2014-07-21 10:37:44',NULL,'task_show'),('94b84e85-ebe9-4878-b895-52c3a1b5656c','Beon\\IntranetBundle\\Entity\\Task',201,NULL,'2014-07-21 11:32:20',NULL,'task_show'),('9b910178-5a15-464e-b0d6-ab70cd846d6a','Beon\\IntranetBundle\\Entity\\Pressrelease',10,NULL,'2014-04-14 08:18:07',NULL,'pressrelease_show'),('9fd57dc4-c675-4e39-9899-d3b7bd19fdc2','Beon\\IntranetBundle\\Entity\\Task',169,NULL,'2014-07-22 14:50:44',NULL,'task_show'),('a5a06677-e9be-42c3-bd27-b86d274829db','Beon\\IntranetBundle\\Entity\\Task',188,NULL,'2014-07-21 10:47:22',NULL,'task_show'),('a5fc920f-a377-462f-8793-2862aa71951d','Beon\\IntranetBundle\\Entity\\Campaign',175,NULL,'2014-07-29 18:50:00',NULL,'campaign_show'),('a667a6b0-c80f-43c4-90f9-7822600dbe85','Beon\\IntranetBundle\\Entity\\Task',128,NULL,'2014-07-02 02:27:30',NULL,'task_show'),('ad9156f5-a3a9-4a93-934a-6499c586e8b2','Beon\\IntranetBundle\\Entity\\Task',196,NULL,'2014-07-21 11:26:10',NULL,'task_show'),('b0351bf4-2f60-4dbf-a1cd-1478213c9216','Beon\\IntranetBundle\\Entity\\Task',48,NULL,'2014-07-14 17:06:42',NULL,'task_show'),('b09ac10b-64ed-49b1-9bd3-4ae235e4ad13','Beon\\IntranetBundle\\Entity\\Task',147,NULL,'2014-07-18 12:24:57',NULL,'task_show'),('b421cc32-7c18-4713-93ba-4a5bd59510b7','Beon\\IntranetBundle\\Entity\\Task',156,NULL,'2014-07-14 17:22:37',NULL,'task_show'),('bad1460e-0648-406d-86c1-94d369a229da','Beon\\IntranetBundle\\Entity\\Task',129,NULL,'2014-07-02 04:05:36',NULL,'task_show'),('bee35b8a-4e5d-4d78-acc0-d8e857c69d98','Beon\\IntranetBundle\\Entity\\Task',171,NULL,'2014-07-22 17:47:03',NULL,'task_show'),('c2e3abcd-e35d-4f9e-9198-9f3a73a39e6a','Beon\\IntranetBundle\\Entity\\Task',161,NULL,'2014-07-21 11:34:27',NULL,'task_show'),('c66cf428-59f9-4286-8896-332f21db0e66','Beon\\IntranetBundle\\Entity\\Task',138,NULL,'2014-07-14 16:43:03',NULL,'task_show'),('c98b0519-0249-4682-a4f3-74d14504f50b','Beon\\IntranetBundle\\Entity\\Task',136,NULL,'2014-07-14 16:00:49',NULL,'task_show'),('cc529aee-ccff-4bec-838d-1849d3981f9b','Beon\\IntranetBundle\\Entity\\Pressrelease',100,NULL,'2014-05-31 03:22:57',NULL,'pressrelease_show'),('cd11fb54-4a6f-493d-8bad-ef2efca0529e','Beon\\IntranetBundle\\Entity\\Pressrelease',38,NULL,'2014-05-09 15:16:58',NULL,'pressrelease_show'),('ce73d08f-000b-4294-864e-095d5f997b4f','Beon\\IntranetBundle\\Entity\\Task',129,NULL,'2014-07-02 04:08:43',NULL,'task_show'),('cf095188-dc18-487e-bb7c-078d8d71f3a6','Beon\\IntranetBundle\\Entity\\Task',200,NULL,'2014-07-21 11:27:28',NULL,'task_show'),('df243129-d98f-4a45-b529-a50abf359fc9','Beon\\IntranetBundle\\Entity\\Task',199,NULL,'2014-07-21 11:59:37',NULL,'task_show'),('fa91fe42-7e26-49b7-b8ba-990e88b9262e','Beon\\IntranetBundle\\Entity\\Task',203,NULL,'2014-07-22 14:43:38',NULL,'task_show');
/*!40000 ALTER TABLE `MailQueue` ENABLE KEYS */;
UNLOCK TABLES;

--
-- Table structure for table `MonitoredUrl`
--

DROP TABLE IF EXISTS `MonitoredUrl`;
/*!40101 SET @saved_cs_client     = @@character_set_client */;
/*!40101 SET character_set_client = utf8 */;
CREATE TABLE `MonitoredUrl` (
  `id` int(11) NOT NULL AUTO_INCREMENT,
  `customer_id` int(11) NOT NULL,
  `url` varchar(255) COLLATE utf8_unicode_ci NOT NULL,
  `last_check` datetime NOT NULL,
  PRIMARY KEY (`id`),
  KEY `IDX_C0593F819395C3F3` (`customer_id`),
  CONSTRAINT `MonitoredUrl_ibfk_1` FOREIGN KEY (`customer_id`) REFERENCES `Customer` (`id`) ON DELETE CASCADE
) ENGINE=InnoDB AUTO_INCREMENT=63 DEFAULT CHARSET=utf8 COLLATE=utf8_unicode_ci;
/*!40101 SET character_set_client = @saved_cs_client */;

--
-- Dumping data for table `MonitoredUrl`
--

LOCK TABLES `MonitoredUrl` WRITE;
/*!40000 ALTER TABLE `MonitoredUrl` DISABLE KEYS */;
INSERT INTO `MonitoredUrl` VALUES (1,32,'http://www.yelp.de/biz/enchilada-w%C3%BCrzburg-3','2014-06-16 00:46:19'),(2,32,'https://www.google.de/#q=enchilada+w%C3%BCrzburg&lrd=lrd','2014-06-15 21:49:24'),(3,32,'http://www.restaurant-kritik.de/91408/bewertungen','2014-06-15 21:50:35'),(4,32,'http://www.tripadvisor.de/Restaurant_Review-g187321-d951964-Reviews-Enchilada-Wurzburg_Lower_Franconia_Franconia_Bavaria.html','2014-06-15 21:52:00'),(5,16,'https://www.google.de/#q=aposto+mainz&lrd=lrd','2014-07-02 02:38:45'),(6,16,'http://www.tripadvisor.de/Restaurant_Review-g187393-d2520462-Reviews-Aposto_Mainz_GmbH-Mainz_Rhineland_Palatinate.html','2014-07-02 02:39:40'),(7,16,'http://www.restaurant-kritik.de/139703','2014-07-02 02:41:17'),(8,16,'http://www.yelp.de/biz/aposto-mainz-mainz','2014-07-02 02:42:05'),(9,15,'https://www.google.de/#q=aposto+schweinfurt&lrd=lrd','2014-07-02 02:43:46'),(10,15,'http://www.tripadvisor.de/Restaurant_Review-g198466-d1806427-Reviews-Aposto-Schweinfurt_Lower_Franconia_Franconia_Bavaria.html','2014-07-02 02:44:36'),(11,15,'http://www.restaurant-kritik.de/101752','2014-07-02 02:45:15'),(12,15,'http://www.yelp.de/biz/aposto-schweinfurt','2014-07-02 02:45:52'),(13,17,'https://www.google.de/#q=besitos+mainz&lrd=lrd','2014-07-02 02:46:45'),(14,17,'http://www.tripadvisor.de/Restaurant_Review-g187393-d1340570-Reviews-Besitos_Mainz_GmbH-Mainz_Rhineland_Palatinate.html','2014-07-02 02:47:28'),(15,17,'http://www.restaurant-kritik.de/140716','2014-07-02 02:48:18'),(16,17,'http://www.yelp.de/biz/besitos-mainz-mainz','2014-07-02 02:49:03'),(17,19,'https://www.google.de/#q=besitos%20stuttgart&lrd=lrd','2014-07-03 04:42:53'),(18,19,'http://www.tripadvisor.de/Restaurant_Review-g187291-d1027675-Reviews-Besitos-Stuttgart_Baden_Wurttemberg.html','2014-07-03 04:43:29'),(19,19,'http://www.restaurant-kritik.de/88785','2014-07-03 04:44:16'),(20,19,'http://www.yelp.de/biz/besitos-stuttgart','2014-07-03 04:44:57'),(21,10,'https://www.google.de/#q=brauerei-gasthof+alter+kranen&lrd=lrd','2014-07-03 04:46:19'),(22,10,'http://www.tripadvisor.de/Restaurant_Review-g187321-d2228053-Reviews-Brauerei_Gasthof_Alter_Kranen-Wurzburg_Lower_Franconia_Franconia_Bavaria.html','2014-07-03 04:47:51'),(23,10,'http://www.restaurant-kritik.de/147062','2014-07-03 04:49:14'),(24,10,'http://www.yelp.de/biz/alter-kranen-w%C3%BCrzburg-3?osq=Brauerei-Gasthof+Alter+kranen','2014-07-03 04:49:33'),(25,25,'https://www.google.de/#q=enchilada%20aschaffenburg&lrd=lrd','2014-07-03 04:51:58'),(26,25,'http://www.tripadvisor.de/Restaurant_Review-g198558-d5776752-Reviews-Enchilada_Aschaffenburg-Aschaffenburg_Lower_Franconia_Franconia_Bavaria.html','2014-07-03 04:52:28'),(27,25,'http://www.restaurant-kritik.de/155721','2014-07-03 04:53:01'),(28,28,'https://www.google.de/#q=enchilada+bremen&lrd=lrd','2014-07-03 04:54:58'),(29,28,'http://www.tripadvisor.de/Restaurant_Review-g187325-d5822134-Reviews-Enchilada_Bremen-Bremen.html','2014-07-03 04:55:35'),(30,28,'http://www.restaurant-kritik.de/20090','2014-07-03 04:56:07'),(31,28,'http://www.yelp.de/biz/enchilada-bremen','2014-07-03 04:56:34'),(32,21,'https://www.google.de/#q=enchilada+gie%C3%9Fen&lrd=lrd','2014-07-03 04:58:58'),(33,21,'http://www.restaurant-kritik.de/146994','2014-07-03 05:00:10'),(34,21,'http://www.yelp.de/biz/enchilada-gie%C3%9Fen','2014-07-03 05:00:39'),(35,29,'https://www.google.de/#q=enchilada+mannheim&lrd=lrd','2014-07-03 05:01:35'),(36,29,'http://www.tripadvisor.de/Restaurant_Review-g187290-d742509-Reviews-Enchilada-Mannheim_Baden_Wurttemberg.html','2014-07-03 05:02:01'),(37,29,'http://www.restaurant-kritik.de/53578','2014-07-03 05:02:56'),(38,29,'http://www.yelp.de/biz/enchilada-mannheim-mannheim','2014-07-03 05:03:47'),(39,31,'https://www.google.de/#q=enchilada+schweinfurt&lrd=lrd','2014-07-03 05:05:17'),(40,31,'http://www.tripadvisor.de/Restaurant_Review-g198466-d5818009-Reviews-Enchilada_Schweinfurt-Schweinfurt_Lower_Franconia_Franconia_Bavaria.html','2014-07-03 05:05:51'),(41,31,'http://www.restaurant-kritik.de/146996','2014-07-03 05:06:22'),(42,31,'http://www.yelp.de/biz/enchilada-schweinfurt-schweinfurt','2014-07-03 05:07:03'),(43,34,'https://www.google.de/#q=enchilada+stuttgart&lrd=lrd','2014-07-03 05:07:54'),(44,34,'http://www.tripadvisor.de/Restaurant_Review-g187291-d1027652-Reviews-Enchilada-Stuttgart_Baden_Wurttemberg.html','2014-07-03 05:08:55'),(45,34,'http://www.yelp.de/biz/enchilada-stuttgart','2014-07-03 05:10:05'),(46,34,'http://www.restaurant-kritik.de/54985','2014-07-03 05:10:35'),(47,22,'https://www.google.de/#q=enchilada+wiesbaden&lrd=lrd','2014-07-03 05:14:20'),(48,22,'http://www.restaurant-kritik.de/146984','2014-07-03 05:16:33'),(49,22,'http://www.tripadvisor.de/Restaurant_Review-g187346-d5448238-Reviews-Enchilada_Wiesbaden-Wiesbaden_Hesse.html','2014-07-03 05:22:58'),(50,22,'http://www.yelp.de/biz/enchilada-wiesbaden','2014-07-03 05:23:36'),(51,23,'https://www.google.de/#q=Ratskeller%20Ludwigsburg&lrd=lrd','2014-07-03 05:25:27'),(52,23,'http://www.tripadvisor.de/Restaurant_Review-g198389-d1507514-Reviews-Ratskeller-Ludwigsburg_Baden_Wurttemberg.html','2014-07-03 05:27:47'),(53,23,'http://www.yelp.de/biz/ratskeller-biergarten-ludwigsburg','2014-07-03 05:29:32'),(54,23,'http://www.restaurant-kritik.de/56341','2014-07-03 05:30:11'),(55,33,'https://www.google.de/#q=ratskeller+saarbr%C3%BCcken&lrd=lrd','2014-07-03 05:33:25'),(56,33,'http://www.tripadvisor.de/Restaurant_Review-g187396-d2174234-Reviews-Ratskeller-Saarbrucken_Saarland.html','2014-07-03 05:34:20'),(57,33,'http://www.restaurant-kritik.de/112913','2014-07-03 05:34:50'),(58,33,'http://www.yelp.de/biz/ratskeller-saarbr%C3%BCcken-2','2014-07-03 05:35:58'),(59,20,'https://www.google.de/#q=the+big+easy+m%C3%BCnchen&lrd=lrd','2014-07-03 05:37:10'),(60,20,'http://www.tripadvisor.de/Restaurant_Review-g187309-d793629-Reviews-The_Big_Easy-Munich_Upper_Bavaria_Bavaria.html','2014-07-03 05:37:35'),(61,20,'http://www.restaurant-kritik.de/61068','2014-07-03 05:38:07'),(62,20,'http://www.yelp.de/biz/the-big-easy-m%C3%BCnchen','2014-07-03 05:38:37');
/*!40000 ALTER TABLE `MonitoredUrl` ENABLE KEYS */;
UNLOCK TABLES;

--
-- Table structure for table `MonitoredUrls`
--

DROP TABLE IF EXISTS `MonitoredUrls`;
/*!40101 SET @saved_cs_client     = @@character_set_client */;
/*!40101 SET character_set_client = utf8 */;
CREATE TABLE `MonitoredUrls` (
  `id` int(11) NOT NULL AUTO_INCREMENT,
  `customer_id` int(11) NOT NULL,
  `url` varchar(255) COLLATE utf8_unicode_ci NOT NULL,
  `last_check` datetime NOT NULL,
  PRIMARY KEY (`id`),
  KEY `IDX_C0593F819395C3F3` (`customer_id`),
  CONSTRAINT `FK_C0593F819395C3F3` FOREIGN KEY (`customer_id`) REFERENCES `Customer` (`id`) ON DELETE CASCADE
) ENGINE=InnoDB AUTO_INCREMENT=5 DEFAULT CHARSET=utf8 COLLATE=utf8_unicode_ci;
/*!40101 SET character_set_client = @saved_cs_client */;

--
-- Dumping data for table `MonitoredUrls`
--

LOCK TABLES `MonitoredUrls` WRITE;
/*!40000 ALTER TABLE `MonitoredUrls` DISABLE KEYS */;
INSERT INTO `MonitoredUrls` VALUES (1,32,'http://www.yelp.de/biz/enchilada-w%C3%BCrzburg-3','2014-06-17 17:14:27'),(2,32,'https://www.google.de/#q=enchilada+w%C3%BCrzburg&lrd=lrd','2014-06-15 21:49:24'),(3,32,'http://www.restaurant-kritik.de/91408/bewertungen','2014-06-15 21:50:35'),(4,32,'http://www.tripadvisor.de/Restaurant_Review-g187321-d951964-Reviews-Enchilada-Wurzburg_Lower_Franconia_Franconia_Bavaria.html','2014-06-15 21:52:00');
/*!40000 ALTER TABLE `MonitoredUrls` ENABLE KEYS */;
UNLOCK TABLES;

--
-- Table structure for table `Note`
--

DROP TABLE IF EXISTS `Note`;
/*!40101 SET @saved_cs_client     = @@character_set_client */;
/*!40101 SET character_set_client = utf8 */;
CREATE TABLE `Note` (
  `id` int(11) NOT NULL AUTO_INCREMENT,
  `customer_id` int(11) DEFAULT NULL,
  `text` longtext COLLATE utf8_unicode_ci,
  `createdAt` datetime DEFAULT NULL,
  `pressrelease_id` int(11) DEFAULT NULL,
  `campaign_id` int(11) DEFAULT NULL,
  `complaint_id` int(11) DEFAULT NULL,
  `task_id` int(11) DEFAULT NULL,
  `internalUseOnly` tinyint(1) NOT NULL,
  `user_id` int(11) DEFAULT NULL,
  PRIMARY KEY (`id`),
  KEY `IDX_6F8F552A9395C3F3` (`customer_id`),
  KEY `IDX_6F8F552AAFE6BA13` (`pressrelease_id`),
  KEY `IDX_6F8F552AF639F774` (`campaign_id`),
  KEY `IDX_6F8F552AEDAE188E` (`complaint_id`),
  KEY `IDX_6F8F552A8DB60186` (`task_id`),
  KEY `IDX_6F8F552AA76ED395` (`user_id`),
  CONSTRAINT `FK_6F8F552A8DB60186` FOREIGN KEY (`task_id`) REFERENCES `Task` (`id`) ON DELETE SET NULL,
  CONSTRAINT `FK_6F8F552A9395C3F3` FOREIGN KEY (`customer_id`) REFERENCES `Customer` (`id`) ON DELETE SET NULL,
  CONSTRAINT `FK_6F8F552AA76ED395` FOREIGN KEY (`user_id`) REFERENCES `User` (`id`) ON DELETE SET NULL,
  CONSTRAINT `FK_6F8F552AAFE6BA13` FOREIGN KEY (`pressrelease_id`) REFERENCES `PressRelease` (`id`) ON DELETE SET NULL,
  CONSTRAINT `FK_6F8F552AEDAE188E` FOREIGN KEY (`complaint_id`) REFERENCES `Complaint` (`id`) ON DELETE SET NULL,
  CONSTRAINT `FK_6F8F552AF639F774` FOREIGN KEY (`campaign_id`) REFERENCES `Campaign` (`id`) ON DELETE SET NULL
) ENGINE=InnoDB AUTO_INCREMENT=87 DEFAULT CHARSET=utf8 COLLATE=utf8_unicode_ci;
/*!40101 SET character_set_client = @saved_cs_client */;

--
-- Dumping data for table `Note`
--

LOCK TABLES `Note` WRITE;
/*!40000 ALTER TABLE `Note` DISABLE KEYS */;
INSERT INTO `Note` VALUES (10,17,'Display Gambas für September 2014','2014-04-13 14:46:46',NULL,NULL,NULL,NULL,0,11),(11,24,'Erhält je 1.000 Sekunden bon Besitos Mainz und Aposto Mainz von Rockland','2014-04-13 14:48:28',NULL,NULL,NULL,NULL,0,11),(15,20,'Sommerfest am Pfingstmontag, 06. Juni 2014 ab 12 Uhr\r\n- Grill\r\n- Bierbänke, -tische,\r\n- Kinderschminken, Dosenwerfen\r\n- Bier aus dem Holzfass, Preis?\r\n- Cocktails zum Special-Preis\r\n- PM erstellen\r\n- Flyer (Rückseite Aktionen)','2014-04-13 16:10:48',NULL,NULL,NULL,NULL,0,11),(17,20,'mysterial table - Infos kommen von Daniel G','2014-04-13 17:06:55',NULL,NULL,NULL,NULL,0,11),(18,21,'Raucher-Lounge. Zur Info: Die Lounge wird an Nicht-Öffnungstagen als Raucherlounge genutzt.','2014-04-13 17:14:06',NULL,NULL,NULL,NULL,0,11),(19,25,'Enchilada Sommerfest\r\nPfingstsonntag, ab 15 Uhr\r\nAußenbar mit Sommer-Caipis für 3,90 Euro\r\nHüpfburg für Kinder, Kinderschminken, Pool, Luftballons\r\nKontakt zu Grill mailen wegen Abholung (Adresse, Datum, Uhrzeit)\r\nGrill: Steaks. Spareribs, Bratwurst, Beilagen\r\n\r\nFlyer: A6 - 5.000\r\nPlakate: A3 - 100\r\nPM\r\nAnzeige: Showtime Mai, Frizz im Juni\r\n\r\nFrizz-Mai-Cocktail-Casino erl\r\n\r\nMagarita of the week \r\nIdeen zu Voting machen\r\n\r\nSteckbrief Mitarbeiter\r\n- Foto von Mitarbeiter kommen von Markus\r\n\r\nEnchi-Hour Flyer - 5000 STück, DINlang\r\nnachfassen\r\n\r\nPyramamiden - nachfassen\r\n\r\n\r\nHüpfburg - Markus\r\nPool - Melli\r\nPressetext Simone\r\n\r\nParkhaus (Werbung, Parktickets, ... ) Markus\r\nWKZ für Sommerfest (Brauerei, Alk, ... ) Markus','2014-04-14 11:28:30',NULL,NULL,NULL,NULL,0,11),(20,29,'Magarita of the week\r\n1000 Aufsteller - Magarita\r\nBei Jule in Auftrag gegeben, 140414\r\n\r\n5.000 Cocktail Casino 2. Chance\r\nBei Jule in Auftrag gegeben, 140414\r\n\r\nnächster Termin:\r\nWürfel statt Bon´s\r\nBio Brotbox Mannheim\r\nTequila - eventuell im Herbst','2014-04-14 16:21:16',NULL,NULL,NULL,NULL,0,11),(21,127,'15 Jahre Enchilada Mannheim\r\nReinfeiern von 14 auf 15.03.2015\r\nim Vorfeld 15 Tage - 15 Euro\r\n23.02. bis 12.03.14\r\nkleiner VIP-Empfang\r\nerst Live-Musik dann DJ ab 23 Uhr\r\nMaskottchen\r\nGetränkespecials\r\nGeburtstagskuchen um Mitternacht\r\n\r\nInnenstadt: Promo mit Gutscheinen für den Abend','2014-04-14 16:29:58',NULL,NULL,NULL,NULL,0,11),(23,33,'Hochzeitsmesse\r\nEintritt frei\r\nStandteilnehmer: 100 Euro Miete für die Standfläche\r\nKonzept erarbeiten (wer teilnimmt etc.)\r\nOktober 2014','2014-04-15 10:03:18',NULL,NULL,NULL,NULL,0,11),(24,10,'Culinario\r\nMarkt\r\nMainpost\r\nPost e. V.\r\nElferatmagazin\r\nMüller Verlag\r\nTonight\r\nWürzburg spezial\r\nFunkhaus\r\nTop Magazin\r\nFrizz\r\nTV Touring\r\nLohnenwert Magazin','2014-04-19 16:27:33',NULL,NULL,NULL,NULL,1,11),(25,22,'Wie kommen wir an die Reisebüros??\r\nIn ein paar kann ich gehen.\r\nHast du ein Kontakt zu den großen oder ist es hier besser in die Reisebüros persönlich rein zu gehen??','2014-04-20 13:15:54',NULL,NULL,NULL,NULL,0,11),(26,22,'laufende Kooperationen:\r\nNASPA','2014-04-20 14:09:22',NULL,NULL,NULL,NULL,0,11),(27,19,'Veroeffentlichungen:\r\nVeranstaltungen sind ab sofort unter folgenden Links einsehbar: http://prinz.de/stuttgart/events/411553-muttertag/2014-05-11, http://prinz.de/stuttgart/events/411554-vatertag/2014-05-29','2014-04-27 14:28:05',NULL,NULL,NULL,NULL,0,11),(28,22,'Magaritas of the Week\r\n05.05.2014	Pineapple-Cocos-Margarita\r\n12.05.2014	Strawberry-Chili-Margarita\r\n19.05.2014	Pear-Cinnamon-Margarita\r\n26.05.2014	Raspberry-Margarita\r\n02.06.2014	Blueberry-Vanilla-Margarita\r\n09.06.2014	Tropical-Margarita\r\n16.06.2014	Banana-Apple-Margarita\r\n23.06.2014	Deep-Blue-Sea-Margarita\r\n30.06.2014	Strawberry-Banana-Margarita\r\n07.07.2014	Melon-Margarita','2014-04-28 04:57:47',NULL,NULL,NULL,NULL,0,11),(30,30,'Veröffentlichung MAZ-Verlag\r\n\r\nHallo Herr Sieber,\r\nanbei das PDF unserer Enchilada-Sonderseite. \r\n\r\nBeste Grüße\r\nMarkus Becker\r\nRedakteur\r\n\r\nMAZ Verlag GmbH	\r\nAm Urnenfeld 12	\r\n35396 Gießen	\r\nTel: 	+49 (641) 9504 3491	\r\nE-Mail: 	mbecker@maz-verlag.de\r\n\r\nInternet: 	www.maz-verlag.de','2014-04-29 21:09:59',NULL,NULL,NULL,NULL,0,11),(32,33,'Mitte Oktober 2014 Relaunche\r\n- neue Karte, moderne Interpretation\r\n- neues CI\r\n- neue Personalkleidung\r\n- Presse/VIP-Empfang','2014-04-30 19:44:10',NULL,NULL,NULL,NULL,0,11),(33,16,'Kinder-Infostand am Kinderfest im Stadtpark am 20.07.14\r\nkümmert sich Lisa drum\r\n\r\nhttp://www.kinderfestival-mainz.de/\r\n\r\n1.	Benefiz – wenn man was Benefiz machen will, dann hat man hier die Gelegenheit\r\n2.	Verteilen von irgendwas, dass die Familien ins Aposto gehen. Kinderpizza? Könnte a wenig viel sein …','2014-05-03 10:00:50',NULL,NULL,NULL,NULL,0,11),(34,16,'03.05.14\r\n\r\nRücklauf Mittagstischmailing - Anzahl\r\nJohannesfest - Planung via Mirko\r\nAsta-Sommerfest - Planung via Mirko','2014-05-03 10:01:59',NULL,NULL,NULL,NULL,0,11),(35,16,'Red Bull-Kooperaton mit DJ´s am Platz - läuft bei Mirko, für Jahr 2015','2014-05-03 12:42:55',NULL,NULL,NULL,NULL,0,11),(36,24,'Campusverteilung - 100 Euro','2014-05-03 13:22:33',NULL,NULL,NULL,NULL,0,11),(37,24,'Termin: 03. Mai 2014\r\n\r\n15.05.14 Family & Friends\r\nHasen am 16. oder 19.05.2014\r\n\r\nRadio-Spots mit Anhängen produzieren, max. 300 Euro\r\n\r\nVersand PM zum Zeitpunkt ab der Eröffung\r\n\r\nCocktail-Gutschein - gültig am/bis machen lassen\r\n\r\nNach der Sommer-GF (Anfang Juni) Presseevent','2014-05-03 16:43:43',NULL,NULL,NULL,NULL,0,11),(38,16,'Großer Familientag zur Meereschätze\r\nPool, Hüpfburg, Luftballons\r\n\r\nStörer auf Flyer und Plakate','2014-05-03 17:42:28',NULL,NULL,NULL,NULL,0,11),(39,14,'Besprechen im Termin:\r\nKinderecke XXL\r\n\r\nSommer-Sonne-Promo mit Terrassen-Eröffnung\r\nmit Sommerdrinks für 2 Euro (Thorsten wegen Freiware)\r\n- Spontan eventl. mit Facebook-Werbung\r\n\r\nWM\r\n- via Fernseher\r\n\r\nMittagstisch-Mailing\r\nnächstes Mailing Anfang Mai 2015 - mit 5 Gutscheinen und Flyer von den Pastavariationen\r\ngutes Feedback, mehr gutschein - gültig bis 30.06.2014 !!! (Lässt Jens von MA eintragen)\r\n\r\nspäter:\r\nPicknickset to rent (Decke, Snack, Flasche Sekt) (Zeit&Raum,Nürnberg)\r\n\r\nVatertag, 29. Mai 2014 - zu jedem Bier erhalten unsere Väter einen Obstler dazu\r\nMuttertag, 11. Mai 2014 - Prosecco für 1,90 Euro für Mütter\r\n\r\nCocktail-Casino\r\neventl. ab September (Bewerbung mit Campus-Tüte, und Campus-Party)\r\n\r\nNovember-Werbeaktion - nicht aber 15 Tage - 15 Euro\r\n\r\nCampus-Tüte-Rücklauf - 14.04 verteilt','2014-05-06 10:05:22',NULL,NULL,NULL,NULL,0,11),(40,21,'Termin am 06.05.14:\r\n\r\n15 Tage - 15 Euro\r\noder Coupons','2014-05-06 14:55:00',NULL,NULL,NULL,NULL,0,11),(41,28,'Magaritha Hour ab 22:30 Uhr\r\nmit Pitcher rumlaufen, Leucht-tablett','2014-05-08 11:01:20',NULL,NULL,NULL,NULL,0,11),(42,128,'Agenda:\r\n- Campus-Plakate\r\n- Margarita of the week\r\n- Dave wegen 15 Tage-Aktion als Wochentags-Aktion\r\n- CSD-Promo-Aktion\r\n- Hotelfolder - neuer Entwurf \r\n- City-Guide','2014-05-08 11:37:25',NULL,NULL,NULL,NULL,0,11),(43,29,'Juni-Termin\r\n- EH-Flyer - Bedarf?','2014-05-10 20:18:08',NULL,NULL,NULL,NULL,0,11),(44,29,'Termin: 09.05.2014\r\nPostkarten Veranstaltungsraum mitnehmen\r\n- 2. Change-Flyer Freigabe einholen\r\n- Essen & Genießen 1605.2014\r\n- Wegweiser-Studis Anzeige\r\n- Magaritha-Aufsteller da?\r\n- 10 Magaritas \r\n- Feedbackbögen','2014-05-11 12:24:44',NULL,NULL,NULL,NULL,0,11),(45,21,'Termin: 06.05.2014\r\n\r\nMittwoch Fachschaftsparty:\r\n-> Cocktail-Casino 2. Chance-Kärtchen werden verteilt\r\n\r\nDeine Veranstaltung im Enchilada Lounge AG-00048\r\neigene Veranstaltung mit und ohne Bewirtung\r\nSprecht uns an!\r\nCheck Homepage/Facebook für Veranstaltungen.\r\nA6 – 5.000 Stück, bis Mittwoch 14.Juni in Gießen\r\n\r\nCocktail Casino – A6 5.000 AG-00045\r\nBanner – 5 AG-00045\r\nDIN A3 – 100 AG-00045\r\n\r\nFajita-Tag – A6 5.000  AG-00044\r\nBanner – 5 AG-00044\r\n\r\nEH-Flyer – DINlang – 5.000 Stück AG-00043\r\n\r\nShot-Flyer, DINlang – 5.000 Stück\r\nFragen Grafik wegen Shotkarte, Kommt per Email von Chris, \r\n\r\nLadies Night A6 5.000  - (Jahrestag 13.08.2013) AG-00047\r\nund PDF erstellen lassen mit der Rückseite Party „After-Ladies Night“ im Lounge\r\n-> Getränkespecials von Jungs und Mädels kommen von Chris\r\n- Banner mit Störer für die Party – 5\r\n- A3 mit Störer 100 Stück\r\n\r\nBewerbung:\r\nPromotion-Stand an der Uni\r\n- Flyern\r\n- Shot-Gutscheine 5.000 Stück AG-00042\r\n- Eventuell Gutschein für die Ladies (Infos folgen von Chris)\r\nFacebook für Premiere, Budget folgt\r\n\r\nFrizz-Anzeige -> WM-Anzeige\r\n\r\nNight Lounge Juni – Facebook 120 Euro\r\nA3 100 Stück\r\n\r\nSalsa-Veranstaltung in der Lounge – Chris\r\n\r\nPerso-Bilder-Shooting für Postings im mex. Outfit, etc.\r\n\r\nWM\r\n- Getränkespecials kommen vom Chris\r\n- Wurst & Bier für 3,50 Euro (kommt Info)\r\nWM-Coupons-Angebot – beide Version Angebote einholen (eventuell)\r\nWochenzeitung\r\n\r\n15 Tage – 15 Euro AG-00041\r\n10. August 2014 – 28. August\r\n- Budget 300 Euro Wochenzeitung\r\n- Klapp-Flyer, Banner 10 Stück\r\n\r\nWasserbälle mitbestellen\r\n\r\nReisebüro-Kooperation machen AG-00040\r\nTickets erstellen\r\n\r\nFitnessstudio wegen Kooperation kümmert sich Chris, Verteilung Sonnenstudios, Frisör, …\r\n\r\nGroße Beachflags – Rückmeldung kommt Chris','2014-05-11 12:28:14',NULL,NULL,NULL,NULL,0,11),(48,43,'Press release was denied. Reason:Alles scheiße','2014-05-31 23:05:28',NULL,NULL,NULL,NULL,0,11),(49,16,'Termin Juni \r\n- Reiseführer\r\n- Citymarketing\r\n- Meeresschätze','2014-06-07 14:06:44',NULL,NULL,NULL,NULL,0,11),(50,107,'Verteilung von 10 %-Rabattkarten via Cocktailfähnchen an die Gäste','2014-06-13 14:49:34',NULL,NULL,NULL,NULL,0,11),(51,25,'Juli-Termin:\r\n•	Kontakt zur FH aufbauen (bestenfalls wie in Mainz)\r\nd.h. dass wir Plakate und Flyer auslegen dürfen\r\n•	Ggf. FH Parties veranstalten können\r\n•	Die Promo Aktion wollen wir erst zu Beginn des neuen Semesters machen, Wochentag wäre der Montag war4schein am besten da wir die Aktion montags haben.','2014-06-17 14:58:18',NULL,NULL,NULL,NULL,0,11),(52,31,'- Montag, Dienstags-Angebot (eventuell Burger-Day oder 15 Tage-Montags-Angebot)\r\n\r\n- Hochwertige Sprit-Karten-Ideen\r\n\r\n- Newsletter eintragen\r\n\r\n- Stadtfest, Honky Tonk','2014-07-01 02:57:34',NULL,NULL,NULL,NULL,0,11),(53,43,'Task was denied. Reason: sieht nicht schön aus','2014-07-02 04:07:59',NULL,NULL,NULL,NULL,0,11),(54,39,'- Bewertung Besitos\r\n- Internetzugriffszahlen\r\n- Maxspot','2014-07-06 08:05:42',NULL,NULL,NULL,NULL,1,11),(55,14,'Task was denied. Reason: das ist keine deutschland-flagge','2014-07-07 17:13:42',NULL,NULL,NULL,NULL,0,11),(56,25,'Termin Juli 2014\r\n\r\n- Spot im August Radio','2014-07-10 14:32:20',NULL,NULL,NULL,NULL,0,11),(57,38,'Termin Juli\r\n- Radio Gong-Werbung\r\n- Wob-Werbung','2014-07-10 14:42:12',NULL,NULL,NULL,NULL,0,11),(58,16,'Juli-Termin\r\n- Sichtschutz Fensterfront VIP-Bereich/Granini Ware\r\n- Hochschulmarketing in Mainz','2014-07-10 14:49:11',NULL,NULL,NULL,NULL,0,11),(59,117,'Spotkonzept','2014-07-12 12:33:01',NULL,NULL,NULL,NULL,0,11),(60,38,'Task was denied. Reason: Bitte noch Hinweis ergänzen, dass nicht auf HH und Besitos-Hour gültig.','2014-07-14 12:57:57',NULL,NULL,NULL,136,0,11),(61,22,'Task was denied. Reason: Link: https://www.dropbox.com/sh/52tyv5x1gcxh7mv/AACL078SEdN783RnsajVtuuja','2014-07-14 15:51:33',NULL,NULL,NULL,137,0,11),(62,22,'Task was denied. Reason: Ladies Night ist Donnerstag nicht Mittwoch!','2014-07-14 17:41:22',NULL,NULL,NULL,137,0,11),(63,126,'Ende der Woche kommt Coupons von Daniel','2014-07-14 19:08:38',NULL,NULL,NULL,NULL,0,11),(64,25,'Task was denied. Reason: ... ich würde es in quer anlegen, auf der Seite wo der Cocktail Gutschein ist soll daneben HH/EH-Werbung hin. ','2014-07-14 21:21:27',NULL,NULL,NULL,155,0,11),(65,38,'Task was denied. Reason: Besserer Text: \nNicht kombinierbar mit anderen Aktionen, wie. z. B. Happy Hour und Besitos Hour. ','2014-07-14 21:26:56',NULL,NULL,NULL,136,0,11),(66,20,'Arbeitsamt\r\n\r\nPW: Test2014','2014-07-14 22:05:48',NULL,NULL,NULL,NULL,0,11),(67,129,'Agenda\r\n- Anzeige Gruppenreisemagazin\r\n- Hotelfolder\r\n- Weihnachtsmailing, Ende August bestellt Lisa, kommt direkt zu mir\r\n- Sichtschutz VIP-Bereich\r\n- Jahrbuch der CHAOTE-CHEERLEADER PD00101, Montags-Werbung\r\n- Charity\r\n- yovite.com Gutscheinsystem, Absage\r\n- Frühstück ab Mitte August, Werbung ab Oktober\r\n- Kinderfestival 20. Juli 2014\r\n- Antenne Mainz','2014-07-16 07:17:19',NULL,NULL,NULL,NULL,0,11),(68,130,'Agenda\r\n- Filzuntersetzer, abgelehnt\r\n- Worddateien für Job\r\n- Margarita of the week\r\n- Antenne Mainz - RadioSpot konzept\r\n- Hotelfolder Verteilung\r\n- Weihnachtsfeiern\r\n- Feedbackbögen','2014-07-16 07:25:06',NULL,NULL,NULL,NULL,0,11),(69,133,'Agenda\r\n- Silvester','2014-07-16 11:22:50',NULL,NULL,NULL,NULL,0,11),(70,134,'Agenda\r\n- Mediamarkt-Aktion\r\n- Campus-Werbung - machen\r\n- Ami-Werbung\r\n- Printmaterialien\r\n\r\nWM-Banner im Laden und Draußen austauschen','2014-07-16 14:56:46',NULL,NULL,NULL,NULL,0,11),(71,136,'Ladies Night mit Bachlor, Cocktailspecials\r\nGNTM - Public Viewing\r\n\r\nSommer-Cocktail + Sonnenbrille gratis','2014-07-17 17:27:04',NULL,NULL,NULL,NULL,0,11),(72,119,'Cocktail to go immmer HH\r\n\r\nZu Puro Mexico Maraiatschis oder Salsaband\r\n\r\nStärkere Einbindung QR-Code\r\n\r\nFotowand','2014-07-17 17:47:18',NULL,NULL,NULL,NULL,0,11),(73,31,'Task was denied. Reason: Gutscheine nur bis 30.11.2014 gültig. Linke Hälfte muss der Textbaustein Jeden Mittwoch ab 20 Uhr Würfel den Preis ... \nRechte Hälfte:Hinweis mit den 18-jährigen weg.  \n','2014-07-17 18:22:38',NULL,NULL,NULL,133,0,NULL),(74,117,'Task was denied. Reason: - Kennenlernwochen sind vom 21. Juli bis 03. August\n- ich würde die Schere noch ein wenig deutlicher machen\n- Die Coupons müssen als Coupons benannt werden\n- Text drunter: Coupons nur im Besitos Würzburg vom 21. Juli bis 03. August gültig.','2014-07-18 11:11:13',NULL,NULL,NULL,147,0,NULL),(75,117,'Task was denied. Reason: Bitte bei Fußzeile noch das Jahr 2014 ergänzen. - bei den warmen Tapas schreiben: warme/gebackene - Kennzeichnung bei den Coupons einmal WOB1 und einmal WOB2 (kann ganz klein sein). - also ich brauche dann eine Druckversion mit WOB1 und eine DRuckversion mit WOB2 und eine Version in Webqualität (hier ohne Kennzeichnung)\n\ndanke°\n','2014-07-18 12:44:11',NULL,NULL,NULL,147,0,NULL),(76,NULL,'ist ja nur gültig am csd oder?','2014-07-21 10:05:05',NULL,NULL,NULL,175,0,13),(77,29,'Task was denied. Reason: Anhang fehlt','2014-07-22 14:57:31',NULL,NULL,NULL,169,0,NULL),(78,22,'Task was denied. Reason: Bitte die Würfel vom Casino Mexicano etwas wegnehmen, so dass man den SChriftzug lesen kann - danke!','2014-07-22 15:42:24',NULL,NULL,NULL,192,0,NULL),(79,29,'Task was denied. Reason: Sehr geil. Bitte nur den Hinweis weg, dass diese während des CSD gültig sind. Sind immer gültig aber nur auf den regulären Preis, d.h. nicht kombinierbar mit anderen Aktionen wie z. B. HH oder EH. danke!','2014-07-22 15:47:53',NULL,NULL,NULL,175,0,NULL),(80,NULL,'Freigabe','2014-07-22 16:16:13',NULL,NULL,NULL,186,0,21),(81,NULL,'Freigabe','2014-07-22 16:17:09',NULL,NULL,NULL,183,0,21),(82,NULL,'Bitte Restbestände bei Distra aufbrauchen!','2014-07-22 17:56:31',NULL,NULL,NULL,169,0,13),(83,10,'Task was denied. Reason: test','2014-07-26 22:02:58',NULL,NULL,NULL,205,0,NULL),(84,10,'Task was denied. Reason: test','2014-07-26 22:07:39',NULL,NULL,NULL,205,0,NULL),(85,10,'Task was denied. Reason: sdfsdf','2014-07-26 22:08:46',NULL,NULL,NULL,205,0,NULL),(86,10,'Task was denied. Reason: test','2014-07-29 18:47:16',NULL,NULL,NULL,207,0,NULL);
/*!40000 ALTER TABLE `Note` ENABLE KEYS */;
UNLOCK TABLES;

--
-- Table structure for table `Permission`
--

DROP TABLE IF EXISTS `Permission`;
/*!40101 SET @saved_cs_client     = @@character_set_client */;
/*!40101 SET character_set_client = utf8 */;
CREATE TABLE `Permission` (
  `id` int(11) NOT NULL AUTO_INCREMENT,
  `identifier` varchar(255) COLLATE utf8_unicode_ci NOT NULL,
  `description` varchar(255) COLLATE utf8_unicode_ci NOT NULL,
  PRIMARY KEY (`id`)
) ENGINE=InnoDB AUTO_INCREMENT=28 DEFAULT CHARSET=utf8 COLLATE=utf8_unicode_ci;
/*!40101 SET character_set_client = @saved_cs_client */;

--
-- Dumping data for table `Permission`
--

LOCK TABLES `Permission` WRITE;
/*!40000 ALTER TABLE `Permission` DISABLE KEYS */;
INSERT INTO `Permission` VALUES (1,'users',''),(2,'campaigns_all',''),(3,'campaigns_customer',''),(4,'pressreleases_all',''),(5,'pressreleases_customer',''),(6,'suppliers',''),(7,'notes_all',''),(8,'notes_customer',''),(9,'facebookurls',''),(10,'monitoredurls',''),(11,'surveyresults',''),(12,'complaints',''),(13,'timetrackings_all',''),(14,'timetrackings_own',''),(15,'cities',''),(16,'tasks_all',''),(17,'tasks_customer',''),(18,'tasks_owngroup',''),(19,'stakeholders_all',''),(20,'stakeholders_customer',''),(21,'pressreleases_approve',''),(22,'campaigns_approve',''),(23,'tasks_approve',''),(24,'customer_dashboard',''),(25,'uploads_list_all',''),(26,'uploads_new',''),(27,'notes_internal','');
/*!40000 ALTER TABLE `Permission` ENABLE KEYS */;
UNLOCK TABLES;

--
-- Table structure for table `PressRelease`
--

DROP TABLE IF EXISTS `PressRelease`;
/*!40101 SET @saved_cs_client     = @@character_set_client */;
/*!40101 SET character_set_client = utf8 */;
CREATE TABLE `PressRelease` (
  `id` int(11) NOT NULL AUTO_INCREMENT,
  `customer_id` int(11) NOT NULL,
  `approvalMailSent` tinyint(1) NOT NULL,
  `approved` tinyint(1) NOT NULL,
  `deleted` tinyint(1) NOT NULL,
  `createdAt` datetime DEFAULT NULL,
  `title` varchar(255) COLLATE utf8_unicode_ci DEFAULT NULL,
  `approved_by_id` int(11) DEFAULT NULL,
  `approvedAt` datetime DEFAULT NULL,
  `submitted` tinyint(1) NOT NULL,
  `approvalMailSentAt` datetime DEFAULT NULL,
  `submittedAt` datetime DEFAULT NULL,
  `approvement_sender_id` int(11) DEFAULT NULL,
  `pressreleasenotes` longtext COLLATE utf8_unicode_ci,
  `user_id` int(11) NOT NULL,
  `duplicate_of` int(11) DEFAULT NULL,
  PRIMARY KEY (`id`),
  KEY `IDX_F14934F99395C3F3` (`customer_id`),
  KEY `IDX_F14934F92D234F6A` (`approved_by_id`),
  KEY `IDX_F14934F9713F1C19` (`approvement_sender_id`),
  KEY `IDX_F14934F9A76ED395` (`user_id`),
  KEY `IDX_F14934F94463220` (`duplicate_of`),
  CONSTRAINT `FK_F14934F92D234F6A` FOREIGN KEY (`approved_by_id`) REFERENCES `User` (`id`) ON DELETE SET NULL,
  CONSTRAINT `FK_F14934F94463220` FOREIGN KEY (`duplicate_of`) REFERENCES `PressRelease` (`id`) ON DELETE SET NULL,
  CONSTRAINT `FK_F14934F9713F1C19` FOREIGN KEY (`approvement_sender_id`) REFERENCES `User` (`id`) ON DELETE SET NULL,
  CONSTRAINT `FK_F14934F99395C3F3` FOREIGN KEY (`customer_id`) REFERENCES `Customer` (`id`) ON DELETE CASCADE,
  CONSTRAINT `FK_F14934F9A76ED395` FOREIGN KEY (`user_id`) REFERENCES `User` (`id`) ON DELETE CASCADE
) ENGINE=InnoDB AUTO_INCREMENT=125 DEFAULT CHARSET=utf8 COLLATE=utf8_unicode_ci;
/*!40101 SET character_set_client = @saved_cs_client */;

--
-- Dumping data for table `PressRelease`
--

LOCK TABLES `PressRelease` WRITE;
/*!40000 ALTER TABLE `PressRelease` DISABLE KEYS */;
INSERT INTO `PressRelease` VALUES (9,16,0,0,0,'2014-04-13 14:52:58','Osterbrunch auf Stadtleben',NULL,NULL,1,NULL,'2014-05-30 08:31:33',NULL,NULL,8,NULL),(10,10,0,1,0,'2014-05-02 13:26:44','PM Fasching',NULL,NULL,1,NULL,'2014-05-02 13:26:45',NULL,NULL,8,NULL),(11,10,0,1,0,'2014-05-02 13:27:25','PM Letztes Kranen-Frühstück',NULL,NULL,1,NULL,'2014-05-02 13:27:25',NULL,NULL,8,NULL),(12,10,0,1,0,'2014-05-02 13:28:18','PM Ostern',NULL,NULL,1,NULL,'2014-05-02 13:28:18',NULL,NULL,8,NULL),(13,10,0,1,0,'2014-05-02 13:28:45','PM Valentinstag',NULL,NULL,1,NULL,'2014-05-02 13:28:45',NULL,NULL,8,NULL),(14,14,0,1,0,'2014-05-02 13:30:37','PM Ostern',NULL,NULL,1,NULL,'2014-05-02 13:30:37',NULL,NULL,8,NULL),(15,14,0,1,0,'2014-05-02 13:31:04','PM Pastawochen',NULL,NULL,1,NULL,'2014-05-02 13:31:04',NULL,NULL,8,NULL),(16,14,0,1,0,'2014-05-02 13:32:13','PM Mutter-, Vatertag',NULL,NULL,1,NULL,'2014-05-02 13:32:13',NULL,NULL,8,NULL),(17,14,0,0,0,'2014-05-02 13:33:11','PM Italiener in NY',NULL,NULL,1,NULL,'2014-05-02 13:33:11',NULL,NULL,8,NULL),(18,16,0,1,0,'2014-05-02 13:33:47','PM Italiener in NY',NULL,NULL,1,NULL,'2014-05-02 13:33:47',NULL,NULL,8,NULL),(19,16,0,1,0,'2014-05-02 13:34:16','PM Pastawochen',NULL,NULL,1,NULL,'2014-05-02 13:34:16',NULL,NULL,8,NULL),(20,16,0,1,0,'2014-05-02 13:35:05','PM Fasenacht',NULL,NULL,1,NULL,'2014-05-02 13:35:05',NULL,NULL,8,NULL),(21,16,0,1,0,'2014-05-02 13:35:37','PM Mamma Mia',NULL,NULL,1,NULL,'2014-05-02 13:35:37',NULL,NULL,8,NULL),(22,16,0,1,0,'2014-05-02 13:36:18','PM Osterbrunch',NULL,NULL,1,NULL,'2014-05-02 13:36:19',NULL,NULL,8,NULL),(23,15,0,1,0,'2014-05-02 13:38:18','PM Italiener in NY',NULL,NULL,1,NULL,'2014-05-02 13:38:18',NULL,NULL,8,NULL),(24,15,0,1,0,'2014-05-02 13:41:08','PM Pastawochen',NULL,NULL,1,NULL,'2014-05-02 13:41:08',NULL,NULL,8,NULL),(25,15,0,1,0,'2014-05-02 13:41:41','PM Valentinstag',NULL,NULL,1,NULL,'2014-05-02 13:41:41',NULL,NULL,8,NULL),(26,17,0,1,0,'2014-05-02 13:44:15','PM Grillwochen',NULL,NULL,1,NULL,'2014-05-02 13:44:15',NULL,NULL,8,NULL),(27,19,0,1,0,'2014-05-02 13:55:58','PM Grillwochen',NULL,NULL,1,NULL,'2014-05-02 13:55:58',NULL,NULL,8,NULL),(28,19,0,1,0,'2014-05-02 13:56:43','PM Karneval',NULL,NULL,1,NULL,'2014-05-02 13:56:43',NULL,NULL,8,NULL),(29,107,0,1,0,'2014-05-02 13:57:14','PM Brunch',NULL,NULL,1,NULL,'2014-05-02 13:57:14',NULL,NULL,8,NULL),(30,19,0,1,0,'2014-05-02 13:57:41','PM Mutter-, Vatertag',NULL,NULL,1,NULL,'2014-05-02 13:57:41',NULL,NULL,8,NULL),(31,24,0,1,0,'2014-05-02 17:56:16','PM Mitarbeitersuche',NULL,NULL,1,NULL,'2014-05-02 17:56:16',NULL,NULL,8,NULL),(32,24,0,1,0,'2014-05-02 18:02:52','PM Eröffnung',NULL,NULL,1,NULL,'2014-05-23 11:24:46',NULL,NULL,8,NULL),(33,20,0,1,0,'2014-05-02 18:09:00','PM Burger',NULL,NULL,1,NULL,'2014-05-02 18:09:00',NULL,NULL,8,NULL),(34,20,0,1,0,'2014-05-02 18:12:10','PM Mutter-, Vatertag',NULL,NULL,1,NULL,'2014-05-02 18:12:10',NULL,NULL,8,NULL),(35,19,0,1,0,'2014-05-06 17:18:16','PM Fußball -WM',NULL,NULL,1,NULL,'2014-05-06 17:18:17',NULL,NULL,8,NULL),(36,15,0,1,0,'2014-05-06 17:23:11','PM Fußball -WM',NULL,NULL,1,NULL,'2014-05-06 17:23:11',NULL,NULL,8,NULL),(37,25,0,1,0,'2014-05-09 13:49:23','Sommerfest',NULL,NULL,1,NULL,'2014-05-11 11:09:47',NULL,NULL,8,NULL),(39,14,0,1,0,'2014-05-09 19:04:59','PM Fußball -WM',NULL,NULL,1,NULL,'2014-05-23 18:25:17',NULL,NULL,8,NULL),(40,21,0,1,0,'2014-05-11 12:00:28','PM Fußball -WM',NULL,NULL,1,NULL,'2014-05-13 11:12:55',NULL,NULL,8,NULL),(41,25,0,1,0,'2014-05-11 12:02:45','PM Sommerfest',NULL,NULL,1,NULL,'2014-05-23 18:26:10',NULL,NULL,8,NULL),(42,38,0,1,0,'2014-05-14 06:45:56','PM Fußball -WM',NULL,NULL,1,NULL,'2014-05-23 18:21:28',NULL,NULL,8,NULL),(43,28,0,1,0,'2014-05-14 07:07:16','PM Fußball -WM',NULL,NULL,1,NULL,'2014-05-20 21:26:35',NULL,NULL,8,NULL),(44,29,0,1,0,'2014-05-14 19:30:06','Verlorene Wette Thorsten',NULL,NULL,1,NULL,'2014-05-14 19:30:06',NULL,NULL,8,NULL),(45,17,0,1,0,'2014-05-15 13:47:53','PM Fußball -WM',NULL,NULL,1,NULL,'2014-06-07 01:33:25',NULL,NULL,8,NULL),(46,33,0,1,0,'2014-05-15 13:49:31','PM Fußball -WM',NULL,NULL,1,NULL,'2014-05-20 21:31:19',NULL,NULL,8,NULL),(47,31,0,1,0,'2014-05-15 14:17:37','PM Fußball -WM',NULL,NULL,1,NULL,'2014-05-23 18:36:03',NULL,NULL,8,NULL),(48,34,0,1,0,'2014-05-15 15:33:28','PM Fußball -WM',NULL,NULL,1,NULL,'2014-05-20 21:16:05',NULL,NULL,8,NULL),(49,28,0,1,0,'2014-05-15 15:42:54','Bremer Anzeiger Schlachte Journal',NULL,NULL,1,NULL,'2014-05-30 08:30:03',NULL,NULL,8,NULL),(50,29,0,1,0,'2014-05-15 19:53:01','PM Fußball -WM',NULL,NULL,1,NULL,'2014-05-20 21:12:35',NULL,NULL,8,NULL),(51,32,0,1,0,'2014-05-16 07:11:25','PM Fußball -WM',NULL,NULL,1,NULL,'2014-05-20 21:09:33',NULL,NULL,8,NULL),(52,16,0,1,0,'2014-05-18 19:02:46','PM Fußball -WM',NULL,NULL,1,NULL,'2014-05-23 18:33:20',NULL,NULL,8,NULL),(53,22,0,1,0,'2014-05-19 14:29:18','PM Fußball -WM',NULL,NULL,1,NULL,'2014-05-20 20:59:44',NULL,NULL,8,NULL),(54,38,0,1,0,'2014-05-22 09:03:21','201401_PM_Besitos-Würzburg',NULL,NULL,1,NULL,'2014-05-22 09:03:21',NULL,NULL,8,NULL),(55,25,0,1,0,'2014-05-22 09:10:29','2014_PM_Aschaffenburg_Neue_Karte',NULL,NULL,1,NULL,'2014-05-22 09:10:29',NULL,NULL,8,NULL),(56,25,0,1,0,'2014-05-22 09:11:39','2014_Fasching_PM_Aschaffenburg',NULL,NULL,1,NULL,'2014-05-22 09:11:39',NULL,NULL,8,NULL),(57,25,0,1,0,'2014-05-22 09:13:16','2014_Cocktail Casino_PM_Aschaffenburg',NULL,NULL,1,NULL,'2014-05-22 09:13:16',NULL,NULL,8,NULL),(58,21,0,1,0,'2014-05-22 09:18:31','2014_PM_Gießen_FajitaDay',NULL,NULL,1,NULL,'2014-05-22 09:18:31',NULL,NULL,8,NULL),(59,21,0,1,0,'2014-05-22 09:19:22','2014_PM_Gießen_MexicoyEspana',NULL,NULL,1,NULL,'2014-05-22 09:19:22',NULL,NULL,8,NULL),(60,21,0,1,0,'2014-05-22 09:20:14','2014_PM_Gießen_Neue_Karte',NULL,NULL,1,NULL,'2014-05-22 09:20:14',NULL,NULL,8,NULL),(61,29,0,1,0,'2014-05-22 09:23:18','2014_Casino Mexicano_Mannheim',NULL,NULL,1,NULL,'2014-05-22 09:23:18',NULL,NULL,8,NULL),(62,29,0,1,0,'2014-05-22 09:24:24','2014_MexicoyEspana_Mannheim',NULL,NULL,1,NULL,'2014-05-22 09:24:24',NULL,NULL,8,NULL),(63,29,0,1,0,'2014-05-22 09:25:45','2014_Muttertag_Vatertag_Mannheim',NULL,NULL,1,NULL,'2014-05-22 09:25:45',NULL,NULL,8,NULL),(64,29,0,1,0,'2014-05-22 09:26:32','2014_Neue_Karte_Mannheim',NULL,NULL,1,NULL,'2014-05-22 09:26:32',NULL,NULL,8,NULL),(65,29,0,1,0,'2014-05-22 09:27:51','2014_Valentinstag_Mannheim',NULL,NULL,1,NULL,'2014-05-22 09:27:51',NULL,NULL,8,NULL),(66,29,0,1,0,'2014-05-22 09:28:47','Imagetext_Enchilada Mannheim',NULL,NULL,1,NULL,'2014-05-22 09:28:47',NULL,NULL,8,NULL),(67,30,0,1,0,'2014-05-22 09:31:55','PM_Enchilada_Marburg_Eröffnungsparty',NULL,NULL,1,NULL,'2014-05-22 09:31:55',NULL,NULL,8,NULL),(68,30,0,1,0,'2014-05-22 09:32:35','PM_Enchilada-Marburg-After-Baustellenpressekonferenz',NULL,NULL,1,NULL,'2014-05-22 09:32:35',NULL,NULL,8,NULL),(69,30,0,1,0,'2014-05-22 09:33:48','PM_Enchilada-Marburg-FirstFinal',NULL,NULL,1,NULL,'2014-05-22 09:33:48',NULL,NULL,8,NULL),(70,30,0,1,0,'2014-05-22 09:34:22','PM_Enchilada-Marburg-Geöffnet',NULL,NULL,1,NULL,'2014-05-22 09:34:22',NULL,NULL,8,NULL),(71,31,0,1,0,'2014-05-22 09:37:57','2014_PM_15Tage_15Euro_Schweinfurt',NULL,NULL,1,NULL,'2014-05-22 09:37:58',NULL,NULL,8,NULL),(72,31,0,1,0,'2014-05-22 09:38:32','2014_PM_MexicoyEspana_Schweinfurt',NULL,NULL,1,NULL,'2014-05-22 09:38:32',NULL,NULL,8,NULL),(73,31,0,1,0,'2014-05-22 09:39:11','2014_PM_Neue_Karte_Schweinfurt',NULL,NULL,1,NULL,'2014-05-22 09:39:11',NULL,NULL,8,NULL),(74,34,0,1,0,'2014-05-22 09:41:15','2014_PM_MexicoYEspana_Stuttgart',NULL,NULL,1,NULL,'2014-05-22 09:41:15',NULL,NULL,8,NULL),(75,34,0,1,0,'2014-05-22 09:43:08','2014_PM_NeueKarte_Stuttgart',NULL,NULL,1,NULL,'2014-05-22 09:43:08',NULL,NULL,8,NULL),(76,22,0,1,0,'2014-05-22 09:46:56','2014_Fajita-Day_Wiesbaden',NULL,NULL,1,NULL,'2014-05-22 09:46:56',NULL,NULL,8,NULL),(77,22,0,1,0,'2014-05-22 09:48:01','2014_MexicoyEspana_Wiesbaden',NULL,NULL,1,NULL,'2014-05-22 09:48:01',NULL,NULL,8,NULL),(78,22,0,1,0,'2014-05-22 09:48:48','2014_Neue_Karte_Wiesbaden',NULL,NULL,1,NULL,'2014-05-22 09:48:48',NULL,NULL,8,NULL),(79,22,0,1,0,'2014-05-22 09:49:26','PM_Cocktail Casino Wiesbaden',NULL,NULL,1,NULL,'2014-05-22 09:49:26',NULL,NULL,8,NULL),(80,32,0,1,0,'2014-05-22 09:52:11','2014_Altweiberfasching_PM_Würzburg',NULL,NULL,1,NULL,'2014-05-22 09:52:11',NULL,NULL,8,NULL),(81,32,0,1,0,'2014-05-22 09:52:55','2014_MexicoyEspana_Würzburg_Neu',NULL,NULL,1,NULL,'2014-05-22 09:52:56',NULL,NULL,8,NULL),(82,23,0,1,0,'2014-05-22 10:02:33','2014_PM_Ratskeller_LuBu_Biergarteneröffnung',NULL,NULL,1,NULL,'2014-05-22 10:02:33',NULL,NULL,8,NULL),(83,23,0,1,0,'2014-05-22 10:03:56','2014_PM_Ratskeller_LuBu_Konzert_SGmelch',NULL,NULL,1,NULL,'2014-05-22 10:03:56',NULL,NULL,8,NULL),(84,23,0,1,0,'2014-05-22 10:04:41','2014_PM_Ratskeller_LuBu_Valentinstag',NULL,NULL,1,NULL,'2014-05-22 10:04:41',NULL,NULL,8,NULL),(85,33,0,1,0,'2014-05-22 10:07:03','2014_PM_Ratskeller_Saarb_1.Mai',NULL,NULL,1,NULL,'2014-05-22 10:07:03',NULL,NULL,8,NULL),(86,33,0,1,0,'2014-05-22 10:08:08','2014_PM_Ratskeller_Saarb_Fasching',NULL,NULL,1,NULL,'2014-05-22 10:08:08',NULL,NULL,8,NULL),(87,33,0,1,0,'2014-05-22 10:08:55','2014_PM_Ratskeller_Saarb_Ratsstunde',NULL,NULL,1,NULL,'2014-05-22 10:08:55',NULL,NULL,8,NULL),(88,33,0,1,0,'2014-05-22 10:11:09','2014_PM_Ratskeller_Saarb_Valentinstag',NULL,NULL,1,NULL,'2014-05-22 10:11:09',NULL,NULL,8,NULL),(89,33,0,1,0,'2014-05-22 10:12:09','2014_PM_Ratskeller_Saarb_Vernissage',NULL,NULL,1,NULL,'2014-05-22 10:12:09',NULL,NULL,8,NULL),(90,33,0,1,0,'2014-05-22 10:12:47','PM_Ratskeller_Ratsstunde',NULL,NULL,1,NULL,'2014-05-22 10:12:48',NULL,NULL,8,NULL),(91,20,0,1,0,'2014-05-22 10:17:50','2014_PM_Big Easy_Burger',NULL,NULL,1,NULL,'2014-05-22 10:17:50',NULL,NULL,8,NULL),(92,20,0,1,0,'2014-05-22 10:18:51','2014_PM_Big_Easy_Vater-Muttertag',NULL,NULL,1,NULL,'2014-05-22 10:18:51',NULL,NULL,8,NULL),(93,20,0,1,0,'2014-05-23 10:41:53','PM Independence Day 2014 Big Easy München',NULL,NULL,1,NULL,'2014-06-05 14:23:08',NULL,NULL,8,NULL),(94,23,0,1,0,'2014-05-23 18:17:11','Fußball-WM',NULL,NULL,1,NULL,'2014-05-23 18:17:11',NULL,NULL,8,NULL),(95,123,0,1,0,'2014-05-24 19:57:30','Fußball-WM-Coupons',NULL,NULL,1,NULL,'2014-05-24 19:57:30',NULL,NULL,8,NULL),(97,10,0,1,0,'2014-05-30 15:25:02','WM',NULL,NULL,1,NULL,'2014-06-05 14:05:40',NULL,NULL,8,NULL),(98,24,0,1,0,'2014-05-30 15:26:48','WM',NULL,NULL,1,NULL,'2014-06-10 01:45:21',NULL,NULL,8,NULL),(99,25,0,0,0,'2014-05-30 15:28:25','WM',NULL,NULL,1,NULL,'2014-06-05 13:49:40',NULL,NULL,8,NULL),(101,17,0,1,0,'2014-06-07 01:20:55','Baleares especiales',NULL,NULL,1,NULL,'2014-07-09 19:14:18',NULL,NULL,8,NULL),(102,102,0,1,0,'2014-06-07 16:10:03','15-Tage-15-Euro',NULL,NULL,1,NULL,'2014-07-13 18:35:46',NULL,NULL,11,NULL),(103,19,0,1,0,'2014-06-08 00:30:19','Baleares especiales',NULL,NULL,1,NULL,'2014-07-09 19:08:58',NULL,NULL,11,NULL),(104,38,0,1,0,'2014-06-08 00:30:34','Baleares especiales',NULL,NULL,1,NULL,'2014-07-09 19:04:12',NULL,NULL,8,NULL),(105,16,0,1,0,'2014-06-08 00:31:02','Meeresschätze',NULL,NULL,1,NULL,'2014-07-09 18:49:27',NULL,NULL,8,NULL),(106,15,0,1,0,'2014-06-08 00:31:20','Meeresschätze',NULL,NULL,1,NULL,'2014-07-09 18:54:13',NULL,NULL,11,NULL),(107,41,0,1,0,'2014-06-16 00:40:04','Die ersten Highlights und die Fußball-WM im Festzelt',NULL,NULL,1,NULL,'2014-06-16 00:40:04',NULL,NULL,11,NULL),(108,41,0,1,0,'2014-06-16 00:48:41','Tim Toupet',NULL,NULL,1,NULL,'2014-06-21 15:56:40',NULL,NULL,8,NULL),(109,41,0,1,0,'2014-06-25 03:19:15','Kindertag',NULL,NULL,1,NULL,'2014-06-25 03:19:15',NULL,NULL,8,NULL),(110,116,0,0,0,'2014-06-29 00:43:13','Cocktail Casino Semester-Start',NULL,NULL,0,NULL,NULL,NULL,NULL,11,NULL),(113,117,0,1,0,'2014-07-11 14:24:30','Kennenlernwochen',NULL,NULL,1,NULL,'2014-07-22 15:08:09',NULL,'Bitte PM erstellen mit Kennenlernwochen im Besitos\r\n\r\nFacts:\r\nTermin ab 30. Juli - 2 Wochen\r\n3 bzw. 4 kalte verschiedene Tapas für 8,90 Euro bzw 11,90 Euro\r\n3 bzw. 4 warme verschiedene Tapas für 9,90 Euro bzw 12,90 Euro\r\n\r\nCoupons für diese Kennenlernwochen gibt es in der WOB Wochenzeitung sowie unter www.besitos.de/wuerzburg',8,NULL),(114,17,0,0,0,'2014-07-12 13:31:28','Imagetext mainzplus CITYMARKETING GmbH',NULL,NULL,0,NULL,NULL,NULL,NULL,11,NULL),(115,24,0,0,0,'2014-07-12 13:32:08','Imagetext mainzplus CITYMARKETING GmbH',NULL,NULL,0,NULL,NULL,NULL,NULL,11,NULL),(116,16,0,0,0,'2014-07-12 13:32:33','Imagetext mainzplus CITYMARKETING GmbH',NULL,NULL,0,NULL,NULL,NULL,NULL,11,NULL),(117,122,0,1,0,'2014-07-12 15:32:34','PM',NULL,NULL,1,NULL,'2014-07-12 15:32:34',NULL,NULL,11,NULL),(118,35,0,0,0,'2014-07-13 10:08:19','PM ab sofort geöffnet',NULL,NULL,1,NULL,'2014-07-13 15:57:33',NULL,NULL,11,NULL),(119,35,0,0,0,'2014-07-13 10:40:57','PM Eröffnungsfeier',NULL,NULL,0,NULL,NULL,NULL,NULL,11,NULL),(121,126,0,0,0,'2014-07-14 18:59:27','Kennenlernwochen',NULL,NULL,0,NULL,NULL,NULL,NULL,11,NULL),(122,96,0,0,0,'2014-07-14 22:43:10','PM Puro México',NULL,NULL,0,NULL,NULL,NULL,NULL,11,NULL),(123,25,0,1,0,'2014-07-22 15:09:17','Puro México',NULL,NULL,1,NULL,'2014-07-22 15:09:18',NULL,NULL,11,NULL),(124,22,0,1,0,'2014-07-22 15:12:41','Puro México',NULL,NULL,1,NULL,'2014-07-22 15:12:42',NULL,NULL,11,NULL);
/*!40000 ALTER TABLE `PressRelease` ENABLE KEYS */;
UNLOCK TABLES;

--
-- Table structure for table `Supplier`
--

DROP TABLE IF EXISTS `Supplier`;
/*!40101 SET @saved_cs_client     = @@character_set_client */;
/*!40101 SET character_set_client = utf8 */;
CREATE TABLE `Supplier` (
  `id` int(11) NOT NULL AUTO_INCREMENT,
  `name` varchar(255) COLLATE utf8_unicode_ci DEFAULT NULL,
  `audienceSize` int(11) DEFAULT NULL,
  `frequency` int(11) DEFAULT NULL,
  `supplierType` int(11) NOT NULL,
  `typeOther` varchar(255) COLLATE utf8_unicode_ci DEFAULT NULL,
  `group_id` int(11) DEFAULT NULL,
  `city_id` int(11) DEFAULT NULL,
  `pagesizeWidth` int(11) DEFAULT NULL,
  `pagesizeHeight` int(11) DEFAULT NULL,
  PRIMARY KEY (`id`),
  KEY `IDX_625C0E28FE54D947` (`group_id`),
  KEY `IDX_625C0E288BAC62AF` (`city_id`),
  CONSTRAINT `FK_625C0E288BAC62AF` FOREIGN KEY (`city_id`) REFERENCES `City` (`id`) ON DELETE SET NULL,
  CONSTRAINT `FK_625C0E28FE54D947` FOREIGN KEY (`group_id`) REFERENCES `SupplierGroup` (`id`) ON DELETE SET NULL
) ENGINE=InnoDB AUTO_INCREMENT=103 DEFAULT CHARSET=utf8 COLLATE=utf8_unicode_ci;
/*!40101 SET character_set_client = @saved_cs_client */;

--
-- Dumping data for table `Supplier`
--

LOCK TABLES `Supplier` WRITE;
/*!40000 ALTER TABLE `Supplier` DISABLE KEYS */;
INSERT INTO `Supplier` VALUES (10,'WOB',135000,2,3,NULL,NULL,1,312,460),(12,'PiMalErQuadrat Gießen',0,0,5,NULL,10,NULL,NULL,NULL),(13,'European Stars and Stripes',0,4,3,NULL,NULL,NULL,NULL,NULL),(14,'Mainzer Wochenblatt',135000,2,3,NULL,NULL,7,NULL,NULL),(15,'Radio Rockland Pfalz GmbH & Co. KG',NULL,NULL,2,NULL,NULL,NULL,NULL,NULL),(16,'Mannheimer Morgen',52590,5,3,NULL,9,NULL,NULL,NULL),(17,'MORITZ-Verlags-GmbH',NULL,NULL,3,NULL,NULL,NULL,NULL,NULL),(19,'Stadtleben Wiesbaden - Mainz',NULL,0,1,NULL,1,NULL,NULL,NULL),(20,'Facebook',NULL,NULL,1,NULL,NULL,NULL,NULL,NULL),(21,'Schweinfurter Anzeiger',88000,2,3,NULL,NULL,NULL,NULL,NULL),(22,'Media City Werbung',NULL,NULL,5,NULL,NULL,NULL,NULL,NULL),(23,'Der Plan',NULL,5,3,NULL,NULL,NULL,NULL,NULL),(24,'campusdirekt',NULL,NULL,5,NULL,NULL,NULL,NULL,NULL),(25,'Espresso 2014',NULL,0,3,NULL,16,11,NULL,NULL),(27,'STIEBEL.CREATION - NACHLESUNGSVERZEICHNIS',10000,5,3,NULL,NULL,NULL,NULL,NULL),(28,'bigFM Saarbrücken',17000,0,2,NULL,NULL,14,NULL,NULL),(29,'Frizz - Marburg/Gießen',25000,4,3,NULL,NULL,NULL,NULL,NULL),(30,'Mailing',NULL,NULL,5,NULL,NULL,NULL,NULL,NULL),(31,'Schwetzinger Zeitung',15900,1,3,NULL,NULL,NULL,NULL,NULL),(32,'Funkhaus Aschaffenburg - Radio Primavera und Radio Galaxy',NULL,0,2,NULL,2,6,NULL,NULL),(33,'Frizz - Aschaffenburg',18000,4,3,NULL,NULL,NULL,NULL,NULL),(34,'Showtime Magazin GbR',NULL,4,3,NULL,NULL,NULL,NULL,NULL),(35,'Stadtleben - Aschaffenburg',NULL,NULL,1,NULL,NULL,NULL,NULL,NULL),(36,'BremenVier',77000,0,2,NULL,NULL,15,NULL,NULL),(37,'Prima Sonntag Aschaffenburg - Gesamtausgabe',147800,2,3,NULL,2,6,NULL,NULL),(38,'Marbuch Verlag GmbH - Magazin Express Marburg',12053,2,3,NULL,NULL,NULL,NULL,NULL),(39,'Kapriole - WTFG?! Semesterheft',8000,5,3,NULL,NULL,NULL,NULL,NULL),(40,'Sportvereinigung 07 Ludwigsburg e.V.',NULL,NULL,5,NULL,NULL,NULL,NULL,NULL),(41,'Rhein-Neckar Löwen  Supporterclub – Team',NULL,NULL,5,NULL,NULL,NULL,NULL,NULL),(42,'TV Touring',NULL,NULL,4,NULL,NULL,NULL,NULL,NULL),(43,'Gudd Gess',NULL,NULL,1,NULL,NULL,NULL,NULL,NULL),(44,'Bio Brotbox Mannheim',NULL,0,5,NULL,NULL,11,NULL,NULL),(45,'Ludwigsburger Wochenblatt',93200,2,3,NULL,NULL,NULL,NULL,NULL),(46,'DIE NEUE 107.7',66000,0,2,NULL,NULL,12,NULL,NULL),(47,'Hochzeitsmesse TRAUMHOCHZEIT Würzburg',NULL,0,5,NULL,NULL,NULL,NULL,NULL),(48,'beon-communications',NULL,NULL,5,NULL,NULL,NULL,NULL,NULL),(50,'City Move',20000,4,3,NULL,NULL,NULL,NULL,NULL),(51,'Culinaria Würzburg',NULL,NULL,1,NULL,NULL,NULL,NULL,NULL),(52,'tonight!-Verlag',NULL,3,3,NULL,NULL,NULL,NULL,NULL),(53,'TrauDich! Messe GmbH',NULL,0,5,NULL,NULL,NULL,NULL,NULL),(54,'Mannheim Studieren - Wegweiser 2015',8000,5,3,NULL,7,NULL,NULL,NULL),(55,'Frizz Würzburg',NULL,4,3,NULL,3,NULL,NULL,NULL),(56,'TischKultur... Essen und Wein',12500,6,3,NULL,NULL,NULL,NULL,NULL),(57,'LIFT - Das Stuttgartmagazin - Sonderheft WM-FIEBER 2014',30000,6,3,NULL,5,NULL,NULL,NULL),(58,'City-Guide 2014/2015 Mannheim',30000,5,3,NULL,9,11,115,185),(59,'Einkaufsführer 2014 - Stadtmarketing Würzburg',NULL,5,3,NULL,NULL,NULL,NULL,NULL),(60,'in Muenchen',NULL,3,3,NULL,NULL,13,NULL,NULL),(61,'Szene Magazin Würzburg',20000,4,3,NULL,NULL,NULL,NULL,NULL),(62,'BAMBOLINO',NULL,0,3,NULL,NULL,3,NULL,NULL),(64,'Ludwigsburger Parkierungsanlagen GmbH',NULL,0,5,NULL,NULL,NULL,NULL,NULL),(65,'Antenne Mainz',NULL,0,2,NULL,NULL,7,NULL,NULL),(66,'Campus Würzburg - Mainpost',NULL,6,3,NULL,12,1,NULL,NULL),(67,'WM-Guide by Frizz Würzurg',NULL,0,3,NULL,3,NULL,NULL,NULL),(68,'Stars and Stripes',6000,4,3,NULL,NULL,NULL,NULL,NULL),(69,'Höchste Zeit, Hochzeitsmagazin',15000,5,3,NULL,NULL,NULL,NULL,NULL),(70,'hitradio.rt1 augsburg GmbH - Spotproduktion',NULL,0,3,NULL,NULL,NULL,NULL,NULL),(71,'CHRISTIAN VERLAGS- UND MEDIENSERVICE',NULL,0,5,'Parkhaus',NULL,12,NULL,NULL),(72,'Lokale Zeitung - Hochheim / Flörsheim/Wiesbaden-Nordenstadt/Wiesbaden-Delkenheim',19000,6,3,NULL,NULL,NULL,NULL,NULL),(73,'Gießener Zeitung',128435,2,3,NULL,NULL,9,350,555),(74,'Gutscheinheft FHZV',1500,5,3,NULL,NULL,NULL,NULL,NULL),(75,'Kalender für die Erststemester Würzburg',8000,5,3,NULL,4,NULL,NULL,NULL),(76,'Ludwigsburger Kreiszeitung',41000,1,3,NULL,NULL,12,NULL,NULL),(77,'Wegweiser 2015 - Studieren in Mannheim',8000,5,3,NULL,NULL,NULL,NULL,NULL),(78,'Energy Stuttgart',29000,0,2,NULL,NULL,NULL,NULL,NULL),(79,'Stuttgarter Wochenblatt',NULL,2,3,NULL,NULL,NULL,NULL,NULL),(80,'Lift - Stadtmagazin Stuttgart',19000,4,3,NULL,5,NULL,NULL,NULL),(81,'Radio Gong Würzburg',32000,0,2,NULL,6,NULL,NULL,NULL),(82,'Charivari Würzburg',18000,0,2,NULL,6,1,NULL,NULL),(83,'Stuttgart geht aus',26000,5,3,NULL,5,NULL,NULL,NULL),(84,'Semester!NFO Mannheim',5000,6,3,NULL,8,NULL,NULL,NULL),(85,'BLV WOCHENZEITUNG',70000,2,3,NULL,NULL,15,282,420),(86,'PiMalErQuadrat Mainz',NULL,0,5,NULL,10,NULL,NULL,NULL),(87,'Stuz Mainz',21000,0,3,NULL,11,NULL,NULL,NULL),(88,'STUZ Wiesbaden',15000,0,3,NULL,11,NULL,NULL,NULL),(89,'Parkhaus Kinopolis',NULL,0,5,'Parkhaus',NULL,6,NULL,NULL),(90,'tz München',NULL,1,3,NULL,NULL,13,NULL,NULL),(91,'BremenInside',76200,4,3,NULL,13,15,210,297),(92,'Hallo Thüringen',81710,2,3,NULL,NULL,4,420,285),(93,'Thüringen Kulturspiegel',NULL,0,3,NULL,NULL,4,230,326),(94,'Werbeplanen',NULL,0,5,NULL,NULL,4,NULL,NULL),(95,'mir.) marketing im radio',NULL,0,2,NULL,NULL,4,NULL,NULL),(96,'PiMalErQuadrat Aschaffenburg',NULL,0,5,NULL,10,6,NULL,NULL),(97,'top shop',NULL,2,3,NULL,14,6,NULL,NULL),(98,'Gruppenreisekatalog',5000,5,3,NULL,15,7,NULL,NULL),(99,'Münchner Wochenanzeiger - Neuhausen',NULL,2,3,NULL,NULL,13,NULL,NULL),(100,'Hallo München',NULL,2,3,NULL,NULL,13,NULL,NULL),(101,'Jahrbuch der CHAOTE-CHEERLEADER',15000,5,3,NULL,NULL,7,NULL,NULL),(102,'Regiokart Mainz',NULL,0,5,NULL,NULL,7,NULL,NULL);
/*!40000 ALTER TABLE `Supplier` ENABLE KEYS */;
UNLOCK TABLES;

--
-- Table structure for table `SupplierContact`
--

DROP TABLE IF EXISTS `SupplierContact`;
/*!40101 SET @saved_cs_client     = @@character_set_client */;
/*!40101 SET character_set_client = utf8 */;
CREATE TABLE `SupplierContact` (
  `id` int(11) NOT NULL AUTO_INCREMENT,
  `supplier_id` int(11) DEFAULT NULL,
  `firsName` varchar(255) COLLATE utf8_unicode_ci DEFAULT NULL,
  `lastName` varchar(255) COLLATE utf8_unicode_ci DEFAULT NULL,
  `phone` varchar(255) COLLATE utf8_unicode_ci DEFAULT NULL,
  `mobile` varchar(255) COLLATE utf8_unicode_ci DEFAULT NULL,
  `email` varchar(255) COLLATE utf8_unicode_ci DEFAULT NULL,
  `role` varchar(255) COLLATE utf8_unicode_ci DEFAULT NULL,
  PRIMARY KEY (`id`),
  KEY `IDX_294BD46D2ADD6D8C` (`supplier_id`),
  CONSTRAINT `FK_294BD46D2ADD6D8C` FOREIGN KEY (`supplier_id`) REFERENCES `Supplier` (`id`) ON DELETE SET NULL
) ENGINE=InnoDB AUTO_INCREMENT=28 DEFAULT CHARSET=utf8 COLLATE=utf8_unicode_ci;
/*!40101 SET character_set_client = @saved_cs_client */;

--
-- Dumping data for table `SupplierContact`
--

LOCK TABLES `SupplierContact` WRITE;
/*!40000 ALTER TABLE `SupplierContact` DISABLE KEYS */;
INSERT INTO `SupplierContact` VALUES (5,10,'Gisela','Schubert','0931','017','info@info.de',NULL),(7,13,'Sean P.','Adams',NULL,'(0)172-6668135','adams.sean@stripes.com',NULL),(8,15,'Sara','Laier',NULL,NULL,'laier@rockland.de',NULL),(9,16,'Roland','Scharschmidt',NULL,'rscharschmidt@mamo.de',NULL,NULL),(10,19,'Andreas','Schmidt',NULL,NULL,'andreas.schmidt@stadtleben.de',NULL),(11,21,'Jeanette','Fleischmann',NULL,NULL,'verkaufsleitung1@sw-anzeiger.de',NULL),(12,31,'Heike','Sonn',NULL,NULL,'heike.sonn@schwetzinger-zeitung.de',NULL),(13,36,'Thomas','Werner',NULL,NULL,'werner@ndrb.de',NULL),(14,37,'Rudi','Schwind',NULL,NULL,'rudi.schwind@primanet.de',NULL),(15,38,'N.','Brinkmöller',NULL,NULL,'feedback@marbuch-verlag.de',NULL),(16,40,'Angelina','Hoeppner',NULL,NULL,'ah@think-pink.cc',NULL),(17,41,'Sinisa','Kek',NULL,NULL,'Sinisa.Kek@rhein-neckar-loewen.supporterclub.org',NULL),(18,45,'Volker Hildner','Hildner',NULL,NULL,'Volker.Hildner@luwo.de',NULL),(19,46,'Ralph','Schmid',NULL,NULL,'r.schmid@dieneue1077.de','Verkaufsleiter Region Ludwigsburg'),(20,54,'Hanspeter','Böhmer',NULL,NULL,'info@derplan-online.de',NULL),(21,60,'Renate','Kieninger',NULL,NULL,'renate.kieninger@in-muenchen.de',NULL),(22,56,'Susanna','Khoury',NULL,NULL,'kvv@kunstvoll-verlag.de',NULL),(23,65,'CHALINE','LÖRLER',NULL,NULL,'c.loerler@antenne-mainz.de',NULL),(24,66,'Anja','Dörr',NULL,NULL,'anja.doerr-junginger@mainpost.de',NULL),(25,68,'Sean','Adams',NULL,NULL,'adams.sean@stripes.com',NULL),(26,78,'Johannes','Kolb',NULL,'01739681638','j.kolb@energy.de',NULL),(27,84,'Kristina','Bittner',NULL,NULL,'kristina.bittner@cmc-verlag.de',NULL);
/*!40000 ALTER TABLE `SupplierContact` ENABLE KEYS */;
UNLOCK TABLES;

--
-- Table structure for table `SupplierGroup`
--

DROP TABLE IF EXISTS `SupplierGroup`;
/*!40101 SET @saved_cs_client     = @@character_set_client */;
/*!40101 SET character_set_client = utf8 */;
CREATE TABLE `SupplierGroup` (
  `id` int(11) NOT NULL AUTO_INCREMENT,
  `name` varchar(255) COLLATE utf8_unicode_ci DEFAULT NULL,
  PRIMARY KEY (`id`)
) ENGINE=InnoDB AUTO_INCREMENT=17 DEFAULT CHARSET=utf8 COLLATE=utf8_unicode_ci;
/*!40101 SET character_set_client = @saved_cs_client */;

--
-- Dumping data for table `SupplierGroup`
--

LOCK TABLES `SupplierGroup` WRITE;
/*!40000 ALTER TABLE `SupplierGroup` DISABLE KEYS */;
INSERT INTO `SupplierGroup` VALUES (1,'Stadtleben-Group'),(2,'Funkhaus Aschaffenburg'),(3,'Frizz Würzburg'),(4,'Studierendenvertretung der Uni-Würzburg'),(5,'Lift'),(6,'Funkhaus Würzburg'),(7,'BR Medienberatung'),(8,'CMC Medien- und Verlagsgesellschaft mbH'),(9,'Mannheimer Morgen Großdruckerei und Verlag GmbH vermarktet durch HAASMEDIA GmbH'),(10,'PiMalErQuadrat Werbeagentur GbR'),(11,'Turnus Media Verlag'),(12,'Mainpost'),(13,'Bremer Tageszeitungen AG'),(14,'Main-Echo GmbH & Co. KG'),(15,'mainzplus CITYMARKETING GmbH'),(16,'HMV höma Verlags GmbH & Co. KG');
/*!40000 ALTER TABLE `SupplierGroup` ENABLE KEYS */;
UNLOCK TABLES;

--
-- Table structure for table `SurveyResult`
--

DROP TABLE IF EXISTS `SurveyResult`;
/*!40101 SET @saved_cs_client     = @@character_set_client */;
/*!40101 SET character_set_client = utf8 */;
CREATE TABLE `SurveyResult` (
  `id` int(11) NOT NULL AUTO_INCREMENT,
  `customer_id` int(11) NOT NULL,
  `date` date DEFAULT NULL,
  `timeIn` varchar(255) COLLATE utf8_unicode_ci DEFAULT NULL,
  `timeOut` varchar(255) COLLATE utf8_unicode_ci DEFAULT NULL,
  `frequency` smallint(6) DEFAULT NULL,
  `welcome` smallint(6) DEFAULT NULL,
  `drinks` smallint(6) DEFAULT NULL,
  `drinksValue` smallint(6) DEFAULT NULL,
  `drinksWait` smallint(6) DEFAULT NULL,
  `food` smallint(6) DEFAULT NULL,
  `foodValue` smallint(6) DEFAULT NULL,
  `foodWait` smallint(6) DEFAULT NULL,
  `service` smallint(6) DEFAULT NULL,
  `music` smallint(6) DEFAULT NULL,
  `atmosphere` smallint(6) DEFAULT NULL,
  `happyHour` smallint(6) DEFAULT NULL,
  `enchiladaHour` smallint(6) DEFAULT NULL,
  `casinoMexicano` smallint(6) DEFAULT NULL,
  `ladiesNight` smallint(6) DEFAULT NULL,
  `overall` smallint(6) DEFAULT NULL,
  PRIMARY KEY (`id`),
  KEY `IDX_8ABF01799395C3F3` (`customer_id`),
  CONSTRAINT `FK_8ABF01799395C3F3` FOREIGN KEY (`customer_id`) REFERENCES `Customer` (`id`) ON DELETE CASCADE
) ENGINE=InnoDB AUTO_INCREMENT=180 DEFAULT CHARSET=utf8 COLLATE=utf8_unicode_ci;
/*!40101 SET character_set_client = @saved_cs_client */;

--
-- Dumping data for table `SurveyResult`
--

LOCK TABLES `SurveyResult` WRITE;
/*!40000 ALTER TABLE `SurveyResult` DISABLE KEYS */;
INSERT INTO `SurveyResult` VALUES (1,31,'2014-05-05','19:00','21:00',0,1,2,1,1,1,1,1,1,1,1,1,2,2,NULL,2),(2,31,'2014-05-05','19:00','21:30',1,1,2,0,1,2,1,1,1,1,1,1,1,2,NULL,2),(3,31,'2014-05-05','18:00','20:00',0,1,NULL,NULL,NULL,2,NULL,NULL,1,1,NULL,2,2,2,NULL,NULL),(4,31,'2014-05-05','19:00','20:00',1,1,NULL,NULL,NULL,2,1,1,1,1,1,2,2,2,NULL,NULL),(5,31,'2014-05-05','18:30','20:00',0,1,1,1,1,1,1,1,1,1,2,1,NULL,2,NULL,2),(6,31,'2014-05-05','18:30','19:30',1,1,2,1,1,1,1,1,1,1,1,1,2,1,NULL,1),(7,31,'2014-05-05','17:30','18:30',1,1,1,1,1,1,1,1,1,1,1,1,2,2,NULL,1),(8,34,'2014-05-05','21:15','22:00',0,1,NULL,1,1,1,1,1,1,1,1,2,2,2,NULL,2),(9,31,'2014-05-05','21.15','22.15',0,1,NULL,NULL,NULL,1,1,1,1,1,1,2,2,2,NULL,1),(10,31,'2014-03-17',NULL,NULL,0,1,NULL,NULL,NULL,1,1,1,1,1,1,1,2,2,NULL,NULL),(11,31,'2014-03-17','17.00','18.00',1,1,NULL,NULL,1,2,1,1,2,1,1,1,2,2,NULL,2),(12,31,'2014-03-09','19.00','19.45',1,1,NULL,NULL,NULL,2,1,1,2,1,1,1,2,2,NULL,2),(13,31,'2014-02-08','17:30','18:30',1,1,1,1,1,1,1,1,1,1,1,2,2,2,NULL,1),(14,31,'2014-02-08','18:00','19:15',1,1,1,1,1,2,1,1,1,1,1,1,1,1,NULL,2),(15,31,'2014-02-08','17:30','19:00',0,1,1,1,1,1,1,1,1,1,1,2,2,2,NULL,NULL),(16,31,'2014-02-08','19:00','19:45',1,1,NULL,1,1,1,1,1,2,1,1,1,1,1,NULL,NULL),(17,31,'2014-02-08','20:00','21:00',1,1,2,1,1,2,1,1,1,2,3,1,2,2,NULL,NULL),(18,31,'2014-02-09','18:30','21:30',1,1,1,1,1,1,1,1,1,1,1,1,1,1,NULL,1),(19,31,'2014-02-08','19:00','21:00',1,1,2,1,1,2,1,1,1,1,1,1,2,1,NULL,NULL),(20,31,'2014-02-08','18:30','22:15',1,1,1,1,1,1,1,1,1,1,2,2,1,2,NULL,1),(21,31,'2014-02-08','18:00','23:00',1,1,NULL,NULL,1,2,1,1,2,2,2,1,1,1,NULL,2),(22,31,'2014-02-08','18:00','22:30',1,1,2,1,1,2,1,1,2,2,2,1,2,1,NULL,2),(23,31,'2014-02-08','18:00','22:00',1,1,3,1,1,2,1,1,2,1,1,1,1,1,NULL,2),(24,31,'2014-02-08','19:45','23:30',0,1,1,1,1,1,1,1,1,2,1,2,2,2,NULL,2),(25,31,'2014-02-07','20:15','23:45',1,1,2,1,1,1,1,1,1,2,2,1,2,2,NULL,2),(26,31,'2014-02-07','23:00','0:00',1,1,2,1,1,NULL,NULL,NULL,2,1,1,1,2,2,NULL,2),(27,31,'2014-02-07','20:00','23:45',0,1,1,1,1,1,1,1,1,2,2,2,2,2,NULL,2),(28,31,'2014-02-24','19:00','19:45',1,1,2,1,1,1,1,1,2,1,1,1,2,1,NULL,1),(29,31,'2014-02-24','18:15','19:45',1,1,NULL,1,1,2,1,1,2,1,2,1,2,1,NULL,2),(30,31,'2014-02-24','18:30','20:00',1,3,1,1,1,1,1,1,1,1,1,1,2,2,NULL,1),(31,31,'2014-02-08','23:00','01:00',1,1,1,1,0,2,0,1,1,2,1,1,1,2,NULL,NULL),(32,31,'2014-02-09','18:00','20:00',0,1,NULL,NULL,NULL,1,1,1,2,1,2,2,2,2,NULL,2),(33,31,'2014-02-10','19:00','21:45',0,1,1,1,1,1,1,1,1,1,1,1,2,2,NULL,1),(34,31,'2014-02-09','17:45','18:30',1,1,NULL,NULL,1,1,1,1,1,2,2,1,2,1,NULL,NULL),(35,32,'2014-02-08','18:30','20:00',0,1,2,1,1,3,0,0,2,1,2,1,2,2,NULL,3),(36,31,'2014-02-06','17:00','18:00',1,1,1,1,1,1,1,1,1,1,1,1,1,1,NULL,1),(37,31,'2014-02-06','18:00','20:00',1,1,1,1,1,1,1,1,1,1,2,2,2,2,NULL,NULL),(38,31,'2014-02-06','18:30','20:45',0,1,1,1,1,2,1,0,1,1,2,2,2,2,NULL,2),(39,32,'2014-02-06','19:30','20:45',1,1,1,1,1,2,1,0,1,1,1,1,1,1,NULL,2),(40,31,'2014-02-07','19:00','22:00',0,1,1,1,1,1,1,1,2,1,1,1,NULL,1,NULL,2),(41,31,'2014-02-07','18:30','22:00',1,1,2,1,1,2,1,1,1,1,2,1,2,2,NULL,2),(42,31,'2014-02-08','17:00','18:30',0,1,NULL,NULL,NULL,2,1,1,1,2,1,2,2,2,NULL,NULL),(43,31,'2014-02-08','19:00','21:00',NULL,NULL,NULL,NULL,NULL,1,1,1,1,1,2,1,2,2,NULL,2),(44,31,'2014-02-08','19:00','21:00',1,1,1,1,1,2,1,1,1,1,2,1,1,2,NULL,2),(45,31,'2014-02-08','19:30','22:00',0,1,NULL,NULL,NULL,1,1,0,1,1,1,1,2,2,NULL,1),(46,31,'2014-01-10','20:30','22:00',1,1,2,1,1,2,1,NULL,2,2,2,1,2,1,NULL,2),(47,31,'2014-01-18','21:00','23:00',0,1,2,1,1,2,0,1,1,1,1,2,2,2,NULL,2),(48,31,'2014-01-10','20:30','22:00',2,1,2,1,1,1,1,1,2,1,1,2,2,2,NULL,2),(49,34,'2014-05-16','22:00','01:30',0,1,1,0,1,NULL,NULL,NULL,1,1,2,1,2,NULL,NULL,1),(50,34,'2014-05-16','18:00','19:15',2,1,1,1,1,1,1,1,2,1,NULL,1,2,NULL,NULL,2),(51,34,'2014-05-16','18:30',NULL,1,1,1,1,1,2,1,1,1,2,2,1,1,NULL,NULL,3),(52,34,'2014-05-13','21:15','23:15',1,3,NULL,NULL,NULL,2,0,1,3,1,2,1,1,NULL,NULL,NULL),(53,34,'2014-05-14','20:15',NULL,0,2,2,1,0,2,1,1,2,1,2,2,2,NULL,NULL,2),(54,34,'2014-05-14','18:00',NULL,2,2,2,1,0,3,0,1,2,0,3,1,1,NULL,NULL,3),(55,34,'2014-05-12','20.30','21.45',1,1,1,1,1,1,1,1,1,1,2,2,2,NULL,NULL,NULL),(56,34,'2014-05-12','18:00',NULL,1,1,1,1,1,2,0,1,2,1,2,NULL,NULL,NULL,NULL,2),(57,34,'2014-05-10','18:00',NULL,1,1,2,1,0,1,1,1,2,1,2,1,1,NULL,NULL,2),(58,34,'2014-05-10','21:30',NULL,0,1,2,0,0,1,1,1,2,0,1,2,2,NULL,NULL,2),(59,34,'2014-05-10','21:30',NULL,1,1,2,0,0,NULL,NULL,NULL,3,2,2,1,NULL,NULL,NULL,3),(60,34,'2014-05-10','18:00',NULL,1,1,1,1,1,NULL,NULL,NULL,1,1,1,1,2,NULL,NULL,NULL),(61,34,'2014-05-10','18.00','19:00',1,1,1,0,1,1,1,1,2,1,1,1,NULL,NULL,NULL,1),(62,34,'2014-05-11','18:00','19:00',1,NULL,NULL,NULL,NULL,1,1,1,2,2,1,1,1,NULL,NULL,NULL),(63,34,'2014-05-10','21.00','0.30',0,1,1,1,1,1,1,1,1,1,2,1,1,NULL,NULL,2),(64,34,'2014-05-10','19:30','23:00',1,1,1,0,1,2,1,1,2,2,2,1,2,NULL,NULL,2),(65,34,'2014-05-12','18:45',NULL,1,1,2,1,1,2,1,NULL,3,1,2,1,2,NULL,NULL,2),(66,34,'2014-05-12','18:00','20:30',1,1,2,1,1,2,1,1,1,1,2,1,1,NULL,NULL,NULL),(67,34,'2014-05-12','20:00','21:15',0,1,1,1,1,1,1,1,1,1,2,1,1,NULL,NULL,2),(68,34,'2014-05-12','18:00','21:00',1,1,1,1,1,2,1,1,2,0,2,1,2,NULL,NULL,2),(69,34,'2014-05-12','19:00',NULL,1,1,NULL,1,1,2,1,1,2,1,2,1,2,NULL,NULL,3),(70,34,'2014-05-13','18:00',NULL,1,1,1,1,1,1,0,1,1,1,1,1,1,NULL,NULL,2),(71,34,'2014-05-20','19:00','20:00',2,1,1,1,1,1,1,1,1,1,1,1,1,NULL,NULL,1),(72,34,'2014-05-17','23.45','2:00',1,1,1,1,1,NULL,NULL,NULL,2,1,1,1,1,NULL,NULL,NULL),(73,34,'2014-05-13','20:00','22:15',1,1,2,0,1,2,0,1,1,1,2,2,2,NULL,NULL,2),(74,34,'2014-05-14','18:00','20:00',1,1,2,1,1,2,0,1,2,0,1,1,1,NULL,NULL,2),(75,34,'2014-05-14','18:00','20:00',1,1,1,1,1,1,1,1,1,0,1,1,1,NULL,NULL,NULL),(76,34,'2014-05-13','18:30',NULL,1,1,1,1,1,3,1,1,1,1,2,1,1,NULL,NULL,NULL),(77,34,'2014-05-14','18:00','19:30',1,1,2,1,1,2,1,1,1,1,2,1,1,NULL,NULL,2),(78,34,'2014-05-17','0:45','2:00',1,1,1,1,1,NULL,NULL,NULL,1,1,2,1,1,NULL,NULL,2),(79,34,'2014-05-15','18:30','20:00',1,1,2,1,1,1,NULL,1,1,2,1,1,1,NULL,NULL,1),(80,34,'2014-05-12','20:15','22:00',1,1,NULL,NULL,NULL,1,1,1,1,1,1,2,2,NULL,NULL,2),(81,34,'2014-05-12','19:00','22:00',1,3,1,1,1,1,1,1,1,1,1,2,2,NULL,NULL,2),(82,34,'2014-05-20','19:0','22:00',0,1,2,1,1,1,1,1,1,1,1,1,2,NULL,NULL,2),(83,34,'2014-05-14','19:00',NULL,2,1,1,1,1,NULL,1,1,1,1,1,1,1,NULL,NULL,1),(84,34,'2014-05-16','18:00','20:00',2,1,1,1,1,1,1,1,1,1,1,2,2,NULL,NULL,1),(85,34,'2014-05-20','20:00','22:00',1,NULL,NULL,0,1,2,1,1,2,NULL,3,2,2,NULL,NULL,2),(86,34,'2014-05-14','22:30','0:00',1,1,2,1,1,NULL,NULL,NULL,2,1,1,1,1,NULL,NULL,2),(87,14,'2013-11-19','20:00',NULL,2,1,2,1,1,2,1,1,1,1,1,1,NULL,NULL,NULL,2),(88,14,'2013-11-15','22:00','0:30',0,1,2,1,1,1,1,1,1,2,2,2,NULL,NULL,NULL,2),(89,14,'2013-11-16','22:15',NULL,0,3,2,1,1,2,1,1,2,1,2,2,NULL,NULL,NULL,2),(90,14,'2013-11-16','19:00','21:30',0,1,NULL,1,1,1,1,1,1,1,2,1,NULL,NULL,NULL,2),(91,14,'2013-11-16','19:00','21:00',1,1,NULL,1,1,1,1,1,2,NULL,NULL,2,NULL,NULL,NULL,2),(92,14,'2013-11-16','19:00','22:00',0,3,1,0,1,1,1,1,1,1,1,NULL,NULL,NULL,NULL,2),(93,14,'2013-11-16','19:00','22:00',0,1,3,0,1,2,1,1,2,1,1,2,NULL,NULL,NULL,3),(94,14,'2013-11-09','19:45',NULL,1,1,2,1,0,2,0,0,3,0,2,2,NULL,NULL,NULL,4),(95,14,'2013-12-16','17:15','18:30',2,1,1,1,1,2,0,1,1,1,1,1,NULL,NULL,NULL,2),(96,14,'2013-11-16','20:30','0:00',NULL,1,1,1,1,2,1,0,2,1,1,1,NULL,NULL,NULL,2),(97,14,'2013-11-16','13:00','14:00',1,3,NULL,1,1,1,1,1,1,1,1,1,NULL,NULL,NULL,1),(98,14,'2013-11-10','19:00','20:00',2,1,1,1,1,1,1,1,1,0,1,1,NULL,NULL,NULL,1),(99,14,'2013-11-10','20:30','22:00',1,1,1,1,1,1,1,1,1,1,1,1,NULL,NULL,NULL,1),(100,14,'2013-11-10','19:00','20:30',1,1,1,1,1,1,1,1,1,0,2,1,NULL,NULL,NULL,2),(101,14,'2013-11-10','21:00','22:00',1,1,1,1,1,1,1,1,1,1,1,1,NULL,NULL,NULL,2),(102,14,'2013-11-10','20:00','21:30',2,1,2,1,0,1,1,1,1,1,1,1,NULL,NULL,NULL,2),(103,14,'2013-11-09','18:00','22:00',1,1,1,1,1,1,1,1,1,1,1,1,NULL,NULL,NULL,1),(104,14,'2013-11-09','18:00','19:30',1,NULL,NULL,1,1,1,1,1,1,2,2,2,NULL,NULL,NULL,2),(105,14,'2013-11-07','19:00','20:30',1,1,2,1,0,3,1,0,2,1,2,1,NULL,NULL,NULL,2),(106,14,'2013-11-08','20:00',NULL,0,3,2,1,1,3,1,1,3,0,2,1,NULL,NULL,NULL,2),(107,14,'2013-11-10','19:00','21:00',1,1,2,NULL,0,2,1,NULL,3,1,3,1,NULL,NULL,NULL,NULL),(108,14,'2013-11-08','20:00','23:30',2,1,1,1,1,2,1,1,1,0,1,1,NULL,NULL,NULL,1),(109,14,'2013-11-08','21:15',NULL,2,1,1,1,1,2,1,1,2,1,1,1,NULL,NULL,NULL,2),(110,14,'2013-11-08','19:00','21:00',1,1,1,0,1,1,1,1,1,0,1,1,NULL,NULL,NULL,1),(111,14,'2013-11-08','20:00','21:15',1,1,NULL,NULL,NULL,1,1,1,1,1,1,1,NULL,NULL,NULL,2),(112,14,'2013-11-10','22:00','0:00',1,1,2,1,1,2,1,1,1,1,1,2,NULL,NULL,NULL,1),(113,14,'2013-11-09','21:45',NULL,2,1,1,1,0,1,0,1,2,1,1,1,NULL,NULL,NULL,2),(114,14,'2013-11-09','20:30','23:00',1,1,2,1,0,1,1,1,2,1,2,1,NULL,NULL,NULL,2),(115,14,'2013-11-09','20:00','22:00',1,1,2,1,1,1,1,1,1,0,2,2,NULL,NULL,NULL,2),(116,14,'2013-11-09','19:00',NULL,2,1,NULL,1,1,1,1,0,1,0,1,1,NULL,NULL,NULL,2),(117,14,'2013-11-09','18:30',NULL,1,1,1,1,1,2,1,1,1,1,2,1,NULL,NULL,NULL,2),(118,14,'2013-11-15','19:15',NULL,1,1,1,1,1,1,1,1,1,1,1,1,NULL,NULL,NULL,1),(119,14,'2013-11-15','19:15',NULL,1,1,1,1,1,1,1,1,1,1,1,1,NULL,NULL,NULL,1),(120,14,'2013-11-15','21:00','23:15',1,1,3,0,1,NULL,NULL,NULL,2,1,2,2,NULL,NULL,NULL,3),(121,14,'2013-11-15','20:00','22:00',0,1,NULL,1,1,2,1,1,2,1,3,2,NULL,NULL,NULL,3),(122,14,'2013-11-15','21:30','23:00',2,1,1,0,1,2,0,1,3,0,2,1,NULL,NULL,NULL,2),(123,14,'2013-11-15','22:00','01:00',2,1,2,1,1,3,1,1,1,1,1,1,NULL,NULL,NULL,2),(124,14,'2013-11-15','23:30','01:00',2,1,1,1,1,2,1,1,2,2,2,1,NULL,NULL,NULL,2),(125,14,'2013-11-15','18:30','20:00',0,2,NULL,NULL,1,1,0,1,3,1,2,NULL,NULL,NULL,NULL,4),(126,14,'2013-11-08','19:30',NULL,1,1,3,0,1,2,0,1,2,1,2,2,NULL,NULL,NULL,3),(127,14,'2013-11-12','19:30','22:00',1,1,NULL,1,1,1,1,1,1,1,1,1,NULL,NULL,NULL,1),(128,14,'2013-11-12','23:00',NULL,0,1,1,1,NULL,1,NULL,NULL,1,0,2,1,NULL,NULL,NULL,1),(129,14,'2013-11-12','22:45','0:00',2,1,1,1,1,2,0,1,1,1,1,1,NULL,NULL,NULL,1),(130,25,'2014-05-16','22:00','01:30',0,1,1,0,1,NULL,NULL,NULL,1,1,2,1,2,NULL,NULL,1),(131,25,'2014-05-19',NULL,NULL,0,1,1,1,0,1,1,1,1,1,1,1,2,1,NULL,2),(132,25,'2014-05-19','19:45',NULL,1,1,1,1,1,3,1,1,2,1,1,2,2,1,NULL,2),(133,25,'2014-05-19','18:00','21:30',1,1,1,1,0,2,1,1,2,1,1,2,2,1,NULL,2),(134,25,'2014-05-19','19:00',NULL,0,1,2,1,0,3,0,1,2,1,NULL,1,2,1,NULL,3),(135,25,'2014-05-19','19:00',NULL,0,1,NULL,1,1,1,1,0,2,1,2,2,2,1,NULL,2),(136,25,'2014-05-19','19:45',NULL,1,1,2,1,1,3,0,1,2,1,2,2,2,1,NULL,2),(137,25,'2014-05-19','20:00',NULL,NULL,NULL,1,1,1,2,1,1,2,1,2,2,2,1,NULL,2),(138,25,'2014-05-19','18:00','21:30',0,1,1,1,0,2,1,1,2,1,1,1,2,1,NULL,2),(139,25,'2014-05-19','18:00','21:30',0,1,1,1,0,2,1,1,2,1,1,1,2,1,NULL,2),(140,25,'2014-05-28',NULL,NULL,0,1,2,1,0,3,NULL,0,3,2,2,1,1,1,NULL,3),(141,25,'2014-05-28','23:45','2:15',0,2,4,0,0,NULL,NULL,NULL,4,2,3,1,NULL,NULL,NULL,4),(142,25,'2014-05-26','20:00',NULL,1,1,1,NULL,1,2,0,1,1,2,1,1,1,1,NULL,2),(143,25,'2014-05-26','20:00','22:00',1,1,2,1,1,2,1,1,1,1,2,2,2,1,NULL,2),(144,25,'2014-05-28','17:00','18:30',1,1,NULL,1,1,2,1,1,1,1,1,1,2,2,NULL,2),(145,25,'2014-05-28','17:00','18:30',1,1,2,1,1,1,1,1,1,1,1,2,2,2,NULL,1),(146,25,'2014-05-28','17:00','18:15',0,1,1,1,1,1,1,1,1,1,1,2,2,2,NULL,1),(147,25,'2014-05-28','17:00','18:15',0,1,1,1,1,1,1,1,1,1,2,2,2,2,NULL,1),(148,25,'2014-05-28','17:15','18:15',0,1,NULL,NULL,1,1,1,1,1,1,1,2,2,2,NULL,1),(149,25,'2014-05-28','0:00','2:15',0,2,3,0,0,NULL,NULL,NULL,4,1,2,1,1,2,NULL,4),(150,25,'2014-05-21','18:00','20:00',1,3,1,1,1,2,1,1,1,0,1,1,1,1,NULL,2),(151,25,'2014-05-21','18:00','21:00',1,3,2,1,1,2,1,1,2,0,2,1,1,1,NULL,2),(152,25,'2014-05-21','18:00','20:00',0,1,1,1,1,2,1,1,1,1,1,2,2,2,NULL,2),(153,25,'2014-05-21','18:30','19:30',1,1,1,1,1,1,0,1,1,NULL,1,1,2,2,NULL,3),(154,25,'2014-05-21','18:30','19:45',0,1,1,1,1,1,1,1,1,1,2,2,2,1,NULL,1),(155,25,'2014-05-24','22:00',NULL,0,3,2,0,1,2,NULL,1,3,2,2,1,1,2,NULL,3),(156,25,'2014-05-24','22:15',NULL,1,1,2,1,1,2,1,1,2,2,2,1,1,1,NULL,2),(157,25,'2014-05-24','22:00','23:15',1,1,1,1,1,NULL,NULL,NULL,2,2,1,1,1,1,NULL,2),(158,25,'2014-05-24','20:00','21:00',0,1,1,0,1,2,0,1,2,1,1,2,2,2,NULL,2),(159,25,'2014-05-24','17:30','21:30',0,1,2,1,0,2,1,1,2,NULL,2,1,2,2,NULL,3),(160,25,'2014-05-24','19:00',NULL,0,2,1,1,1,1,1,1,1,1,2,1,1,1,NULL,2),(161,25,'2014-05-24','19:00','23:00',0,1,2,1,1,2,1,1,1,1,1,1,2,1,NULL,2),(162,25,'2014-05-23','21:00','23:00',NULL,1,NULL,NULL,NULL,NULL,0,1,3,1,1,NULL,NULL,NULL,NULL,4),(163,25,'2014-05-23','20:00','23:30',0,1,2,1,0,2,1,1,1,1,1,2,2,2,NULL,2),(164,25,'2014-05-23','20:30','0:00',0,1,1,1,1,1,1,1,1,1,1,2,2,2,NULL,1),(165,25,'2014-05-23','20:30','0:00',0,1,1,1,1,1,0,1,2,1,1,1,2,2,NULL,1),(166,25,'2014-05-23','20:00','21:45',1,1,1,1,0,2,1,0,2,0,2,1,1,1,NULL,2),(167,25,'2014-05-23','20:00',NULL,1,3,1,1,1,1,1,1,1,2,2,1,2,2,NULL,2),(168,25,'2014-05-23','20:00','22:00',0,3,1,1,1,1,1,1,1,2,3,2,2,2,NULL,2),(169,25,'2014-05-23','20:00','22:00',0,3,1,1,0,1,1,1,1,NULL,3,2,2,2,NULL,3),(170,25,'2014-05-23','19:45','22:00',1,3,1,1,1,2,1,1,2,0,3,1,2,2,NULL,3),(171,25,'2014-05-23','17:00','19:00',1,1,1,1,1,1,1,1,2,1,1,1,1,1,NULL,1),(172,25,'2014-05-23','17:00','18:30',1,1,1,1,1,1,1,1,1,1,1,1,2,1,NULL,2),(173,25,'2014-05-23','19:00','21:00',0,1,1,1,1,1,1,1,1,1,1,1,1,2,NULL,1),(174,25,'2014-05-23','20:00','21:45',1,1,1,1,1,1,1,1,1,0,1,1,2,1,NULL,2),(175,25,'2014-05-23','20:30',NULL,1,1,1,1,1,2,1,1,2,NULL,1,1,2,1,NULL,2),(176,25,'2014-05-22','17:15',NULL,0,1,1,1,1,1,1,1,1,1,2,2,2,2,NULL,2),(177,25,'2014-05-22','17:30','19:00',2,1,1,1,1,1,1,1,1,NULL,2,1,2,1,NULL,1),(178,10,'2014-05-22','20:00','22:00',0,1,NULL,0,1,2,0,1,2,1,2,2,2,2,NULL,3),(179,25,'2014-05-21','19:00','21:00',1,1,1,1,1,1,1,1,1,NULL,1,1,2,1,NULL,1);
/*!40000 ALTER TABLE `SurveyResult` ENABLE KEYS */;
UNLOCK TABLES;

--
-- Table structure for table `Task`
--

DROP TABLE IF EXISTS `Task`;
/*!40101 SET @saved_cs_client     = @@character_set_client */;
/*!40101 SET character_set_client = utf8 */;
CREATE TABLE `Task` (
  `id` int(11) NOT NULL AUTO_INCREMENT,
  `user_id` int(11) NOT NULL,
  `customer_id` int(11) DEFAULT NULL,
  `campaign_id` int(11) DEFAULT NULL,
  `description` longtext COLLATE utf8_unicode_ci,
  `dueDate` date DEFAULT NULL,
  `status` smallint(6) NOT NULL,
  `type` smallint(6) NOT NULL,
  `graphicsType` smallint(6) NOT NULL,
  `graphicsFormat` varchar(255) COLLATE utf8_unicode_ci DEFAULT NULL,
  `graphicsCirculation` int(11) DEFAULT NULL,
  `complaint_id` int(11) DEFAULT NULL,
  `pressrelease_id` int(11) DEFAULT NULL,
  `approvement_sender_id` int(11) DEFAULT NULL,
  `approved_by_id` int(11) DEFAULT NULL,
  `approvalMailSent` tinyint(1) NOT NULL,
  `approved` tinyint(1) NOT NULL,
  `approvedAt` datetime DEFAULT NULL,
  `internalApprovalMailSent` tinyint(1) NOT NULL,
  `orderReference` varchar(255) COLLATE utf8_unicode_ci DEFAULT NULL,
  `printSpeed` smallint(6) DEFAULT NULL,
  `newDesign` tinyint(1) NOT NULL,
  `expedited` tinyint(1) NOT NULL,
  `deliveryAddress` longtext COLLATE utf8_unicode_ci,
  `paymentMethod` smallint(6) DEFAULT NULL,
  `internal_approvement_sender_id` int(11) DEFAULT NULL,
  `duplicate_of` int(11) DEFAULT NULL,
  PRIMARY KEY (`id`),
  KEY `IDX_F24C741BA76ED395` (`user_id`),
  KEY `IDX_F24C741B9395C3F3` (`customer_id`),
  KEY `IDX_F24C741BF639F774` (`campaign_id`),
  KEY `IDX_F24C741BEDAE188E` (`complaint_id`),
  KEY `IDX_F24C741BAFE6BA13` (`pressrelease_id`),
  KEY `IDX_F24C741B713F1C19` (`approvement_sender_id`),
  KEY `IDX_F24C741B2D234F6A` (`approved_by_id`),
  KEY `IDX_F24C741B5C11E5B9` (`internal_approvement_sender_id`),
  KEY `IDX_F24C741B4463220` (`duplicate_of`),
  CONSTRAINT `FK_F24C741B2D234F6A` FOREIGN KEY (`approved_by_id`) REFERENCES `User` (`id`) ON DELETE SET NULL,
  CONSTRAINT `FK_F24C741B4463220` FOREIGN KEY (`duplicate_of`) REFERENCES `Task` (`id`) ON DELETE SET NULL,
  CONSTRAINT `FK_F24C741B5C11E5B9` FOREIGN KEY (`internal_approvement_sender_id`) REFERENCES `User` (`id`) ON DELETE SET NULL,
  CONSTRAINT `FK_F24C741B713F1C19` FOREIGN KEY (`approvement_sender_id`) REFERENCES `User` (`id`) ON DELETE SET NULL,
  CONSTRAINT `FK_F24C741B9395C3F3` FOREIGN KEY (`customer_id`) REFERENCES `Customer` (`id`) ON DELETE SET NULL,
  CONSTRAINT `FK_F24C741BA76ED395` FOREIGN KEY (`user_id`) REFERENCES `User` (`id`) ON DELETE CASCADE,
  CONSTRAINT `FK_F24C741BAFE6BA13` FOREIGN KEY (`pressrelease_id`) REFERENCES `PressRelease` (`id`) ON DELETE SET NULL,
  CONSTRAINT `FK_F24C741BEDAE188E` FOREIGN KEY (`complaint_id`) REFERENCES `Complaint` (`id`) ON DELETE SET NULL,
  CONSTRAINT `FK_F24C741BF639F774` FOREIGN KEY (`campaign_id`) REFERENCES `Campaign` (`id`) ON DELETE SET NULL
) ENGINE=InnoDB AUTO_INCREMENT=208 DEFAULT CHARSET=utf8 COLLATE=utf8_unicode_ci;
/*!40101 SET character_set_client = @saved_cs_client */;

--
-- Dumping data for table `Task`
--

LOCK TABLES `Task` WRITE;
/*!40000 ALTER TABLE `Task` DISABLE KEYS */;
INSERT INTO `Task` VALUES (1,8,95,NULL,'Biergarten-Eröffnung anlegen in Facebook und Internetseite','2014-04-20',703,0,0,NULL,0,NULL,NULL,NULL,NULL,0,0,NULL,0,NULL,0,0,0,NULL,NULL,NULL,NULL),(4,11,95,NULL,'Test-Einzelkonzept','2014-05-01',703,0,0,NULL,0,NULL,NULL,NULL,NULL,0,0,NULL,0,NULL,0,0,0,NULL,NULL,NULL,NULL),(7,11,14,NULL,'Besprechen im Termin:\r\nKinderecke XXL\r\n\r\nSommer-Sonne-Promo mit Terrassen-Eröffnung\r\nmit Sommerdrinks für 2 Euro (Thorsten wegen Freiware)\r\n- Spontan eventl. mit Facebook-Werbung\r\n\r\nWM\r\n- via Fernseher\r\n\r\nMittagstisch-Mailing\r\nnächstes Mailing Anfang Mai 2015 - mit 5 Gutscheinen und Flyer von den Pastavariationen\r\ngutes Feedback, mehr gutschein - gültig bis 30.06.2014 !!! (Lässt Jens von MA eintragen)\r\n\r\nspäter:\r\nPicknickset to rent (Decke, Snack, Flasche Sekt) (Zeit&Raum,Nürnberg)\r\n\r\nVatertag, 29. Mai 2014 - zu jedem Bier erhalten unsere Väter einen Obstler dazu\r\nMuttertag, 11. Mai 2014 - Prosecco für 1,90 Euro für Mütter\r\n\r\nCocktail-Casino\r\neventl. ab September (Bewerbung mit Campus-Tüte, und Campus-Party)\r\n\r\nNovember-Werbeaktion - nicht aber 15 Tage - 15 Euro','2014-05-06',703,0,0,NULL,0,NULL,NULL,NULL,NULL,0,0,NULL,0,NULL,NULL,0,0,NULL,NULL,NULL,NULL),(8,11,37,NULL,'Fotograph finden:\r\nFotos wären an folgenden Tage gewünscht:\r\n\r\nFreitag, 20. Juni 2014 = Eröffnung\r\nSamstag, 21. Juni 2014 = Fußballparty\r\nDienstag, 24. Juni 2014 = Tim Toupet\r\nFreitag, 27. Juni 2014 = Trixi und die Partylöwen\r\nSamstag, 28. Juni 2014 = Die Partyvögel','2015-05-15',702,0,0,NULL,0,NULL,NULL,NULL,NULL,0,0,NULL,0,NULL,0,0,0,NULL,NULL,NULL,NULL),(9,8,37,NULL,'Hallo ...\r\n\r\nbitte alle Pressetexte vorbereiten und freigaben lassen. Ich sende dir den Presseverteiler fuer Schweinfurt morgen zu.\r\n\r\nBitte posting einleiten, Veranstaltungen anlegen.\r\n\r\nDanke!\r\n\r\n\r\nMit freundlichen Grüßen\r\n \r\nMarkus Sieber\r\n \r\nbeon-communications\r\nPostfach 52 44\r\n97002 Würzburg\r\nmarkus.sieber@beon-communications.de\r\n \r\nM 0176/96244951\r\n \r\nVisit us - www.beon-communications.de\r\nLike us - www.facebook.com/beoncommunications\r\n________________________________________\r\nVon: Theresa Pröschel <proeschel@hahnzelt.de>\r\nGesendet: Montag, 28. April 2014 13:26\r\nAn: Markus Sieber | beon-communications\r\nBetreff: Infos Schweinfurt \r\n \r\nHallo Herr Sieber,\r\n \r\nanbei sende ich Ihnen vorab das Programm sowie unseren Flyer zu den WM Spielen.\r\n \r\nFotos wären an folgenden Tage gewünscht:\r\n \r\nFreitag, 20. Juni 2014 = Eröffnung\r\nSamstag, 21. Juni 2014 = Fußballparty\r\nDienstag, 24. Juni 2014 = Tim Toupet\r\nFreitag, 27. Juni 2014 = Trixi und die Partylöwen\r\nSamstag, 28. Juni 2014 = Die Partyvögel\r\n \r\nPressemeldungen wären für folgende Tage wichtig, bitte hier Redaktionsschluss der Medien beachten:\r\n \r\n- Fußballparty - generell hier alle 3 Tage in einer Pressemeldung zusammenfassen\r\n- Donnerstag, 26. Juni 2014 = Haxentag im Hahn-Zelt! Haxe, Bier und Fußball = Super Fantag!!! Was will man mehr? ;-) Die Haxe ist super knusprig und zart gebraten. Sehr reichliche Portion!\r\n- Mittwoch, 25. Juni = Unser Familiennachmittag mit Sonderpreisen und Zaubernesto. Er verteilt kostenlos wunderbare Ballontiere! Er zaubert schnell tolle Tiere und Gegenstände aus Luftballons.\r\n- Tanzparty mit Tanzschule Pelzer!\r\n \r\nKönnen wir dies so eintakten?\r\n \r\nmit herzlichen Grüßen\r\n \r\nTheresa Pröschel\r\nProjektorganisation\r\n \r\nHahn Zelte GmbH\r\nWeinmarkt 9\r\n91438 Bad Windsheim\r\n \r\nTelefon + 49  9841 4017 - 20 l Fax + 49  9841 4017 - 17\r\nWeb: www.hahnzelt.de\r\n \r\n  \r\n  Herz .  Gaudi .  Schmankerl .  Musik\r\n \r\nDer Inhalt dieser Nachricht stammt von der Hahn Zelte GmbH und ist streng vertraulich zu behandeln. Die Informationen sind für den oben genannten Empfänger bestimmt. \r\nSollten Sie nicht der beabsichtigte Empfänger sein und diese Nachricht irrtümlich erhalten haben, löschen Sie diese und auch die damit mitgeführten Dokumente unverzüglich. \r\nEine Benutzung, Vermehrung oder Verbreitung der Inhalte dieser Nachricht ist strengstens verboten.\r\n \r\nSitz der Gesellschaft: Bad Windsheim - Handelsregister Fürth HRB 8862 - Steuernummer: 203/140/40385 - Geschäftsführer: Michael Hahn','2014-06-01',703,0,0,NULL,0,NULL,NULL,NULL,NULL,0,0,NULL,0,NULL,NULL,0,0,NULL,NULL,NULL,NULL),(10,13,22,NULL,'WEB-Flyer Magarita of the Week\r\n\r\n05.05.2014	Pineapple-Cocos-Margarita\r\n12.05.2014	Strawberry-Chili-Margarita\r\n19.05.2014	Pear-Cinnamon-Margarita\r\n26.05.2014	Raspberry-Margarita\r\n02.06.2014	Blueberry-Vanilla-Margarita\r\n09.06.2014	Tropical-Margarita\r\n16.06.2014	Banana-Apple-Margarita\r\n23.06.2014	Deep-Blue-Sea-Margarita\r\n30.06.2014	Strawberry-Banana-Margarita\r\n07.07.2014	Melon-Margarita','2014-05-04',703,0,0,NULL,0,NULL,NULL,NULL,NULL,0,0,NULL,0,NULL,0,0,0,NULL,NULL,NULL,NULL),(11,11,24,NULL,'Radiospot The Big Easy Mainz\r\nFood + Cocktail - Spotkonzept machen','2014-07-20',701,0,0,NULL,0,NULL,NULL,NULL,NULL,0,0,NULL,0,NULL,NULL,0,0,NULL,NULL,NULL,NULL),(12,11,16,NULL,'Mama Mia-Spot muss produziert werden, 4 x Montags dann auf Rockland\r\n\r\nhttps://soundcloud.com/apostobamberg/','2014-05-01',701,0,0,NULL,0,NULL,NULL,NULL,NULL,0,0,NULL,0,NULL,0,0,0,NULL,NULL,NULL,NULL),(13,11,33,NULL,'Hochzeitsmesse im Haus - Konzept','2014-04-30',702,0,0,NULL,0,NULL,NULL,NULL,NULL,0,0,NULL,0,NULL,0,0,0,NULL,NULL,NULL,NULL),(14,13,22,NULL,'CC-Fähnchen-Check-IN 5.000 Stück,  beauftragt 10.04.14','2014-05-01',703,1,0,NULL,0,NULL,NULL,NULL,NULL,0,0,NULL,0,NULL,0,0,0,NULL,NULL,NULL,NULL),(15,13,22,NULL,'Check-IN-Plakate 10 Stück,  beauftragt 10.04.14','2014-05-01',703,0,0,NULL,0,NULL,NULL,NULL,NULL,0,0,NULL,0,NULL,0,0,0,NULL,NULL,NULL,NULL),(16,11,22,NULL,'Banner oben - Abmessungen, warten auf Infos von Erkan','2014-05-01',701,0,0,NULL,0,NULL,NULL,NULL,NULL,0,0,NULL,0,NULL,0,0,0,NULL,NULL,NULL,NULL),(17,11,22,NULL,'Tequila-Tischsets - warten auf Feedback von Erkan','2014-06-01',704,0,0,NULL,0,NULL,NULL,NULL,NULL,0,0,NULL,0,NULL,NULL,0,0,NULL,NULL,NULL,NULL),(18,11,22,NULL,'Schwimmbad Opelbad\r\nGerillia-Aktion - Wasserbälle werden verteilt - Termin im Mai bei bestem Wetter\r\nPreise für 500 Stück? (Raf wegen Preise)\r\n\r\nSonnenbrillen rote 500 Stück','2014-05-10',703,0,0,NULL,0,NULL,NULL,NULL,NULL,0,0,NULL,0,NULL,0,0,0,NULL,NULL,NULL,NULL),(19,13,22,16,'Image-Anzeige mit free Chips Stars & Stripes','2014-05-10',703,0,0,NULL,0,NULL,NULL,NULL,NULL,0,0,NULL,0,NULL,0,0,0,NULL,NULL,NULL,NULL),(20,11,16,NULL,'WM-Kooperation\r\nRockland\r\nAntenne Mainz','2014-05-10',702,0,0,NULL,0,NULL,NULL,NULL,NULL,0,0,NULL,0,NULL,0,0,0,NULL,NULL,NULL,NULL),(21,8,16,NULL,'Weltkinderspartag banken ansprechen','2014-05-10',701,0,0,NULL,0,NULL,NULL,NULL,NULL,0,0,NULL,0,NULL,0,0,0,NULL,NULL,NULL,NULL),(22,11,NULL,44,'Anzeige Enchilada Sommerfest','2014-05-05',703,0,0,NULL,0,NULL,NULL,NULL,NULL,0,0,NULL,0,NULL,0,0,0,NULL,NULL,NULL,NULL),(23,11,25,42,'Anzeige Enchilada Sommerfest','2014-05-05',703,0,0,NULL,0,NULL,NULL,NULL,NULL,0,0,NULL,0,NULL,0,0,0,NULL,NULL,NULL,NULL),(25,13,NULL,102,'Anzeige Format 1spaltig x 30mm (52 mm breit x 30 mm hoch)','2014-06-01',702,0,0,NULL,0,NULL,NULL,NULL,NULL,0,0,NULL,0,NULL,0,0,0,NULL,NULL,NULL,NULL),(26,13,NULL,103,'Anzeige Format 1spaltig x 30mm (52 mm breit x 30 mm hoch)','2014-06-01',702,0,0,NULL,0,NULL,NULL,NULL,NULL,0,0,NULL,0,NULL,0,0,0,NULL,NULL,NULL,NULL),(27,13,NULL,104,'Anzeige Format 1spaltig x 30mm (52 mm breit x 30 mm hoch)','2014-06-01',702,0,0,NULL,0,NULL,NULL,NULL,NULL,0,0,NULL,0,NULL,0,0,0,NULL,NULL,NULL,NULL),(28,8,96,NULL,'Einpflege EMAT \r\n\r\nMonday	test\r\nTuesday	\r\nWednesday	\r\nThursday	\r\nFriday	\r\nSaturday	\r\nSunday	\r\nHoliday	\r\nDaily	\r\nIrregular	\r\nPosting info','2014-05-07',703,0,0,NULL,0,NULL,NULL,NULL,NULL,0,0,NULL,0,NULL,0,0,0,NULL,NULL,NULL,NULL),(29,8,25,NULL,'Pressetexte erstellen\r\n\r\nEnchilada Sommerfest Aschaffenburg\r\nPfingstsonntag, ab 15 Uhr\r\nAußenbar mit Sommer-Caipis für 3,90 Euro\r\nHüpfburg für Kinder, Kinderschminken, Pool, Luftballons\r\nKontakt zu Grill mailen wegen Abholung (Adresse, Datum, Uhrzeit)\r\nGrill: Steaks. Spareribs, Bratwurst, Beilagen','2014-05-07',703,0,0,NULL,0,NULL,NULL,NULL,NULL,0,0,NULL,0,NULL,0,0,0,NULL,NULL,NULL,NULL),(30,11,25,NULL,'ZDF-Bild finden','2014-05-08',703,0,0,NULL,0,NULL,NULL,NULL,NULL,0,0,NULL,0,NULL,0,0,0,NULL,NULL,NULL,NULL),(31,11,NULL,40,'Radio-Werbung auf 2 Jahre strecken','2014-05-07',703,0,0,NULL,0,NULL,NULL,NULL,NULL,0,0,NULL,0,NULL,NULL,0,0,NULL,NULL,NULL,NULL),(32,11,25,NULL,'Facebook-Werbung schalten - 100 Euro','2014-05-05',702,0,0,NULL,0,NULL,NULL,NULL,NULL,0,0,NULL,0,NULL,0,0,0,NULL,NULL,NULL,NULL),(33,13,25,NULL,'Cocktail-Casino-Fähnchen, 5.000 Stück','2014-05-10',703,0,0,NULL,0,NULL,NULL,NULL,NULL,0,0,NULL,0,NULL,0,0,0,NULL,NULL,NULL,NULL),(34,11,25,NULL,'Luftballonbaum','2014-05-10',703,0,0,NULL,0,NULL,NULL,NULL,NULL,0,0,NULL,0,NULL,0,0,0,NULL,NULL,NULL,NULL),(35,13,25,NULL,'Magarita of the Week - Aufsteller','2014-05-10',703,0,0,NULL,0,NULL,NULL,NULL,NULL,0,0,NULL,0,NULL,0,0,0,NULL,NULL,NULL,NULL),(36,8,24,NULL,'HAINZ FÜR MAINZ Fragebogen ausfüllen','2014-05-10',703,0,0,NULL,0,NULL,NULL,NULL,NULL,0,0,NULL,0,NULL,0,0,0,NULL,NULL,NULL,NULL),(37,8,NULL,NULL,'Mustertexte Posting Facebook google-drive ausfüllen','2014-06-01',701,0,0,NULL,0,NULL,NULL,NULL,NULL,0,0,NULL,0,NULL,0,0,0,NULL,NULL,NULL,NULL),(38,13,25,NULL,'Pyramide Enchilada Aschaffenburg\r\n\r\n- Cocktail Casino\r\n- Kino&Cockail\r\n- HH&EH','2014-05-11',703,0,0,NULL,0,NULL,NULL,NULL,NULL,0,0,NULL,0,NULL,0,0,0,NULL,NULL,NULL,NULL),(39,11,120,NULL,'10 Jahre Enchilada Würzburg','2014-05-14',701,0,0,NULL,0,NULL,NULL,NULL,NULL,0,0,NULL,0,NULL,NULL,0,0,NULL,NULL,NULL,NULL),(40,13,21,NULL,'Reisebüro-Kooperation machen\r\nTickets erstellen','2014-05-11',703,0,0,NULL,0,NULL,NULL,NULL,NULL,0,0,NULL,0,NULL,0,0,0,NULL,NULL,NULL,NULL),(41,13,102,NULL,'15-Tage 15 Euro - Enchilada Gießen - Klappflyer 5.000 und 10 Banner-Plkate','2014-05-11',703,0,0,NULL,0,NULL,NULL,NULL,NULL,0,0,NULL,0,NULL,0,0,0,NULL,NULL,NULL,NULL),(42,13,21,NULL,'Shot-Gutscheine 5.000 Stück','2014-05-11',703,1,0,NULL,0,NULL,NULL,NULL,NULL,0,0,NULL,0,NULL,0,0,0,NULL,NULL,NULL,NULL),(43,13,21,NULL,'EH-Flyer','2014-05-11',705,1,0,'DINlang',5000,NULL,NULL,NULL,NULL,0,1,NULL,0,NULL,NULL,0,0,NULL,NULL,NULL,NULL),(44,13,21,NULL,'Fajita-Tag – A6 5.000 \r\nBanner – 5','2014-05-11',703,0,0,NULL,0,NULL,NULL,NULL,NULL,0,0,NULL,0,NULL,0,0,0,NULL,NULL,NULL,NULL),(45,13,21,NULL,'Cocktail Casino – A6 5.000\r\nBanner – 5\r\nDIN A3 - 100','2014-05-11',703,0,0,NULL,0,NULL,NULL,NULL,NULL,0,0,NULL,0,NULL,0,0,0,NULL,NULL,NULL,NULL),(46,13,21,NULL,'Ladies Night A6 5.000','2014-05-11',703,0,0,NULL,0,NULL,NULL,NULL,NULL,0,0,NULL,0,NULL,0,0,0,NULL,NULL,NULL,NULL),(47,13,21,NULL,'Ladies Night A6 5.000','2014-05-11',703,0,0,NULL,0,NULL,NULL,NULL,NULL,0,0,NULL,0,NULL,0,0,0,NULL,NULL,NULL,NULL),(48,13,21,NULL,'Veranstaltungsraum A6-Flyer','2014-05-11',702,1,0,NULL,0,NULL,NULL,13,NULL,0,0,NULL,1,NULL,0,0,0,NULL,NULL,NULL,NULL),(49,13,29,NULL,'Gutschein 2. Chance Mannheim','2014-05-10',703,0,0,NULL,0,NULL,NULL,NULL,NULL,0,0,NULL,0,NULL,0,0,0,NULL,NULL,NULL,NULL),(50,13,20,NULL,'Sommerfest sowie die Rückseite mit den Aktionen','2014-05-10',703,0,0,NULL,0,NULL,NULL,NULL,NULL,0,0,NULL,0,NULL,0,0,0,NULL,NULL,NULL,NULL),(51,13,25,NULL,'EH-Flyer','2014-05-10',703,0,0,NULL,0,NULL,NULL,NULL,NULL,0,0,NULL,0,NULL,0,0,0,NULL,NULL,NULL,NULL),(52,13,25,NULL,'Flyer und Plakat Sommerfest\r\nTel. 13.05. gehen in den Druck','2014-05-10',703,0,0,NULL,0,NULL,NULL,NULL,NULL,0,0,NULL,0,NULL,0,0,0,NULL,NULL,NULL,NULL),(53,11,32,NULL,'Kollektiv Mainpost zur Eröffnung','2014-05-15',702,0,0,NULL,0,NULL,NULL,NULL,NULL,0,0,NULL,0,NULL,0,0,0,NULL,NULL,NULL,NULL),(54,11,38,NULL,'keine Speisekarten bzw Getränkekarte auf Besitos Würzburg.de','2014-05-15',703,0,0,NULL,0,NULL,NULL,NULL,NULL,0,0,NULL,0,NULL,0,0,0,NULL,NULL,NULL,NULL),(55,11,28,NULL,'Ladies Night\r\nab 07. Januar 2015\r\njeden Mittwoch\r\n\r\nHH all night long\r\n\r\nPromo wie?','2014-07-01',701,0,0,NULL,0,NULL,NULL,NULL,NULL,0,0,NULL,0,NULL,0,0,0,NULL,NULL,NULL,NULL),(56,13,28,NULL,'Gambas-Fähnchen','2014-05-12',703,0,0,NULL,0,NULL,NULL,NULL,NULL,0,0,NULL,0,NULL,0,0,0,NULL,NULL,NULL,NULL),(57,11,28,NULL,'EH-Flyer\r\nkommt Feedback von Katja - noch nicht ins Design gegeben','2014-05-15',701,0,0,NULL,0,NULL,NULL,NULL,NULL,0,0,NULL,0,NULL,0,0,0,NULL,NULL,NULL,NULL),(58,8,39,NULL,'Pressemitteilung erstellen für Thorsten im Enchilada Mannheim - Infos folgen','2014-05-09',703,0,0,NULL,0,NULL,NULL,NULL,NULL,0,0,NULL,0,NULL,0,0,0,NULL,NULL,NULL,NULL),(59,11,104,NULL,'Cocktail Casino ab 07.10.2014\r\n- Flyer\r\n- Banner\r\n- 2. Change\r\n\r\nEventuell Würfel für Promotion','2014-06-01',701,1,0,NULL,0,NULL,NULL,NULL,NULL,0,0,NULL,0,NULL,0,0,0,NULL,NULL,NULL,NULL),(60,11,29,NULL,'Veranstaltungsraum Mailing machen\r\n1. Schwung verschickt, 13.05.2014','2014-05-31',702,0,0,NULL,0,NULL,NULL,NULL,NULL,0,0,NULL,0,NULL,0,0,0,NULL,NULL,NULL,NULL),(61,11,25,NULL,'Kalkulation der Kosten für Sommerfest\r\nDruck, Design, Anzeigen','2014-05-09',703,0,0,NULL,0,NULL,NULL,NULL,NULL,0,0,NULL,0,NULL,0,0,0,NULL,NULL,NULL,NULL),(62,13,NULL,122,'Anzeige Image 261mm x 175 mm','2014-05-09',703,0,0,NULL,0,NULL,NULL,NULL,NULL,0,0,NULL,0,NULL,0,0,0,NULL,NULL,NULL,NULL),(63,8,10,NULL,'PM WM im Kranen erstellen','2014-05-20',701,0,0,NULL,0,NULL,NULL,NULL,NULL,0,0,NULL,0,NULL,0,0,0,NULL,NULL,NULL,NULL),(64,13,35,NULL,'Aufkleber Bauzaunbanner','2014-05-12',703,0,0,NULL,0,NULL,NULL,NULL,NULL,0,0,NULL,0,NULL,0,0,0,NULL,NULL,NULL,NULL),(65,13,29,NULL,'Fotopic-Flyer\r\nEnchilada Mannheim\r\n5.000 Auflage','2014-05-20',703,0,0,NULL,0,NULL,NULL,NULL,NULL,0,0,NULL,0,NULL,0,0,0,NULL,NULL,NULL,NULL),(66,13,29,NULL,'Imageflyer A6 Enchilada Mannheim allgemein\r\n5000 Stück','2014-05-20',703,1,0,NULL,0,NULL,NULL,NULL,NULL,0,0,NULL,0,NULL,0,0,0,NULL,NULL,NULL,NULL),(67,8,25,NULL,'Sommerfest bitte auf Facebook am Dienstag anlegen','2014-05-13',703,0,0,NULL,0,NULL,NULL,NULL,NULL,0,0,NULL,0,NULL,0,0,0,NULL,NULL,NULL,NULL),(68,13,10,11,'Soßen-Anzeige für Wob','2014-05-12',703,0,0,NULL,0,NULL,NULL,NULL,NULL,0,0,NULL,0,NULL,0,0,0,NULL,NULL,NULL,NULL),(69,13,30,NULL,'WM-Anzeige Enchilada Marburg/Gießen','2014-05-15',703,0,0,NULL,0,NULL,NULL,NULL,NULL,0,0,NULL,0,NULL,0,0,0,NULL,NULL,NULL,NULL),(70,13,21,NULL,'Night-Lounge-Plakate 100, A3','2014-05-15',703,0,0,NULL,0,NULL,NULL,NULL,NULL,0,0,NULL,0,NULL,0,0,0,NULL,NULL,NULL,NULL),(71,11,NULL,125,'Facebook-Werbung schalten\r\nWerbung geschaltet','2014-06-03',703,0,0,NULL,0,NULL,NULL,NULL,NULL,0,0,NULL,0,NULL,0,0,0,NULL,NULL,NULL,NULL),(72,13,106,NULL,'Magarita of the Week - Aufsteller','2014-05-16',703,1,1006,NULL,1000,NULL,NULL,NULL,NULL,0,1,NULL,0,NULL,0,0,0,NULL,NULL,NULL,NULL),(73,13,21,NULL,'Hotelfolder mit Chips y Dips-Gutschein - 2.500 Stück','2014-05-20',702,0,0,NULL,0,NULL,NULL,NULL,NULL,0,0,NULL,0,NULL,0,0,0,NULL,NULL,NULL,NULL),(74,13,21,NULL,'Shot-Flyer, DINlang – 5.000 Stück','2014-05-20',703,0,0,NULL,0,NULL,NULL,NULL,NULL,0,0,NULL,0,NULL,0,0,0,NULL,NULL,NULL,NULL),(75,11,30,NULL,'Nutzer blockiert auf Facebook','2014-05-12',703,0,0,NULL,0,NULL,NULL,NULL,NULL,0,0,NULL,0,NULL,0,0,0,NULL,NULL,NULL,NULL),(76,13,32,NULL,'Cocktail-Gutschein Enchilada Würzburg, gültig bis Feld, nicht für Jumbos','2014-05-14',703,0,0,NULL,0,NULL,NULL,NULL,NULL,0,0,NULL,0,NULL,0,0,0,NULL,NULL,NULL,NULL),(77,8,91,NULL,'Facebook-Veranstaltung Fußball anlegen','2014-05-16',703,0,0,NULL,0,NULL,NULL,NULL,NULL,0,0,NULL,0,NULL,0,0,0,NULL,NULL,NULL,NULL),(78,8,92,NULL,'Facebook-Veranstaltung Fußball anlegen','2014-05-16',703,0,0,NULL,0,NULL,NULL,NULL,NULL,0,0,NULL,0,NULL,0,0,0,NULL,NULL,NULL,NULL),(79,8,93,NULL,'Facebook-Veranstaltung Fußball anlegen','2014-05-16',703,0,0,NULL,0,NULL,NULL,NULL,NULL,0,0,NULL,0,NULL,NULL,0,0,NULL,NULL,NULL,NULL),(80,8,94,NULL,'Facebook-Veranstaltung Fußball anlegen','2014-05-16',703,0,0,NULL,0,NULL,NULL,NULL,NULL,0,0,NULL,0,NULL,NULL,0,0,NULL,NULL,NULL,NULL),(81,8,95,NULL,'Facebook-Veranstaltung Fußball anlegen','2014-05-16',703,0,0,NULL,0,NULL,NULL,NULL,NULL,0,0,NULL,0,NULL,NULL,0,0,NULL,NULL,NULL,NULL),(82,11,33,NULL,'Schreiben für Austeller entwerfen Hochzeitsmesse','2014-05-20',703,0,0,NULL,0,NULL,NULL,NULL,NULL,0,0,NULL,0,NULL,NULL,0,0,NULL,NULL,NULL,NULL),(83,13,21,123,'Mc-Donalds-Coupons machen analog Schweinfurt für eine Anzeige in der Wochenzeitung im Fußball (WM)-Stlye für das Enchilada Gießen:\r\n\r\nAnzeigengröße: 326 x 230mm\r\n\r\nUnsere Coupons zu den Spielen:\r\n\r\nChips und ein Dip nach Wahl + Cocktail für 7,50\r\nCorona Bucket 15,00 Euro\r\nVorspeise + Hauptspeise aus der Fußball-Karte für 10,00 Euro\r\nJumbo-Cocktail + Classic-Burger 10,00\r\nEin Bier und ein Spritzgetränk für 5,00\r\n5 Tequilla Silver oder Reposado zum Preis von 3 Stück\r\nTräger Licher Original mit 8 Flaschen für 12,00 Euro\r\nHula Hula Bang Bang- Cocktail bestellen, Tiki-Becher gratis dazu.\r\nEin Heißgetränk ohne Alkohol gratis zum Dessert','2014-05-22',703,0,0,NULL,0,NULL,NULL,NULL,NULL,0,0,NULL,0,NULL,0,0,0,NULL,NULL,NULL,NULL),(84,8,NULL,NULL,'Beschwerde berarbeiten','2014-05-21',701,0,0,NULL,NULL,4,NULL,NULL,NULL,0,0,NULL,0,NULL,0,0,0,NULL,NULL,NULL,NULL),(85,8,91,NULL,'Check Rezensionen','2014-08-01',701,0,0,NULL,NULL,NULL,NULL,NULL,NULL,0,0,NULL,0,NULL,NULL,0,0,NULL,NULL,NULL,NULL),(86,8,92,NULL,'Check Rezensionen','2014-05-23',701,0,0,NULL,NULL,NULL,NULL,NULL,NULL,0,0,NULL,0,NULL,0,0,0,NULL,NULL,NULL,NULL),(87,8,93,NULL,'Check Rezensionen','2014-05-23',701,0,0,NULL,NULL,NULL,NULL,NULL,NULL,0,0,NULL,0,NULL,0,0,0,NULL,NULL,NULL,NULL),(88,8,94,NULL,'Check Rezensionen','2014-05-23',701,0,0,NULL,NULL,NULL,NULL,NULL,NULL,0,0,NULL,0,NULL,0,0,0,NULL,NULL,NULL,NULL),(89,8,95,NULL,'Check Rezensionen','2014-05-23',701,0,0,NULL,NULL,NULL,NULL,NULL,NULL,0,0,NULL,0,NULL,0,0,0,NULL,NULL,NULL,NULL),(90,11,20,NULL,'Termin September:\r\nWeihnachtsbaum mit Wünschen von Kinder','2014-09-01',701,0,0,NULL,NULL,NULL,NULL,NULL,NULL,0,0,NULL,0,NULL,0,0,0,NULL,NULL,NULL,NULL),(91,11,20,NULL,'Cinema-Kino - Film-Werbung anfragen','2014-05-23',704,0,0,NULL,NULL,NULL,NULL,NULL,NULL,0,0,NULL,0,NULL,NULL,0,0,NULL,NULL,NULL,NULL),(92,13,34,NULL,'Zu jedem Burger to go gibt es einen Cocktail nach Wahl für 1 Euro to go\r\nAktion bis 31. August 2014','2014-05-27',703,1,1002,'A6',5000,NULL,NULL,NULL,NULL,0,0,NULL,0,NULL,0,0,0,NULL,NULL,NULL,NULL),(93,13,34,NULL,'Burger to go','2014-05-27',703,1,1003,'a3',100,NULL,NULL,NULL,NULL,0,0,NULL,0,NULL,0,0,0,NULL,NULL,NULL,NULL),(94,13,34,NULL,'Burger to go','2014-05-27',703,1,1002,'Cocktailfähnchen',5000,NULL,NULL,NULL,NULL,0,0,NULL,0,NULL,0,0,0,NULL,NULL,NULL,NULL),(95,13,19,NULL,'WM + Sommergastro Sonderheft des MORITZ','2014-05-27',703,1,1001,'150x108 mm bxh',1,NULL,NULL,NULL,NULL,0,0,NULL,0,NULL,0,0,0,NULL,NULL,NULL,NULL),(96,13,23,NULL,'WM-Anzeige','2014-05-27',703,1,1001,'150x108 mm bxh',NULL,NULL,NULL,NULL,NULL,0,0,NULL,0,NULL,0,0,0,NULL,NULL,NULL,NULL),(97,13,NULL,NULL,'Anzeige für Hainz je 1/3 Aposto, Besitos The Big Easy','2014-06-01',703,1,1001,'210 mm B  x 297 mm H',1,NULL,NULL,NULL,NULL,0,0,NULL,0,NULL,0,0,0,NULL,NULL,NULL,NULL),(98,13,20,NULL,'Independence Day','2014-05-30',703,1,1002,'A6',5000,NULL,NULL,NULL,NULL,0,0,NULL,0,NULL,0,0,0,NULL,NULL,NULL,NULL),(99,11,91,NULL,'Weihnachsmailing','2014-07-01',701,0,0,NULL,NULL,NULL,NULL,NULL,NULL,0,0,NULL,0,NULL,0,0,0,NULL,NULL,NULL,NULL),(100,11,92,NULL,'Weihnachsmailing','2014-07-01',701,0,0,NULL,NULL,NULL,NULL,NULL,NULL,0,0,NULL,0,NULL,0,0,0,NULL,NULL,NULL,NULL),(101,11,93,NULL,'Weihnachsmailing','2014-07-01',701,0,0,NULL,NULL,NULL,NULL,NULL,NULL,0,0,NULL,0,NULL,0,0,0,NULL,NULL,NULL,NULL),(102,11,20,NULL,'Weihnachsmailing','2014-09-15',701,0,0,NULL,NULL,NULL,NULL,NULL,NULL,0,0,NULL,0,NULL,NULL,0,0,NULL,NULL,NULL,NULL),(103,11,33,NULL,'Weihnachsmailing\r\n\r\n-	September \r\n-	Montag bis Donnerstag erhalten Sie einen Aperitif aufs Haus! Beim Adressaufkleber.','2014-09-01',701,0,0,NULL,NULL,NULL,NULL,NULL,NULL,0,0,NULL,0,NULL,NULL,0,0,NULL,NULL,NULL,NULL),(104,11,91,NULL,'Campus-Tüte Wintersemester \r\nErstverteilung ab 06. Oktober 2014 - KW41','2014-08-01',701,0,0,NULL,NULL,NULL,NULL,NULL,NULL,0,0,NULL,0,NULL,0,0,0,NULL,NULL,NULL,NULL),(105,11,92,NULL,'Campus-Tüte Wintersemester Erstverteilung ab 06. Oktober 2014 - KW41','2014-08-01',701,0,0,NULL,NULL,NULL,NULL,NULL,NULL,0,0,NULL,0,NULL,0,0,0,NULL,NULL,NULL,NULL),(106,11,93,NULL,'Campus-Tüte Wintersemester Erstverteilung ab 06. Oktober 2014 - KW41','2014-08-01',701,0,0,NULL,NULL,NULL,NULL,NULL,NULL,0,0,NULL,0,NULL,0,0,0,NULL,NULL,NULL,NULL),(107,11,20,NULL,'Campus-Tüte Wintersemester Erstverteilung ab 06. Oktober 2014 - KW41\r\n\r\nkeine Teilnahme','2014-08-01',703,0,0,NULL,NULL,NULL,NULL,NULL,NULL,0,0,NULL,0,NULL,NULL,0,0,NULL,NULL,NULL,NULL),(108,11,95,NULL,'Campus-Tüte Wintersemester Erstverteilung ab 06. Oktober 2014 - KW41','2014-08-01',701,0,0,NULL,NULL,NULL,NULL,NULL,NULL,0,0,NULL,0,NULL,0,0,0,NULL,NULL,NULL,NULL),(109,13,30,NULL,'Margarita of the Week-Aufsteller \r\nPitcher 1.0 l 12 Euro, Glas 3,20 Euro','2014-06-10',702,1,1007,'Aufsteller',1000,NULL,NULL,25,NULL,0,0,NULL,1,NULL,2001,0,0,'Betrieb',3001,NULL,NULL),(110,13,106,NULL,'Margaria of the week','2014-06-10',704,1,1004,'A6',NULL,NULL,NULL,NULL,NULL,0,0,NULL,0,NULL,NULL,0,0,NULL,NULL,NULL,NULL),(111,13,NULL,131,'Gutschein-Anzeige für einen Coktail for free - Gültig bis 31.12.2014','2014-07-01',701,1,1001,'105 mm breit x 75 mm hoch',NULL,NULL,NULL,NULL,NULL,0,0,NULL,0,NULL,0,0,0,NULL,NULL,NULL,NULL),(112,13,NULL,132,'Gutschein-Anzeige für einen Coktail zum Happy Hour-Preis all night long - Gültig bis 31.12.2014','2014-07-01',701,1,1001,'105 mm breit x 75 mm hoch',NULL,NULL,NULL,NULL,NULL,0,0,NULL,0,NULL,0,0,0,NULL,NULL,NULL,NULL),(113,13,103,135,'Cocktail Casino Enchilada Mannheim','2014-06-12',703,1,1001,'120mm breit x 88mm',NULL,NULL,NULL,NULL,NULL,0,0,NULL,0,NULL,0,0,0,NULL,NULL,NULL,NULL),(114,11,102,NULL,'Facebook-Veranstaltung 15-Tage-15 Euro anlegen','2014-07-01',703,0,0,NULL,NULL,NULL,NULL,NULL,NULL,0,0,NULL,0,NULL,NULL,0,0,NULL,NULL,NULL,NULL),(115,11,23,NULL,'Klärung Werbeformen Parkhaus Rathaus','2014-06-20',701,0,0,NULL,NULL,NULL,NULL,NULL,NULL,0,0,NULL,0,NULL,0,0,0,NULL,NULL,NULL,NULL),(116,13,15,NULL,'Flyer colossale inkl. Jumbo-Monday - müsste aus Bamberg schon vorhanden sein','2014-06-15',703,1,1002,'a6',5000,NULL,NULL,NULL,NULL,0,1,NULL,0,NULL,0,0,0,NULL,NULL,NULL,NULL),(117,13,107,NULL,'Brunch-Mailing (analog dem Weihnachtskarten-Mailing) mit 10 %-Rabatt-Ecke für alle Mitarbeiter. Gültig bis 30. September 2014','2014-06-20',703,1,1002,'DINlang',1000,NULL,NULL,NULL,NULL,0,0,NULL,0,NULL,0,0,0,NULL,NULL,NULL,NULL),(118,24,17,NULL,'Hotelfolder','2014-07-01',702,1,1006,NULL,5000,NULL,NULL,NULL,NULL,0,0,NULL,0,NULL,0,0,0,NULL,NULL,NULL,NULL),(119,24,16,NULL,'Hotelfolder','2014-07-01',702,1,1006,NULL,NULL,NULL,NULL,NULL,NULL,0,0,NULL,0,NULL,0,0,0,NULL,NULL,NULL,NULL),(120,13,24,NULL,'Hotelfolder','2014-07-01',702,1,1007,NULL,5000,NULL,NULL,NULL,NULL,0,0,NULL,0,NULL,NULL,0,0,NULL,NULL,NULL,NULL),(121,13,24,NULL,'Job-Plakat','2014-07-01',703,1,1003,'A3',100,NULL,NULL,NULL,NULL,0,0,NULL,0,NULL,0,0,0,NULL,NULL,NULL,NULL),(122,13,22,NULL,'Image-Flyer mit Aktionen (bereits vorhanden) aber mit neuen HH-Preisen. In deutscher Sprache mit free Chips-Coupon.','2014-07-01',703,1,1002,'DINlang',5000,NULL,NULL,NULL,NULL,0,0,NULL,0,NULL,0,0,0,NULL,NULL,NULL,NULL),(123,13,22,NULL,'Image-Flyer mit Aktionen (bereits vorhanden) aber mit neuen HH-Preisen. In Englischer Sprache mit free Chips-Coupon.','2014-07-01',703,1,1002,'DINlang',5000,NULL,NULL,NULL,NULL,0,0,NULL,0,NULL,0,0,0,NULL,NULL,NULL,NULL),(124,13,22,NULL,'Image-Flyer mit Aktionen (bereits vorhanden) aber mit neuen HH-Preisen. In deutscher Sprache ohne free Chips-Coupon.','2014-07-01',703,1,1002,'DINlang',10000,NULL,NULL,NULL,NULL,0,0,NULL,0,NULL,0,0,0,NULL,NULL,NULL,NULL),(125,24,20,NULL,'Stellenanzeigen Muster-Doc Bar - Service - Küchen','2014-07-01',702,1,1006,NULL,NULL,NULL,NULL,NULL,NULL,0,0,NULL,0,NULL,0,0,0,NULL,NULL,NULL,NULL),(126,11,NULL,NULL,'Aufnahme in Gera Touristik - Verzeichnis','2014-08-01',701,0,0,NULL,NULL,NULL,NULL,NULL,NULL,0,0,NULL,0,NULL,0,0,0,NULL,NULL,NULL,NULL),(130,13,25,NULL,'Parkschein-Rückseitenwerbung. Eine Version mit Chips for free, eine Version mit Gutschein für HH all night long','2014-07-07',703,1,1006,'Format: 86,5 mm x 53,8 mm',NULL,NULL,NULL,NULL,NULL,0,0,NULL,0,NULL,0,0,0,NULL,NULL,NULL,NULL),(132,13,15,NULL,'Plane mit großem Aposto-Logo drauf sowie der Hinweis: Ihr Italiener im Ratskeller. Im Hintergrund Imagebilder. Die Plane wird in einem Parkhaus hängen.','2014-07-12',702,1,1006,'3 m x 1 m',1,NULL,NULL,25,NULL,0,0,NULL,1,NULL,2001,0,0,NULL,NULL,NULL,NULL),(133,13,31,NULL,'2 x A8-Gutscheine auf einem A7-Flyer. Eine Hälte ein Cocktail für 1 Euro, zweite Hälfte 2. Chance für Cocktail Casino. Jeweils gültig bis 31.12.2014','2014-07-12',702,1,1002,'A7',1000,NULL,NULL,13,NULL,0,0,NULL,0,NULL,2001,0,0,'Betrieb',3002,NULL,NULL),(134,13,15,NULL,'2 x A8-Gutscheine auf einem A7-Flyer. Eine Hälte ein Cocktail für 1 Euro, zweite Hälfte ein Cocktail zum Happy Hour-Preis. Jeweils gültig bis 31.12.2014','2014-07-12',702,1,1002,'A7',1000,NULL,NULL,13,NULL,0,0,NULL,1,NULL,2001,0,0,'Betrieb',3001,NULL,NULL),(135,8,28,NULL,'Imagetext Gambas bitte erstellen','2014-07-12',703,0,0,NULL,NULL,NULL,NULL,NULL,NULL,0,0,NULL,0,NULL,NULL,0,0,NULL,NULL,NULL,NULL),(136,13,38,NULL,'50 % Rabatt-Flyer auf Cocktails mit Störer auch to-go','2014-07-14',702,1,1002,'A8',5000,NULL,NULL,13,NULL,0,0,NULL,0,NULL,2001,0,0,'Betrieb',3001,NULL,NULL),(137,25,22,NULL,'Hallo ... brauchen eine Plane mit den Veranstaltungen vom Enchi Wiesbaden. Analog dieser Anzeige.','2014-07-14',705,1,1007,'4 m x 1,5 m',2,NULL,NULL,13,NULL,0,0,NULL,0,NULL,1003,0,0,'Betrieb',3001,NULL,NULL),(138,13,22,NULL,'Verion. 2 !!\r\n\r\n2 x Flags ohne Gestenge. Image Enchilada','2014-07-14',705,1,1007,'http://www.flyeralarm.com/de/shop/configurator/index/id/324/drop-flag-druck.html#955=3993',2,NULL,NULL,13,11,0,1,'2014-07-14 22:31:30',1,'Auftrag Nr. 141979321',2002,0,0,'betrieb',3001,NULL,NULL),(139,11,119,NULL,'15 Euro-Montag (bis 31. Oktober)– Robby abklären oder Burger Monday oder Dienstag','2014-07-20',701,0,0,NULL,NULL,NULL,NULL,NULL,NULL,0,0,NULL,0,NULL,NULL,0,0,NULL,NULL,NULL,NULL),(140,11,119,NULL,'Abklären mit Tobi ob CI-Bruch möglich für hochwertige Karten – Schwarz, goldene Schrift','2014-07-13',701,0,0,NULL,NULL,NULL,NULL,NULL,NULL,0,0,NULL,0,NULL,NULL,0,0,NULL,NULL,NULL,NULL),(142,11,119,NULL,'Abklären Newsletter – Empfänger passen nicht und Layout nicht auswählbar\r\n\r\nGeburtstagsmail - wann wird sie verschickt','2014-07-20',701,0,0,NULL,NULL,NULL,NULL,NULL,NULL,0,0,NULL,0,NULL,NULL,0,0,NULL,NULL,NULL,NULL),(143,11,119,NULL,'Flyer für Honky Tonk fehlen','2014-07-20',703,0,0,NULL,NULL,NULL,NULL,NULL,NULL,0,0,NULL,0,NULL,NULL,0,0,NULL,NULL,NULL,NULL),(144,19,119,NULL,'Dave gibt Info wegen Margarita of the week','2014-07-15',701,0,0,NULL,NULL,NULL,NULL,NULL,NULL,0,0,NULL,0,NULL,NULL,0,0,NULL,NULL,NULL,NULL),(145,11,117,NULL,'Radio-Spot','2014-07-20',702,0,0,NULL,NULL,NULL,NULL,NULL,NULL,0,0,NULL,0,NULL,NULL,0,0,NULL,NULL,NULL,NULL),(147,25,117,NULL,'Besitos Würzburg Kennenlernwochen\r\nvom 30. Juli bis 14. August 2014 \r\n\r\nCoupons:\r\n3 bzw. 4 kalte verschiedene Tapas für 8,90 Euro bzw 11,90 Euro \r\n3 bzw. 4 warme verschiedene Tapas für 9,90 Euro bzw 12,90 Euro \r\n\r\nBitte 4 Coupons erstellen mit Tapas-Image-Anzeige für Wochenzeitung. Coupons gültig bis 03. August 2014\r\n\r\nStörer: Coupons auch online unter www.besitos.de/wuerzburg','2014-07-15',702,1,1001,'312 Breite-120mm Höhe',1,NULL,NULL,NULL,NULL,0,0,NULL,0,NULL,NULL,1,0,NULL,NULL,26,NULL),(148,11,42,NULL,'PI Schweinfurt erstellen','2014-07-15',701,0,0,NULL,NULL,NULL,NULL,NULL,NULL,0,0,NULL,0,NULL,NULL,0,0,NULL,NULL,NULL,NULL),(149,11,124,NULL,'T-Shirts\r\nEnchi-Logo','2014-08-01',701,0,0,NULL,NULL,NULL,NULL,NULL,NULL,0,0,NULL,0,NULL,NULL,0,0,NULL,NULL,NULL,NULL),(150,19,124,NULL,'Industrie nach FW oder WKZ fragen\r\n- Diageo\r\n- MBG\r\n- Paloma','2014-08-01',701,0,0,NULL,NULL,NULL,NULL,NULL,NULL,0,0,NULL,0,NULL,NULL,0,0,NULL,NULL,NULL,NULL),(151,19,124,NULL,'Getränkekarte','2014-08-01',701,0,0,NULL,NULL,NULL,NULL,NULL,NULL,0,0,NULL,0,NULL,NULL,0,0,NULL,NULL,NULL,NULL),(152,19,124,NULL,'2 Beach-Flags','2014-08-01',701,0,0,NULL,NULL,NULL,NULL,NULL,NULL,0,0,NULL,0,NULL,NULL,0,0,NULL,NULL,NULL,NULL),(153,11,124,NULL,'Vorstellungsflyer, DINlang mit Chips-Gutschein. Gültig bis 31.12.2014','2014-07-28',701,1,0,'DINlang',5000,NULL,NULL,NULL,NULL,0,0,NULL,0,NULL,NULL,0,0,NULL,NULL,NULL,NULL),(154,19,124,NULL,'Banner Cocktail Casino im Hintergrund','2014-08-01',701,0,0,NULL,NULL,NULL,NULL,NULL,NULL,0,0,NULL,0,NULL,NULL,0,0,NULL,NULL,NULL,NULL),(155,13,25,NULL,'Rückseite: Cocktail Casino\r\nVorderseite: Gutschein für einen Cocktail for free, gültig bis 31.12.2014, daneben HH und EH.','2014-07-28',702,1,1002,'A6',1000,NULL,NULL,13,NULL,0,0,NULL,0,NULL,2001,1,0,'Flyeralarmstore Würzburg',3001,NULL,NULL),(156,13,25,NULL,'Nachbestellung: Check-In-Plakate','2014-07-28',702,1,1003,'A3',100,NULL,NULL,13,NULL,0,0,NULL,1,NULL,2001,0,0,'Betrieb',3001,NULL,NULL),(157,13,125,NULL,'Klappflyer 15 Tage','2014-07-28',704,1,1002,'DINlang Klappflyer',5000,NULL,NULL,NULL,NULL,0,0,NULL,0,NULL,NULL,0,0,NULL,NULL,NULL,NULL),(158,13,125,NULL,'A3 15 Tage','2014-07-28',704,1,0,'A3',100,NULL,NULL,NULL,NULL,0,0,NULL,0,NULL,NULL,0,0,NULL,NULL,NULL,NULL),(159,11,125,NULL,'Preisanfrage Wochenzeitung Prima Sonntag','2014-07-20',704,0,0,NULL,NULL,NULL,NULL,NULL,NULL,0,0,NULL,0,NULL,NULL,0,0,NULL,NULL,NULL,NULL),(160,11,25,138,'28.07. bis 10. Juli\r\nPrimavera:Food\r\nGalaxy: CC','2014-07-20',701,0,0,NULL,NULL,NULL,NULL,NULL,NULL,0,0,NULL,0,NULL,NULL,0,0,NULL,NULL,NULL,NULL),(162,11,126,NULL,'Design Anzeige','2014-07-20',701,0,0,NULL,NULL,NULL,NULL,NULL,NULL,0,0,NULL,0,NULL,NULL,0,0,NULL,NULL,NULL,NULL),(163,11,126,NULL,'Anzeigenpreise verhandeln, schauen wegen Schwabing-West','2014-07-15',701,0,0,NULL,NULL,NULL,NULL,NULL,NULL,0,0,NULL,0,NULL,NULL,0,0,NULL,NULL,NULL,NULL),(164,11,NULL,NULL,'Wöchentliche Anzeige für 70 Euro netto plus monatliche Redaktion','2014-07-20',701,0,0,NULL,NULL,NULL,NULL,NULL,NULL,0,0,NULL,0,NULL,NULL,0,0,NULL,NULL,NULL,NULL),(165,11,126,NULL,'In Anfragen wegen Anzeige für 350 Euro max plus Redaktion','2014-07-20',701,0,0,NULL,NULL,NULL,NULL,NULL,NULL,0,0,NULL,0,NULL,NULL,0,0,NULL,NULL,NULL,NULL),(166,11,20,NULL,'Reisebüro-Kooperation angehen','2014-08-01',701,0,0,NULL,NULL,NULL,NULL,NULL,NULL,0,0,NULL,0,NULL,NULL,0,0,NULL,NULL,NULL,NULL),(167,13,28,148,'Gambas-Montag-Anzeige.\r\nFlyer gibt es schon, umbauen zur Anzeige','2014-07-28',703,1,1001,'92 mm Breite / 70 mm Höhe',1,NULL,NULL,NULL,NULL,0,0,NULL,1,NULL,NULL,0,0,NULL,NULL,26,NULL),(168,13,29,NULL,'EH-Flyer','2014-07-29',702,1,1002,'DINlang',5000,NULL,NULL,NULL,NULL,0,0,NULL,1,NULL,2001,0,0,NULL,3002,13,NULL),(169,13,29,NULL,'Briefpapier','2014-07-29',702,1,1007,'A4',1000,NULL,NULL,NULL,NULL,0,0,NULL,0,NULL,2001,0,0,'Betrieb',3002,13,NULL),(170,13,29,NULL,'Visitenkarten GF','2014-07-29',702,1,1006,'Visitenkarten',250,NULL,NULL,NULL,NULL,0,0,NULL,1,NULL,2001,0,0,'Betrieb',3002,13,NULL),(171,13,29,NULL,'Visitenkarten Laden','2014-07-29',702,1,1006,'Visitenkarten',1000,NULL,NULL,NULL,NULL,0,0,NULL,1,NULL,2001,0,0,'Betrieb',3002,13,NULL),(172,13,29,NULL,'Pyramiden mit\r\nStartup jeden 1., 3. und 5. Sa im Monat ab 22:30 Uhr\r\nDinnerbuffet\r\nCocktail Casino','2014-07-29',701,1,1007,'Pyramide',250,NULL,NULL,NULL,NULL,0,0,NULL,0,NULL,2001,0,0,'Betrieb',3002,NULL,NULL),(173,11,29,NULL,'Hotelfolder - mehr Power, knalliger','2014-07-20',701,0,0,NULL,NULL,NULL,NULL,NULL,NULL,0,0,NULL,0,NULL,NULL,0,0,NULL,NULL,NULL,NULL),(174,19,29,NULL,'to go-offensive\r\nBurger + Cocktail zum Packagepreis von 9,90 Euro oder 10,90 Euro - Feedback kommt von Robby. Befristet bis 31.08 oder 30.09.','2014-07-20',701,0,0,NULL,NULL,NULL,NULL,NULL,NULL,0,0,NULL,0,NULL,NULL,0,0,NULL,NULL,NULL,NULL),(175,13,29,NULL,'50 % OFF auf Cocktails - Gültig bis 30.09.2014. Mit Bezug auf den CSD Mannheim. Schönen CSD ... und vielleicht nakte Männer, wenns geht :)','2014-07-18',702,1,1002,'A7',2500,NULL,NULL,NULL,NULL,0,0,NULL,0,NULL,2001,0,0,'Betrieb',3002,13,NULL),(176,11,15,NULL,'Guten Tag Herr Sieber,\r\nwir freuen uns sehr über Ihre Zusage!\r\n\r\nDie Tüten werden wahrscheinlich am 29./30. September verteilt, da wir für diesen Termin die Erstsemesterbetreuung geplant haben.\r\nPacken wollen wir die Tüten aber nach Möglichkeit im August. Die Gutscheine sollten also am Besten Anfang August bei uns eintreffen, wenn dies für Sie möglich ist.\r\n\r\nBitte liefern Sie die Gutscheine an die FHWS:\r\n\r\nHochschule für angewandte Wissenschaften Würzburg-Schweinfurt Studierendenvertretung Ignaz-Schön-Straße 11\r\n97421 Schweinfurt\r\n\r\nWir freuen uns sehr, dass Sie sich an unserer Aktion beteiligen!\r\nMit freundlichen Grüßen\r\n\r\nDaniel Griebel\r\n\r\nStudent der Fakultät Maschinenbau\r\nStellvertretender Vorsitz der Studierendenvertretung Schweinfurt\r\n\r\nMitglied des Sprecherrates\r\nPolitischer Sprecher Abteilung Schweinfurt\r\n\r\nHochschule für angewandte Wissenschaften Würzburg-Schweinfurt Ignaz-Schön-Straße 11\r\n97421 Schweinfurt\r\n\r\nMobil: +49 - 1511 - 78 25 1 92\r\nE-Mail: daniel.griebel@student.fhws.de','2014-09-05',701,0,0,NULL,NULL,NULL,NULL,NULL,NULL,0,0,NULL,0,NULL,NULL,0,0,NULL,NULL,NULL,NULL),(177,11,31,NULL,'Guten Tag Herr Sieber,\r\nwir freuen uns sehr über Ihre Zusage!\r\n\r\nDie Tüten werden wahrscheinlich am 29./30. September verteilt, da wir für diesen Termin die Erstsemesterbetreuung geplant haben.\r\nPacken wollen wir die Tüten aber nach Möglichkeit im August. Die Gutscheine sollten also am Besten Anfang August bei uns eintreffen, wenn dies für Sie möglich ist.\r\n\r\nBitte liefern Sie die Gutscheine an die FHWS:\r\n\r\nHochschule für angewandte Wissenschaften Würzburg-Schweinfurt Studierendenvertretung Ignaz-Schön-Straße 11\r\n97421 Schweinfurt\r\n\r\nWir freuen uns sehr, dass Sie sich an unserer Aktion beteiligen!\r\nMit freundlichen Grüßen\r\n\r\nDaniel Griebel\r\n\r\nStudent der Fakultät Maschinenbau\r\nStellvertretender Vorsitz der Studierendenvertretung Schweinfurt\r\n\r\nMitglied des Sprecherrates\r\nPolitischer Sprecher Abteilung Schweinfurt\r\n\r\nHochschule für angewandte Wissenschaften Würzburg-Schweinfurt Ignaz-Schön-Straße 11\r\n97421 Schweinfurt\r\n\r\nMobil: +49 - 1511 - 78 25 1 92\r\nE-Mail: daniel.griebel@student.fhws.de','2014-09-05',701,0,0,NULL,NULL,NULL,NULL,NULL,NULL,0,0,NULL,0,NULL,NULL,0,0,NULL,NULL,NULL,NULL),(178,11,NULL,NULL,'Kennenlernwochen im The Big Easy\r\nCoupons','2014-07-20',701,0,0,NULL,NULL,NULL,NULL,NULL,NULL,0,0,NULL,0,NULL,NULL,0,0,NULL,NULL,NULL,NULL),(179,11,131,NULL,'Preis anfragen Wochenzeitung Mainz','2014-07-20',701,0,0,NULL,NULL,NULL,NULL,NULL,NULL,0,0,NULL,0,NULL,NULL,0,0,NULL,NULL,NULL,NULL),(180,11,131,NULL,'Coupons in der Stadt Kennenlernwochen A5','2014-07-20',701,0,0,NULL,NULL,NULL,NULL,NULL,NULL,0,0,NULL,0,NULL,NULL,0,0,NULL,NULL,NULL,NULL),(181,11,16,NULL,'Weihnachtsmailing, Versand: Mitte September 2014','2014-08-01',701,0,0,NULL,NULL,NULL,NULL,NULL,NULL,0,0,NULL,0,NULL,NULL,0,0,NULL,NULL,NULL,NULL),(182,11,24,NULL,'Campus-Tüte - Stanzform in Cocktailbecher','2014-07-25',701,0,0,NULL,NULL,NULL,NULL,NULL,NULL,0,0,NULL,0,NULL,NULL,0,0,NULL,NULL,NULL,NULL),(183,13,16,NULL,'Pizza Collossale + Jumbo Monday','2014-07-21',702,1,1001,'A6',1,NULL,NULL,NULL,NULL,0,0,NULL,1,NULL,NULL,0,0,NULL,NULL,13,NULL),(184,11,16,NULL,'Rockland nachfassen, Freisekunden','2014-07-20',701,0,0,NULL,NULL,NULL,NULL,NULL,NULL,0,0,NULL,0,NULL,NULL,0,0,NULL,NULL,NULL,NULL),(185,11,16,140,'Mittagstisch einbuchen','2014-07-20',703,0,0,NULL,NULL,NULL,NULL,NULL,NULL,0,0,NULL,0,NULL,NULL,0,0,NULL,NULL,NULL,NULL),(186,13,16,NULL,'Jumbo Monday + Pizza Collosalle Flyer','2014-07-21',702,1,1002,'runder Flyer',5000,NULL,NULL,NULL,NULL,0,0,NULL,1,NULL,2001,0,0,'Betrieb',3001,13,NULL),(187,11,22,NULL,'Campus-Werbung Leuchtschäule machen mit CC','2014-07-20',701,0,0,NULL,NULL,NULL,NULL,NULL,NULL,0,0,NULL,0,NULL,NULL,0,0,NULL,NULL,NULL,NULL),(188,13,22,NULL,'Cocktailfähnchen mit Cocktail Casino und Ladies Night','2014-07-21',702,1,1006,'Visitenkarten',10000,NULL,NULL,NULL,NULL,0,0,NULL,1,NULL,2001,0,0,'Betrieb',3001,13,NULL),(189,11,22,NULL,'Werbeoffensive Cocktail Casino im September 2014 max. 1000 Euro','2014-07-20',701,0,0,NULL,NULL,NULL,NULL,NULL,NULL,0,0,NULL,0,NULL,NULL,0,0,NULL,NULL,NULL,NULL),(190,11,22,NULL,'Restsekunden Antenne Mainz - wie viele?','2014-07-20',701,0,0,NULL,NULL,NULL,NULL,NULL,NULL,0,0,NULL,0,NULL,NULL,0,0,NULL,NULL,NULL,NULL),(191,19,22,NULL,'Latin Night - Probetermine machen','2014-09-01',701,0,0,NULL,NULL,NULL,NULL,NULL,NULL,0,0,NULL,0,NULL,NULL,0,0,NULL,NULL,NULL,NULL),(192,13,22,NULL,'Image-Plane','2014-07-21',702,1,1007,'4 x 1 m',1,NULL,NULL,NULL,NULL,0,0,NULL,0,NULL,2001,0,0,'Betrieb',3001,13,NULL),(194,11,22,NULL,'August-Special: Glas Prosecco zur Ladies Night','2014-07-26',701,0,0,NULL,NULL,NULL,NULL,NULL,NULL,0,0,NULL,0,NULL,NULL,0,0,NULL,NULL,NULL,NULL),(195,11,NULL,NULL,'Social Hotspot','2014-08-01',701,0,0,NULL,NULL,NULL,NULL,NULL,NULL,0,0,NULL,0,NULL,NULL,0,0,NULL,NULL,NULL,NULL),(197,11,106,NULL,'Margaritas of the week - Zeitplan und Margaritas','2014-07-17',701,0,0,NULL,NULL,NULL,NULL,NULL,NULL,0,0,NULL,0,NULL,NULL,0,0,NULL,NULL,NULL,NULL),(198,13,31,NULL,'Hotelfolder mit Störer 10 %Rabatt bei Vorlager des Zimmerschlüssels','2014-07-22',702,1,1007,'6-seitig-Folder',5000,NULL,NULL,NULL,NULL,0,0,NULL,1,NULL,2001,0,0,'Betrieb',3002,13,NULL),(199,13,31,NULL,'Vorderseite: Cocktail Casino Fähnchen\r\nRückseite: HH/EH','2014-07-22',702,1,1006,'Visitenkarte',5000,NULL,NULL,NULL,11,0,1,'2014-07-22 15:38:00',1,NULL,2001,0,0,'Betrieb',3002,13,NULL),(200,13,31,NULL,'Druckdatei vom Cocktail Casino mit Tequelia Störer hochladen. Ist bereits vorhanden. Kein DRUCK!!!','2014-07-22',703,1,1007,NULL,NULL,NULL,NULL,NULL,NULL,0,0,NULL,1,NULL,NULL,0,0,NULL,NULL,13,NULL),(201,13,31,NULL,'Analog AG00133, jedoch statt Gültig bis 30.11.2014 mit Gültigkeitsfeld zum ausfüllen per Hand','2014-07-22',702,1,1002,'A7',1000,NULL,NULL,NULL,NULL,0,0,NULL,1,NULL,2001,0,0,'Betrieb',3002,13,NULL),(203,13,22,NULL,'Pfeil-Plane 1x1 m mit Pfeil (siehe Bild) sowie den Hinweis Treppen runter und Enchilada Logo','2014-07-23',702,1,1007,'1 x 1 m',1,NULL,NULL,NULL,11,0,1,'2014-07-22 15:02:29',1,NULL,2001,0,0,'Betrieb',3001,13,NULL),(204,13,39,NULL,'TestTobi','2014-08-04',703,1,1002,'A6',2500,NULL,NULL,NULL,NULL,0,0,NULL,0,NULL,2002,1,0,'Test123',3002,NULL,NULL),(205,13,10,NULL,'Test','2014-07-31',702,1,0,NULL,NULL,NULL,NULL,NULL,NULL,0,0,NULL,0,NULL,NULL,0,0,NULL,NULL,9,NULL),(206,13,10,NULL,'Test','2014-08-01',702,1,0,NULL,NULL,NULL,NULL,11,11,1,1,'2014-07-29 18:32:20',1,NULL,NULL,0,0,NULL,NULL,9,NULL),(207,13,10,NULL,'Test 2','2014-08-01',702,1,0,NULL,NULL,NULL,NULL,11,NULL,0,0,NULL,0,NULL,NULL,0,0,NULL,NULL,NULL,NULL);
/*!40000 ALTER TABLE `Task` ENABLE KEYS */;
UNLOCK TABLES;

--
-- Table structure for table `Timetracking`
--

DROP TABLE IF EXISTS `Timetracking`;
/*!40101 SET @saved_cs_client     = @@character_set_client */;
/*!40101 SET character_set_client = utf8 */;
CREATE TABLE `Timetracking` (
  `id` int(11) NOT NULL AUTO_INCREMENT,
  `user_id` int(11) NOT NULL,
  `customer_id` int(11) DEFAULT NULL,
  `day` date NOT NULL,
  `hours` double NOT NULL,
  `note` longtext COLLATE utf8_unicode_ci,
  PRIMARY KEY (`id`),
  KEY `IDX_9082F9FFA76ED395` (`user_id`),
  KEY `IDX_9082F9FF9395C3F3` (`customer_id`),
  CONSTRAINT `FK_9082F9FF9395C3F3` FOREIGN KEY (`customer_id`) REFERENCES `Customer` (`id`) ON DELETE SET NULL,
  CONSTRAINT `FK_9082F9FFA76ED395` FOREIGN KEY (`user_id`) REFERENCES `User` (`id`) ON DELETE CASCADE
) ENGINE=InnoDB AUTO_INCREMENT=12 DEFAULT CHARSET=utf8 COLLATE=utf8_unicode_ci;
/*!40101 SET character_set_client = @saved_cs_client */;

--
-- Dumping data for table `Timetracking`
--

LOCK TABLES `Timetracking` WRITE;
/*!40000 ALTER TABLE `Timetracking` DISABLE KEYS */;
INSERT INTO `Timetracking` VALUES (1,11,116,'2014-06-01',0.5,NULL),(2,11,17,'2014-06-01',1,NULL),(3,11,30,'2014-05-10',3,NULL),(4,15,137,'2014-05-11',2,NULL),(5,15,28,'2014-05-01',5,NULL),(6,15,30,'2014-06-05',2.25,NULL),(7,11,30,'2014-06-04',1.5,NULL),(8,11,137,'2014-06-22',4.75,NULL),(9,15,137,'2014-06-04',3,NULL),(10,11,28,'2014-05-01',5,NULL),(11,15,28,'2014-05-22',2,NULL);
/*!40000 ALTER TABLE `Timetracking` ENABLE KEYS */;
UNLOCK TABLES;

--
-- Table structure for table `Upload`
--

DROP TABLE IF EXISTS `Upload`;
/*!40101 SET @saved_cs_client     = @@character_set_client */;
/*!40101 SET character_set_client = utf8 */;
CREATE TABLE `Upload` (
  `id` int(11) NOT NULL AUTO_INCREMENT,
  `note_id` int(11) DEFAULT NULL,
  `pressrelease_id` int(11) DEFAULT NULL,
  `campaign_id` int(11) DEFAULT NULL,
  `fileName` varchar(255) COLLATE utf8_unicode_ci DEFAULT NULL,
  `fsFileName` varchar(255) COLLATE utf8_unicode_ci DEFAULT NULL,
  `mimeType` varchar(255) COLLATE utf8_unicode_ci DEFAULT NULL,
  `size` int(11) DEFAULT NULL,
  `createdAt` datetime DEFAULT NULL,
  `supplier_id` int(11) DEFAULT NULL,
  `supplierGroup_id` int(11) DEFAULT NULL,
  `task_id` int(11) DEFAULT NULL,
  `customer_id` int(11) DEFAULT NULL,
  PRIMARY KEY (`id`),
  KEY `IDX_1011E32926ED0855` (`note_id`),
  KEY `IDX_1011E329AFE6BA13` (`pressrelease_id`),
  KEY `IDX_1011E329F639F774` (`campaign_id`),
  KEY `IDX_1011E3292ADD6D8C` (`supplier_id`),
  KEY `IDX_1011E329F20F2E73` (`supplierGroup_id`),
  KEY `IDX_1011E3298DB60186` (`task_id`),
  KEY `IDX_1011E3299395C3F3` (`customer_id`),
  CONSTRAINT `FK_1011E32926ED0855` FOREIGN KEY (`note_id`) REFERENCES `Note` (`id`) ON DELETE SET NULL,
  CONSTRAINT `FK_1011E3292ADD6D8C` FOREIGN KEY (`supplier_id`) REFERENCES `Supplier` (`id`) ON DELETE SET NULL,
  CONSTRAINT `FK_1011E3298DB60186` FOREIGN KEY (`task_id`) REFERENCES `Task` (`id`) ON DELETE CASCADE,
  CONSTRAINT `FK_1011E3299395C3F3` FOREIGN KEY (`customer_id`) REFERENCES `Customer` (`id`) ON DELETE SET NULL,
  CONSTRAINT `FK_1011E329AFE6BA13` FOREIGN KEY (`pressrelease_id`) REFERENCES `PressRelease` (`id`) ON DELETE SET NULL,
  CONSTRAINT `FK_1011E329F20F2E73` FOREIGN KEY (`supplierGroup_id`) REFERENCES `SupplierGroup` (`id`) ON DELETE SET NULL,
  CONSTRAINT `FK_1011E329F639F774` FOREIGN KEY (`campaign_id`) REFERENCES `Campaign` (`id`) ON DELETE CASCADE
) ENGINE=InnoDB AUTO_INCREMENT=329 DEFAULT CHARSET=utf8 COLLATE=utf8_unicode_ci;
/*!40101 SET character_set_client = @saved_cs_client */;

--
-- Dumping data for table `Upload`
--

LOCK TABLES `Upload` WRITE;
/*!40000 ALTER TABLE `Upload` DISABLE KEYS */;
INSERT INTO `Upload` VALUES (8,NULL,NULL,15,'Rechnung.jpg','e49d90cdf597fa2975d9186721c6ec1f342832f1.jpg','image/jpeg',460234,'2014-04-13 13:00:04',NULL,NULL,NULL,NULL),(10,NULL,NULL,NULL,'01-0024.pdf','6fb453a6b5bad95716b812032fd6ec455de0b2f5.pdf','application/pdf',121847,'2014-04-13 18:48:16',NULL,NULL,NULL,NULL),(11,NULL,NULL,26,'MM-HALB-MM-MITTE-s052-1403.pdf','bb2f2a11afce9ea15055e8ec9437cb296f903f84.pdf','application/pdf',986103,'2014-04-14 16:39:40',NULL,NULL,NULL,NULL),(12,NULL,NULL,27,'Enchilada 1 Mannheim R5 25.02.2014.jpg','9302679c8a8a83e8194b6bc1166b47ef08f69e8f.jpg','image/jpeg',57016,'2014-04-14 16:52:18',NULL,NULL,NULL,NULL),(13,NULL,NULL,27,'Buchung R5 Mannheim LV links.doc','73c3e10eaf5c0f79e7e077503924ae2d0ebd31c0.doc','application/msword',84480,'2014-04-14 16:52:45',NULL,NULL,NULL,NULL),(14,NULL,NULL,27,'Buchung R5 Mannheim LV rechts.doc','76566d7cc6d1a9e8ddf74e30fcebc787df674992.doc','application/msword',84480,'2014-04-14 16:52:59',NULL,NULL,NULL,NULL),(15,NULL,NULL,31,'Angebot SL-20140221 Enchilada Mannheim (2).pdf','c0cc2a829db94c4289ddda5ae72a36b3ff463f9f.pdf','application/pdf',92431,'2014-04-14 18:34:40',NULL,NULL,NULL,NULL),(16,NULL,NULL,32,'Auftragsbestätgigung_NLV_RATSKELLER.pdf','0cfa97851207be30553021c5ae077cc85db2e92d.pdf','application/pdf',120109,'2014-04-14 22:05:24',NULL,NULL,NULL,NULL),(17,NULL,NULL,33,'Biergarten.pdf','10e5b5aec01000ddc1215f1140ce3fa5bec241ff.pdf','application/pdf',791294,'2014-04-14 22:13:52',NULL,NULL,NULL,NULL),(18,NULL,NULL,15,'Belegbild.jpg','49443ba4bddebf55a96e0fc104f359571c3a99b9.jpg','image/jpeg',254533,'2014-04-14 22:21:22',NULL,NULL,NULL,NULL),(19,NULL,NULL,18,'Werbeauftrag unterschrieben.pdf','e16adac43bb2385bb67726043784b04a89e2572e.pdf','application/pdf',266791,'2014-04-15 10:33:59',NULL,NULL,NULL,NULL),(20,NULL,NULL,18,'2014-04-05-Sendeplan.pdf','ab2b8a5d3e5f4fd5cc83bfea3b38a601ddd57008.pdf','application/pdf',10873,'2014-04-15 10:59:11',NULL,NULL,NULL,NULL),(21,NULL,NULL,19,'Werbeauftrag unterschrieben.pdf','cdf498f9ffd77b86795f1d3b0d6b9da2bff0c069.pdf','application/pdf',266791,'2014-04-15 15:04:42',NULL,NULL,NULL,NULL),(22,NULL,NULL,19,'2014-04-05-Sendeplan-Besitos.pdf','3911c3e315b0b7b92ebac667c26e87f8a822660e.pdf','application/pdf',13322,'2014-04-15 15:40:19',NULL,NULL,NULL,NULL),(23,NULL,NULL,40,'Angebot Enchilada 2014 - modifiziert.doc','61ce8a414e3eba12618ac077c0b5ef20afee626c.doc','application/msword',98304,'2014-04-15 16:37:09',NULL,NULL,NULL,NULL),(24,NULL,NULL,41,'Angebot Enchilada 2014 - modifiziert.doc','3fd42dfb9cb753b28c43c6ecae0457f5175f75d4.doc','application/msword',98304,'2014-04-15 16:40:42',NULL,NULL,NULL,NULL),(25,NULL,NULL,55,'NDRM-AB-Auftrag-66700-Enchilada_Bremen_GmbH.pdf','c587549e180e13def7afd886b8d48993d17fbaa4.pdf','application/pdf',258376,'2014-04-15 20:26:02',NULL,NULL,NULL,NULL),(26,NULL,NULL,56,'Verkaufsoffener-Sonntag.pdf','12c7e3702989680af70e59f0ae87fe6cd48e6364.pdf','application/pdf',377706,'2014-04-15 20:31:08',NULL,NULL,NULL,NULL),(27,NULL,NULL,58,'Werbung.pdf','c03e46fd9a3e36ea72504dac2b99e529a85fcf2a.pdf','application/pdf',44900,'2014-04-16 21:29:09',NULL,NULL,NULL,NULL),(28,NULL,NULL,58,'Anzeigen.pdf','d6a84aa5f53568196c0ff57bae2f9f093bc35db3.pdf','application/pdf',34219,'2014-04-16 21:29:20',NULL,NULL,NULL,NULL),(29,NULL,NULL,60,'Informationen mit Formular.pdf','336262cfee1bc56d75fc84c96269c8efeaea107b.pdf','application/pdf',92804,'2014-04-16 21:58:27',NULL,NULL,NULL,NULL),(30,NULL,NULL,61,'Powerspecial VIP  2013.doc','7f6388276d43a6d994d43c317337b2f85897d381.doc','application/msword',137216,'2014-04-16 22:05:30',NULL,NULL,NULL,NULL),(31,NULL,NULL,17,'Osterbrunch_AZ_92x60.pdf','b0e12a0b177c9c6b888b06b7de8c5f345e9e74f6.pdf','application/pdf',2241753,'2014-04-16 22:59:05',NULL,NULL,NULL,NULL),(32,NULL,NULL,11,'140417092528_0001.pdf','d27be1894e42f561544bd5dcbffe40a4d554344c.pdf','application/pdf',1172853,'2014-04-17 09:39:13',NULL,NULL,NULL,NULL),(33,NULL,NULL,64,'Veranstaltung_mailing_hinten_FA_2.jpg','d49582003a99edcd4c743545481b9f16ecfcd68c.jpg','image/jpeg',4805543,'2014-04-17 12:33:47',NULL,NULL,NULL,NULL),(34,NULL,NULL,64,'Veranstaltung_mailing_vorne_FA_2.jpg','2448d639c4df83596538fd620903490e4ac20ca9.jpg','image/jpeg',1631464,'2014-04-17 12:35:51',NULL,NULL,NULL,NULL),(35,NULL,NULL,66,'Bio-Brotbox_Kurzpräsentation_2013.pdf','b8e84b089f25ec786ae9cfd822017210e670871f.pdf','application/pdf',1757375,'2014-04-17 13:07:27',NULL,NULL,NULL,NULL),(36,NULL,NULL,66,'Brotbox - morgenweb.pdf','f5f12bf7834a7706a9e61b2fb339ed45ae73b6cc.pdf','application/pdf',509454,'2014-04-17 13:20:13',NULL,NULL,NULL,NULL),(37,NULL,NULL,66,'Checkpoint 030.jpg','e8097b7e66893e7dcded84c973593ba8bb3be8fc.jpg','image/jpeg',2061016,'2014-04-17 13:26:46',NULL,NULL,NULL,NULL),(38,NULL,NULL,66,'Pressemitteilung_Bio-Brotbox_Netzwerk_2013.pdf','f965876115760ddd4942704a354494fc7d553fb0.pdf','application/pdf',71481,'2014-04-17 13:27:02',NULL,NULL,NULL,NULL),(39,NULL,NULL,69,'Radiospotkampagne Biergarten Eröffnung 2014.pdf','5e83101114ea6d546255ec6332e693ad968c1b85.pdf','application/pdf',677784,'2014-04-18 13:23:13',NULL,NULL,NULL,NULL),(40,NULL,NULL,71,'Hochzeitsmesse Würzburg.pdf','c7252a637e2ec11f77bf5b1e43c687a561b8b803.pdf','application/pdf',334826,'2014-04-18 18:13:54',NULL,NULL,NULL,NULL),(41,NULL,NULL,72,'Angebot_Muttertag_radiobremen.pdf','1c6e4aecd71de875d4420be3837c61de47c2713c.pdf','application/pdf',95322,'2014-04-19 09:44:38',NULL,NULL,NULL,NULL),(42,NULL,NULL,42,'Rechnung.JPG','997e1a2d4aa711336c6c595c0030dd8ab88d31f4.JPG','image/jpeg',487606,'2014-04-19 09:45:48',NULL,NULL,NULL,NULL),(43,NULL,NULL,17,'20140416-WB-WB-mzwo.02-Mainz-Hessen 811.pdf','f8d0e7e77720b54ef31912b0020912e4e16fd2af.pdf','application/pdf',401626,'2014-04-20 11:04:42',NULL,NULL,NULL,NULL),(44,NULL,NULL,86,'Tischkultur_2013-1.pdf','71f8997f4e077243e8900d4063a2da5401af3f76.pdf','application/pdf',4566062,'2014-04-20 15:08:09',NULL,NULL,NULL,NULL),(45,NULL,NULL,88,'Mediadaten_WM-Fieber2014.pdf','4685515498d39a52a1e870e5d881c236407d959f.pdf','application/pdf',3342082,'2014-04-20 15:26:36',NULL,NULL,NULL,NULL),(46,NULL,NULL,87,'Mediadaten_WM-Fieber2014.pdf','aefbda49ebc8eb75b74a76dbfb606dd7d05dfaee.pdf','application/pdf',3342082,'2014-04-20 15:27:05',NULL,NULL,NULL,NULL),(47,NULL,NULL,89,'Scan-19.03.14-08.12.pdf','de2b9b591ffcb0dd0fb6d7ec112ed9e91b870e74.pdf','application/pdf',375208,'2014-04-20 15:32:51',NULL,NULL,NULL,NULL),(48,NULL,NULL,89,'Scan-19.03.14-10.27.pdf','76554db97537e445d09c9b5bc5cd75533e3cebcb.pdf','application/pdf',381380,'2014-04-20 15:33:05',NULL,NULL,NULL,NULL),(49,NULL,NULL,89,'Scan-19.03.14-10.28.pdf','8a90382b6df2edfadb6d4744069ceda523be5038.pdf','application/pdf',515440,'2014-04-20 15:33:17',NULL,NULL,NULL,NULL),(50,NULL,NULL,89,'Scan-19.03.14-10.272.pdf','dc66013c89c27c5404955573e8c0e8289f3df74b.pdf','application/pdf',836901,'2014-04-20 15:33:30',NULL,NULL,NULL,NULL),(51,NULL,NULL,93,'in_muenchen_Mediadaten_2014.pdf','6dbdb6505794f6c8eb985bc333d40028dd0d3f2d.pdf','application/pdf',951025,'2014-04-24 13:25:42',NULL,NULL,NULL,NULL),(52,NULL,NULL,93,'in-münchen_Kalender2014.pdf','c4a8da6d5d9cdb0fb29d53eca85b8f50c5b96263.pdf','application/pdf',349970,'2014-04-24 13:26:00',NULL,NULL,NULL,NULL),(53,NULL,NULL,94,'Anzeigenauftrag.pdf','18e69f1c4e44cc21d9fca7e4c4b20ea1838f9cd8.pdf','application/pdf',246032,'2014-04-25 08:00:23',NULL,NULL,NULL,NULL),(54,NULL,NULL,69,'SPOT_RatskellerLB_Biergarten_neu.wav','f828f14eceb9154491baf667d30817e906efd744.wav','audio/x-wav',3600040,'2014-04-27 14:53:19',NULL,NULL,NULL,NULL),(55,NULL,NULL,97,'Scan.pdf','d47dddcc8c0e14f3ca20abebaac62c41cdc11b89.pdf','application/pdf',713012,'2014-04-27 15:35:19',NULL,NULL,NULL,NULL),(56,30,NULL,NULL,'Enchilada_eroeffnung.pdf','751fb6440f2d9a091d604730508bda43ba84b1b6.pdf','application/pdf',365470,'2014-04-29 21:10:34',NULL,NULL,NULL,NULL),(57,NULL,NULL,69,'Ratskeller LB_AUFTRAGSBESTÄTIGUNG_Apr-Mai.pdf','b3baab1a3c2210d375735c01c853885ed12db74f.pdf','application/pdf',193726,'2014-04-30 11:55:09',NULL,NULL,NULL,NULL),(58,NULL,NULL,92,'Besitos_78x63.pdf','4600ad706dfd8ec2f39017d3386e0f7f2a4b5791.pdf','application/pdf',2350968,'2014-04-30 13:56:44',NULL,NULL,NULL,NULL),(59,NULL,NULL,91,'Enchilada_78x63.pdf','d432bfdbf51d559d4a84bbeba5cf8c784f1ab5f0.pdf','application/pdf',2205619,'2014-04-30 13:58:25',NULL,NULL,NULL,NULL),(60,NULL,NULL,90,'AlterKranen_78x63.pdf','1cc51804c618460e83d1baed8b934fec4cfc9a7c.pdf','application/pdf',2235743,'2014-04-30 14:00:52',NULL,NULL,NULL,NULL),(61,NULL,NULL,NULL,'Mediadaten-Wegweiser-2015.pdf','9b6c0edf959fcb27da3beefae388f1d8a2c17beb.pdf','application/pdf',446030,'2014-04-30 19:17:20',NULL,NULL,NULL,NULL),(62,NULL,NULL,NULL,'Wegweiser 2014.pdf','23b69847cac62e3d255d12b3035d50f3195d5607.pdf','application/pdf',4317477,'2014-04-30 19:17:56',NULL,NULL,NULL,NULL),(63,NULL,NULL,82,'Wegweiser 2014.pdf','28d214dd7e77bb5354a58af99616ab346f3b7217.pdf','application/pdf',4317477,'2014-04-30 19:31:07',NULL,NULL,NULL,NULL),(64,NULL,10,NULL,'2014_PM_BGAK_Fasching.doc','324c533ed95e857faa08d8d6bd84c6ee54f063aa.doc','application/msword',82432,'2014-05-02 13:26:59',NULL,NULL,NULL,NULL),(65,NULL,11,NULL,'2014_PM_BGAK_Letztes_Kranenfrühstück.doc','f5913b35e5941ba244cc9a74c66f23dc0bd0d127.doc','application/msword',80896,'2014-05-02 13:27:34',NULL,NULL,NULL,NULL),(66,NULL,12,NULL,'2014_PM_BGAK_Ostern.doc','f8f2a9a0760ad1ed166c4e41f6730f2d0c1d27b6.doc','application/msword',85504,'2014-05-02 13:28:27',NULL,NULL,NULL,NULL),(67,NULL,13,NULL,'2014_PM_BGAK_Valentinstag.doc','7734b848b1f8a7633b5dd6e9ec0c05de1c0fd530.doc','application/msword',81408,'2014-05-02 13:28:54',NULL,NULL,NULL,NULL),(68,NULL,14,NULL,'2014_PM_Aposto_Bamberg_Ostern.doc','aaae9a63ee2a5dcfb3624f31e0d455de5c3b051c.doc','application/msword',102912,'2014-05-02 13:30:50',NULL,NULL,NULL,NULL),(69,NULL,15,NULL,'2014_PM_Aposto_Bamberg_Pasta.doc','5348ce771359440e5efcbb68606427a26aa5feba.doc','application/msword',103936,'2014-05-02 13:31:15',NULL,NULL,NULL,NULL),(70,NULL,16,NULL,'PM_Aposto_Bamberg_Mutter-Vatertag.doc','0d598dbec7625a5a58189676736ded29dc75929f.doc','application/msword',102400,'2014-05-02 13:32:28',NULL,NULL,NULL,NULL),(71,NULL,17,NULL,'2014_PM_Aposto_Bamberg_Italiener_in_NY.doc','6655cb388527d109d01d2fd7d8abc083dbc6a625.doc','application/msword',103424,'2014-05-02 13:33:19',NULL,NULL,NULL,NULL),(72,NULL,18,NULL,'2014_PM_Aposto_Mainz_Italiener_in_NY.doc','9cced2fc50065099ec00a5039e6240f47646a8e5.doc','application/msword',103936,'2014-05-02 13:34:00',NULL,NULL,NULL,NULL),(73,NULL,19,NULL,'2014_PM_Aposto_Mainz_Pasta.doc','4d8f83ac33793f5d3a752e720c5dfba5558127ff.doc','application/msword',103936,'2014-05-02 13:34:25',NULL,NULL,NULL,NULL),(74,NULL,20,NULL,'2014_PM_Aposto_Mainz_Fasenacht.doc','b0a768afcf14cbaab9776bfc1d02d5ad20b7a253.doc','application/msword',104960,'2014-05-02 13:35:15',NULL,NULL,NULL,NULL),(75,NULL,21,NULL,'2014_PM_Aposto_Mainz_Mamma Mia.doc','8a1702f57df0665de6fca2095051550a3ae1d3be.doc','application/msword',105984,'2014-05-02 13:36:01',NULL,NULL,NULL,NULL),(76,NULL,22,NULL,'2014_PM_Aposto_Mainz_Osterbrunch.doc','fdd080bf8dbc6a5cee3151edeb55609a3f84cd09.doc','application/msword',102400,'2014-05-02 13:37:21',NULL,NULL,NULL,NULL),(77,NULL,23,NULL,'2014_PM_Aposto_Schweinfurt_Italiener_in_NY.doc','29b42df10b0eec4b00bbc260ac84987a69fb899b.doc','application/msword',103424,'2014-05-02 13:40:49',NULL,NULL,NULL,NULL),(78,NULL,24,NULL,'2014_PM_Aposto_Schweinfurt_Pasta.doc','9f637b0daa4c0ea9a290a7e739526036b9496fce.doc','application/msword',104960,'2014-05-02 13:41:18',NULL,NULL,NULL,NULL),(79,NULL,25,NULL,'2014_PM_Aposto_Schweinfurt_Valentinstag.doc','fbb72e9ce01abe19bdddf6d9dcaafaa470b6cf66.doc','application/msword',104960,'2014-05-02 13:41:51',NULL,NULL,NULL,NULL),(80,NULL,26,NULL,'2014_PM_Besitos_Grillwochen.doc','47caec20819396f51c84f6a905cbd622b0c932a7.doc','application/msword',245248,'2014-05-02 13:44:53',NULL,NULL,NULL,NULL),(81,NULL,27,NULL,'2014_Besitos Stuttgart Grillwochen.doc','9eccca7f674a0c547262031d3caaefa0fc65f03f.doc','application/msword',235520,'2014-05-02 13:56:23',NULL,NULL,NULL,NULL),(82,NULL,28,NULL,'2014_Besitos Stuttgart Karneval.doc','ccc8a42f4e38b95ab427d60b6b4664b3fcf908d7.doc','application/msword',234496,'2014-05-02 13:56:57',NULL,NULL,NULL,NULL),(83,NULL,29,NULL,'2014_Besitos Stuttgart Brunch.doc','f74a88b7eff1c013b08a853c218a540ce2e19aa7.doc','application/msword',236032,'2014-05-02 13:57:25',NULL,NULL,NULL,NULL),(84,NULL,30,NULL,'2014_Besitos Stuttgart Mutter-Vatertag.doc','3050f4677e37612d45b9373d02bfe09127fb7bc6.doc','application/msword',236032,'2014-05-02 13:58:05',NULL,NULL,NULL,NULL),(85,NULL,31,NULL,'2014_PM_Big_Easy_Mainz_Mitarbeitersuche.doc','9143e597eba41c71efc1760699dce785d1fdd352.doc','application/msword',1150976,'2014-05-02 17:56:53',NULL,NULL,NULL,NULL),(86,NULL,32,NULL,'NEU_2014_PM_Big Easy_Mainz_Eröffnung.doc','fd29662d6be7f9af36ae0c76f07193b3ec631c69.doc','application/msword',1144832,'2014-05-02 18:03:24',NULL,NULL,NULL,NULL),(87,NULL,33,NULL,'2014_PM_Big Easy_Burger.doc','a5aa7fc697299c5467fce69c1a5e6640fdda1795.doc','application/msword',1154560,'2014-05-02 18:09:41',NULL,NULL,NULL,NULL),(88,NULL,34,NULL,'2014_PM_Big_Easy_Vater-Muttertag.doc','a4a4516b803c585eef9d2b60e9fa13b9488927ce.doc','application/msword',1155072,'2014-05-02 18:12:40',NULL,NULL,NULL,NULL),(89,NULL,NULL,69,'Mitschnitt_Neu DaletHD Stuttgart Neu_30.04.2014_18_35.45_36.53.mp3','cc39bed1c6e821b4fcaf8bb227d8a7ebddda1288.mp3','audio/mpeg',1088783,'2014-05-05 20:36:13',NULL,NULL,NULL,NULL),(90,NULL,NULL,NULL,'Whats_Up_Flyer_Rates_2014_Email.pdf','569b5572fbfe85c1688170edc3fd02d24ecb6278.pdf','application/pdf',1720417,'2014-05-05 20:42:35',68,NULL,NULL,NULL),(91,NULL,NULL,NULL,'Angebotsabgabe für Printanzeigen.docx','9184af61d33090261b16660a44cc8940a7afad0e.docx','application/vnd.openxmlformats-officedocument.wordprocessingml.document',56645,'2014-05-05 20:56:30',69,NULL,NULL,NULL),(92,NULL,NULL,NULL,'Mediadaten2014.pdf','cd945132e03a0b2c6e00d95031f2f91932bc0d9a.pdf','application/pdf',2311925,'2014-05-05 20:56:46',69,NULL,NULL,NULL),(93,NULL,35,NULL,'2014_Besitos Stuttgart_Fußball-WM.doc','72c0ece2f7a4237ddd0c789a5536fd1e8b9d0747.doc','application/msword',236032,'2014-05-06 17:18:39',NULL,NULL,NULL,NULL),(94,NULL,36,NULL,'2014_PM_Aposto_Schweinfurt_FußballWM.doc','c101c52876a1f34e99170fd510dd8e518c2863da.doc','application/msword',94720,'2014-05-06 17:23:23',NULL,NULL,NULL,NULL),(95,42,NULL,NULL,'Hotelfolder_DINlang_6s_hoch_hinten.jpg','45e7b5561243ad3ac1e25d3d32599b8de72d076c.jpg','image/jpeg',1895354,'2014-05-08 11:38:13',NULL,NULL,NULL,NULL),(96,42,NULL,NULL,'Hotelfolder_DINlang_6s_hoch_vorne.jpg','616d5e91724c08faa5046ae108013cb73cf2b8ad.jpg','image/jpeg',1426516,'2014-05-08 11:38:27',NULL,NULL,NULL,NULL),(97,NULL,NULL,100,'LD71638-03-17.PDF','4e4974e4a6e4f1ec3fc1f5368ec71c84962d9c74.PDF','application/pdf',1188179,'2014-05-08 23:37:15',NULL,NULL,NULL,NULL),(98,NULL,37,NULL,'2014_PM_Aschaffenburg_Sommerfest.doc','08d6b1535d3f7e711b211850560ddc2ed27fc30a.doc','application/msword',484864,'2014-05-09 13:52:03',NULL,NULL,NULL,NULL),(99,NULL,39,NULL,'2014_PM_Aposto_Bamberg_FußballWM.doc','0007b028b0f4eee82936970e29948b2f66d7d9e4.doc','inode/x-empty',0,'2014-05-09 19:05:32',NULL,NULL,NULL,NULL),(100,NULL,NULL,16,'EnchiladaWiesbaden_19,367x5,08.pdf','c19e4870ad0c69b66e7d631c94f29e85f40cda39.pdf','application/pdf',3026054,'2014-05-10 20:24:04',NULL,NULL,NULL,NULL),(101,19,NULL,NULL,'Aufstellung Werbekosten Sommerfest.xlsx','414136da20fb1c6cda1d967641c1ad132e41046f.xlsx','application/vnd.openxmlformats-officedocument.spreadsheetml.sheet',9824,'2014-05-11 11:56:17',NULL,NULL,NULL,NULL),(102,NULL,40,NULL,'2014_PM_Gießen_Fußball-WM.doc','3b5c4d69cee089d9c9535762a09cf79a1ffa566f.doc','application/msword',473600,'2014-05-11 12:00:48',NULL,NULL,NULL,NULL),(103,NULL,41,NULL,'2014_PM_Aschaffenburg_Fußball-WM.doc','7367391e2de1a68312330680ed4951e9783a290e.doc','application/msword',475648,'2014-05-11 12:03:00',NULL,NULL,NULL,NULL),(104,NULL,NULL,NULL,'50 jahre mz_mediadaten.pdf','a1253fccb709736f2638f24a7d01fa0ae0ccb82e.pdf','application/pdf',3525137,'2014-05-11 12:12:00',14,NULL,NULL,NULL),(105,NULL,40,NULL,'2014_PM_Gießen_Fußball-WM.doc','8f2be61c72a38dc169d5976e4aa6cf28199a5317.doc','application/msword',483328,'2014-05-13 11:09:02',NULL,NULL,NULL,NULL),(106,NULL,36,NULL,'2014_PM_Aposto_Schweinfurt_Fußball.doc','bdf7faff254fae212674574046646bb7fe47155b.doc','application/msword',105472,'2014-05-13 11:22:20',NULL,NULL,NULL,NULL),(107,NULL,35,NULL,'2014_Besitos Stuttgart_Fußball.doc','d74d6173b0c97cf57845b5e0047822352b733bf4.doc','application/msword',246784,'2014-05-13 12:17:49',NULL,NULL,NULL,NULL),(108,NULL,42,NULL,'2014_Besitos Würzburg_FußballWM.doc','e81425ea0d24226ac885a0ecf68508286ed14d27.doc','application/msword',235520,'2014-05-14 06:47:25',NULL,NULL,NULL,NULL),(109,NULL,39,NULL,'2014_PM_Aposto_Bamberg_FußballWM.doc','1d2044054689c070980756c36ae2a05151e728a5.doc','application/msword',95744,'2014-05-14 06:49:25',NULL,NULL,NULL,NULL),(110,NULL,43,NULL,'2014_PM_Bremen_Fußball-WM.doc','1b776efa8f04a0d08075f0418fb1553963011d68.doc','application/msword',473088,'2014-05-14 07:07:32',NULL,NULL,NULL,NULL),(111,NULL,44,NULL,'2014_PM_Mannheim_Wette.doc','3020b67a90b668c369bf2e2c0cd9a853896c405b.doc','application/msword',484352,'2014-05-14 19:30:20',NULL,NULL,NULL,NULL),(112,NULL,NULL,NULL,'Aufstellung Werbekosten Sommerfest.xlsx','a9f947f83becae87e6a8bc790f0195c165ab0fe1.xlsx','application/vnd.openxmlformats-officedocument.spreadsheetml.sheet',9824,'2014-05-15 13:17:51',NULL,NULL,61,NULL),(113,NULL,45,NULL,'2014_PM_Besitos_Mainz_FußballWM.doc','c1cf05facef9cb67146c14c01c54afea4ac9ef90.doc','application/msword',244224,'2014-05-15 13:48:09',NULL,NULL,NULL,NULL),(114,NULL,46,NULL,'2014_PM_Ratskeller_Saarb_FußballWM.doc','ca242a128017a79f5912b2ffe895e4c35e7eaec3.doc','application/msword',296960,'2014-05-15 13:51:13',NULL,NULL,NULL,NULL),(115,NULL,47,NULL,'2014_PM_Schweinfurt_Fußball-WM.doc','e4e52c21caf2b6d32aebfa2d0f0b77b25e3b1cc6.doc','',475648,'2014-05-15 14:18:35',NULL,NULL,NULL,NULL),(116,NULL,48,NULL,'2014_PM_Stuttgart_Fußball-WM.doc','f33cc1c3aad176c13f3344317b7efea5f0dd8535.doc','application/msword',473088,'2014-05-15 15:33:43',NULL,NULL,NULL,NULL),(117,NULL,50,NULL,'2014_PM_Mannheim_Fußball-WM.doc','84ebfa9f939f4be9f13d8ffa17226f017510cc81.doc','application/msword',475136,'2014-05-15 19:53:15',NULL,NULL,NULL,NULL),(118,NULL,51,NULL,'2014_PM_Würzburg_Fußball-WM.doc','3b0395ba22a9d5f6a648c356852cc48440e2bae6.doc','application/msword',475136,'2014-05-16 07:11:43',NULL,NULL,NULL,NULL),(119,NULL,52,NULL,'2014_PM_Aposto_Mainz_Fußball-WM.doc','657159c335ed4bb75d9bc55e92c0f684bf896cca.doc','application/msword',103424,'2014-05-18 19:03:43',NULL,NULL,NULL,NULL),(120,NULL,NULL,122,'Rechnung Nr. 2014050234.pdf','6df785373a0e0ba0bad4eef10df70964caee90cf.pdf','application/pdf',335747,'2014-05-19 08:34:34',NULL,NULL,NULL,NULL),(121,NULL,53,NULL,'2014_Wiesbaden_Fußball-WM.doc','935c6f104c978330a6faac252cad591170bbeadd.doc','application/msword',475136,'2014-05-19 14:32:31',NULL,NULL,NULL,NULL),(122,NULL,43,NULL,'2014_PM_Bremen_Fußball-WM.doc','73127645ce161cbb2a8e72f17e2d074a83ec0098.doc','application/msword',482304,'2014-05-20 21:22:07',NULL,NULL,NULL,NULL),(123,NULL,54,NULL,'201401_PM_Besitos-Würzburg.pdf','b72c3abefbe73df953df5e76fb8efacc1774e1b6.pdf','application/pdf',345658,'2014-05-22 09:05:29',NULL,NULL,NULL,NULL),(124,NULL,55,NULL,'2014_PM_Aschaffenburg_Neue_Karte.doc','5d968cab8522de6d8fedae666e01ede395af49cf.doc','application/msword',484352,'2014-05-22 09:10:49',NULL,NULL,NULL,NULL),(125,NULL,56,NULL,'2014_Fasching_PM_Aschaffenburg.doc','0bb171ac35e883a34932a59980d08f7a3b287c21.doc','application/msword',485888,'2014-05-22 09:12:33',NULL,NULL,NULL,NULL),(126,NULL,57,NULL,'2014_Cocktail Casino_PM_Aschaffenburg.doc','3c780c17170158a9fe47959ea1b5be3b44c7e501.doc','application/msword',484864,'2014-05-22 09:13:45',NULL,NULL,NULL,NULL),(127,NULL,58,NULL,'2014_PM_Gießen_FajitaDay.doc','82e06c13587ad1d74c83a6cc68c3a700bbdf841d.doc','application/msword',483328,'2014-05-22 09:18:46',NULL,NULL,NULL,NULL),(128,NULL,59,NULL,'2014_PM_Gießen_MexicoyEspana.doc','f88143344f0cfadab3ef131e09547082e286113f.doc','application/msword',480768,'2014-05-22 09:19:34',NULL,NULL,NULL,NULL),(129,NULL,60,NULL,'2014_PM_Gießen_Neue_Karte.doc','720e627c7d482ef17bf412c8a4529d759ac59139.doc','application/msword',483328,'2014-05-22 09:20:30',NULL,NULL,NULL,NULL),(130,NULL,61,NULL,'2014_Casino Mexicano_Mannheim.doc','2ea5e35469a9846a7baf01a6e29d16d3704cf68b.doc','application/msword',473600,'2014-05-22 09:23:34',NULL,NULL,NULL,NULL),(131,NULL,62,NULL,'2014_MexicoyEspana_Mannheim.doc','2d4d8c3c426bc1dca60f6a5ce5e2f685ba45c57e.doc','application/msword',483840,'2014-05-22 09:24:38',NULL,NULL,NULL,NULL),(132,NULL,63,NULL,'2014_Muttertag_Vatertag_Mannheim.doc','2f8673e1b255f46853de8cef8c634b8753ba0bad.doc','application/msword',483328,'2014-05-22 09:26:05',NULL,NULL,NULL,NULL),(133,NULL,64,NULL,'2014_Neue_Karte_Mannheim.doc','2c8ae80cb0697e7ee32d79a2584444c5b0097aa5.doc','application/msword',484864,'2014-05-22 09:26:48',NULL,NULL,NULL,NULL),(134,NULL,65,NULL,'2014_Valentinstag_Mannheim.doc','1847583624fe719ca13135fbabbc47aadeae0e28.doc','application/msword',483328,'2014-05-22 09:28:13',NULL,NULL,NULL,NULL),(135,NULL,66,NULL,'Imagetext_Enchilada Mannheim.doc','ab7b2c0905b1e0d84537a8c4de3841bf395eb64c.doc','application/msword',479744,'2014-05-22 09:29:02',NULL,NULL,NULL,NULL),(136,NULL,67,NULL,'PM_Enchilada_Marburg_Eröffnungsparty.doc','5a9d6ce2d81fb06e098cd8abeff6e2b9e59b9d6a.doc','application/msword',483840,'2014-05-22 09:32:11',NULL,NULL,NULL,NULL),(137,NULL,68,NULL,'PM_Enchilada-Marburg-After-Baustellenpressekonferenz.doc','30ec161ad4c48cb724f925b8ae3de34a009ea690.doc','application/msword',491008,'2014-05-22 09:33:18',NULL,NULL,NULL,NULL),(138,NULL,69,NULL,'PM_Enchilada-Marburg-FirstFinal.doc','1afbfe4b8418de3525e1d48519e0d6ac48d93e0f.doc','application/msword',487936,'2014-05-22 09:33:59',NULL,NULL,NULL,NULL),(139,NULL,70,NULL,'PM_Enchilada-Marburg-Geöffnet.doc','ce1acf80ea74b6336fd8fbaf11c56b2b333d7a5d.doc','application/msword',491008,'2014-05-22 09:34:38',NULL,NULL,NULL,NULL),(140,NULL,71,NULL,'2014_PM_15Tage_15Euro_Schweinfurt.doc','e21982a74bb9a1e54b96212cd1a2bf229cfaa3b0.doc','application/msword',483328,'2014-05-22 09:38:08',NULL,NULL,NULL,NULL),(141,NULL,72,NULL,'2014_PM_MexicoyEspana_Schweinfurt.doc','f98322e457df5d70ff3ba8b4a41b7f8144cd5fd7.doc','application/msword',483840,'2014-05-22 09:38:44',NULL,NULL,NULL,NULL),(142,NULL,73,NULL,'2014_PM_Neue_Karte_Schweinfurt.doc','21a73f650de7e891e4273dffb6b247f63b5b3bda.doc','application/msword',485376,'2014-05-22 09:39:21',NULL,NULL,NULL,NULL),(143,NULL,74,NULL,'2014_PM_MexicoYEspana_Stuttgart.doc','739a12a8228bfd61e941fad0ccbd998d594558c3.doc','application/msword',482304,'2014-05-22 09:41:27',NULL,NULL,NULL,NULL),(144,NULL,75,NULL,'2014_PM_NeueKarte_Stuttgart.doc','523f14af7e62ed5c86ddbdedd32ca836b934acd2.doc','application/msword',481280,'2014-05-22 09:43:18',NULL,NULL,NULL,NULL),(145,NULL,76,NULL,'2014_Fajita-Day_Wiesbaden.doc','cdbce424342efbe4c57147dff6b2d407d4715cf3.doc','application/msword',484864,'2014-05-22 09:47:08',NULL,NULL,NULL,NULL),(146,NULL,77,NULL,'2014_MexicoyEspana_Wiesbaden.doc','a2d8727ff73aa46a1dfaf19ff2dc569733aa9bef.doc','application/msword',484864,'2014-05-22 09:48:11',NULL,NULL,NULL,NULL),(147,NULL,78,NULL,'2014_Neue_Karte_Wiesbaden.doc','07352b67049f16d5a5b172aa566cb75bcd77dd16.doc','application/msword',483840,'2014-05-22 09:48:58',NULL,NULL,NULL,NULL),(148,NULL,79,NULL,'PM_Cocktail Casino Wiesbaden.doc','506371a08c880a0dd0d811f877ad60f3b2965902.doc','application/msword',471552,'2014-05-22 09:49:36',NULL,NULL,NULL,NULL),(149,NULL,80,NULL,'2014_Altweiberfasching_PM_Würzburg.doc','c4a4e6d34d68d1c8a1d0c1f27f929d28222cc016.doc','application/msword',483328,'2014-05-22 09:52:20',NULL,NULL,NULL,NULL),(150,NULL,81,NULL,'2014_MexicoyEspana_Würzburg_Neu.doc','81e147721a53e7a354faba6076e7acc6625efd5b.doc','application/msword',483840,'2014-05-22 09:53:07',NULL,NULL,NULL,NULL),(151,NULL,82,NULL,'2014_PM_Ratskeller_LuBu_Biergarteneröffnung.doc','b31591b2dc265ac3f1d784d9a73fd4dc0350d3eb.doc','application/msword',1108480,'2014-05-22 10:02:45',NULL,NULL,NULL,NULL),(152,NULL,83,NULL,'2014_PM_Ratskeller_LuBu_Konzert_SGmelch.doc','d1add2730ec63d56554c703be2aac6282d31d1e5.doc','application/msword',1111040,'2014-05-22 10:04:10',NULL,NULL,NULL,NULL),(153,NULL,84,NULL,'2014_PM_Ratskeller_LuBu_Valentinstag.doc','8f5e4e32ea76faf8f8de5fde15f6091a23ce3528.doc','application/msword',1109504,'2014-05-22 10:04:52',NULL,NULL,NULL,NULL),(154,NULL,85,NULL,'2014_PM_Ratskeller_Saarb_1.Mai.doc','41d4d65573afe37dcde89840792236aa4eae3c10.doc','application/msword',308224,'2014-05-22 10:07:38',NULL,NULL,NULL,NULL),(155,NULL,86,NULL,'2014_PM_Ratskeller_Saarb_Fasching.doc','c85aa3405372d0f36733f68db2d7a626a200460e.doc','application/msword',308736,'2014-05-22 10:08:25',NULL,NULL,NULL,NULL),(156,NULL,87,NULL,'2014_PM_Ratskeller_Saarb_Ratsstunde.doc','ea31d5caa37de68a7293201ccc1f9fd59f90aecb.doc','application/msword',296960,'2014-05-22 10:09:06',NULL,NULL,NULL,NULL),(157,NULL,88,NULL,'2014_PM_Ratskeller_Saarb_Valentinstag.doc','001b1af7f5b421f58f92c2028060a9963e6fabfb.doc','application/msword',308224,'2014-05-22 10:11:37',NULL,NULL,NULL,NULL),(158,NULL,89,NULL,'2014_PM_Ratskeller_Saarb_Vernissage.doc','0ac43c1a4defcda29280a61aa7dfdd93cef408c9.doc','application/msword',296448,'2014-05-22 10:12:19',NULL,NULL,NULL,NULL),(159,NULL,90,NULL,'PM_Ratskeller_Ratsstunde.doc','ff3b40570e05b3ae38b4904b9ce7112b3d97cce5.doc','application/msword',308224,'2014-05-22 10:12:58',NULL,NULL,NULL,NULL),(160,NULL,91,NULL,'2014_PM_Big Easy_Burger.doc','4ad2da2d4812cd73efd10100d344a945bcbeda78.doc','application/msword',1154560,'2014-05-22 10:18:06',NULL,NULL,NULL,NULL),(161,NULL,92,NULL,'2014_PM_Big_Easy_Vater-Muttertag.doc','1c82f96063530ec4c70ac9a36501f08c8ed02535.doc','application/msword',1155072,'2014-05-22 10:19:20',NULL,NULL,NULL,NULL),(162,NULL,32,NULL,'NEU_2014_PM_Big Easy_Mainz_Eröffnung.doc','0915eec0b4e1bca698517d1b4484ba40ae2937da.doc','application/msword',1153536,'2014-05-23 11:17:57',NULL,NULL,NULL,NULL),(163,NULL,94,NULL,'NEU_2014_PM_Ratskeller_LuBu_FußballWM.doc','5c479feb11a1c5f2e5a90e1b1282c52f5cc1e4de.doc','application/msword',1093632,'2014-05-23 18:17:27',NULL,NULL,NULL,NULL),(164,NULL,47,NULL,'2014_PM_Schweinfurt_Fußball-WM.doc','0932dbc9f0054b58e6a716025f94fb8431471fc5.doc','application/msword',485376,'2014-05-23 18:35:58',NULL,NULL,NULL,NULL),(165,NULL,95,NULL,'2014_PM_Gießen_Fußball-WM_Tippspiel.doc','c9569801266b965a34a28d5c7557d3fceab296f6.doc','application/msword',483840,'2014-05-24 20:01:57',NULL,NULL,NULL,NULL),(166,NULL,NULL,NULL,'2014_PM_Gießen_Fußball-WM_Tippspiel.doc','0f7c0399522ef159122b6d65924b42dc269d0092.doc','application/msword',483840,'2014-05-30 15:27:34',NULL,NULL,NULL,NULL),(167,NULL,NULL,NULL,'hhe.jpg','9ea08741cc088152d7d6135937b6ca35c0018bad.jpg','image/jpeg',45306,'2014-05-31 03:22:53',NULL,NULL,NULL,NULL),(168,NULL,49,NULL,'2014_PM_Bremen_Image.doc','1ad2cff47371b53f2c21308be20c64715288a9e4.doc','application/msword',472576,'2014-05-31 11:49:59',NULL,NULL,NULL,NULL),(169,NULL,NULL,130,'Infoblatt Gutscheine WS2014.pdf','7b9aaefe8612f4cb0d9bc71a774266d1c26ee875.pdf','application/pdf',766412,'2014-06-04 23:08:19',NULL,NULL,NULL,NULL),(172,NULL,99,NULL,'2014_PM_Aschaffenburg_Fußball-WM.doc','ac6c0fc342826de108ca953632a83ca52f01b55f.doc','application/msword',485888,'2014-06-05 13:45:28',NULL,NULL,NULL,NULL),(173,NULL,97,NULL,'2014_PM_BGAK_Fußball.doc','d17fab1bfee74b8511209924386005ae097d0bdd.doc','application/msword',84480,'2014-06-05 14:05:32',NULL,NULL,NULL,NULL),(174,NULL,93,NULL,'PM_Big_Easy_04072014.docx','84572980585c987f72b35f5af2c3e9645c131963.docx','application/vnd.openxmlformats-officedocument.wordprocessingml.document',1134839,'2014-06-05 14:23:00',NULL,NULL,NULL,NULL),(175,NULL,NULL,134,'Public_Viewing_Kundeninfo_Formular-2014.pdf','37df6390868f713264651793c0a9755e2935388e.pdf','application/pdf',60424,'2014-06-06 10:49:26',NULL,NULL,NULL,NULL),(176,NULL,45,NULL,'2014_PM_Besitos_Mainz_FußballWM.doc','aaeb6d0965fb3ccfc0eb9d0b727cf69a491768f5.doc','application/msword',244224,'2014-06-07 01:33:37',NULL,NULL,NULL,NULL),(177,NULL,98,NULL,'2014_PM_Big Easy_Mainz_FußballWM.doc','641b8b0c87d348b112dd0e5bd98689b642a2841a.doc','application/msword',1152000,'2014-06-10 01:45:06',NULL,NULL,NULL,NULL),(178,NULL,107,NULL,'2014_PM_Schweinfurt_Erste Highlights.docx','7d7c58d290734d489b5718ef6901a9b5df909a63.docx','application/vnd.openxmlformats-officedocument.wordprocessingml.document',220247,'2014-06-16 00:40:30',NULL,NULL,NULL,NULL),(179,NULL,108,NULL,'2014_PM_Schweinfurt_Tim Toupet.docx','0ba98713f0403b4034b8f7019dd3a2a3dce1e5de.docx','application/vnd.openxmlformats-officedocument.wordprocessingml.document',219971,'2014-06-16 00:48:51',NULL,NULL,NULL,NULL),(180,NULL,109,NULL,'2014_PM_Schweinfurt_Kindertag.docx','04560218665ffce01a2eaf04fbf3e2433417b4b0.docx','application/vnd.openxmlformats-officedocument.wordprocessingml.document',220000,'2014-06-25 03:19:26',NULL,NULL,NULL,NULL),(181,NULL,NULL,138,'E140679 AB -GX- SELECT  Paket 2014 - 2015  - Enchilada Aschaffenburg GmbH.pdf','b3725d9e6a5a046920251609f95d2d5209797c6f.pdf','application/pdf',795748,'2014-06-25 15:14:26',NULL,NULL,NULL,NULL),(182,NULL,NULL,138,'E140679 EP -PV- SELECT  Paket - Enchilada Aschaffenburg GmbH.pdf','5a70428f576ee22565f610ea507c156caa0ee3c9.pdf','application/pdf',3037,'2014-06-25 15:16:17',NULL,NULL,NULL,NULL),(183,NULL,NULL,138,'E140694 EP -GX- SELECT  Paket - Enchilada Aschaffenburg GmbH.pdf','e06c4fa475905c2830262f8a1325b9eab6ae38df.pdf','application/pdf',3062,'2014-06-25 15:16:34',NULL,NULL,NULL,NULL),(184,NULL,102,NULL,'2014_PM_Gießen_15-Tage.doc','20d10523e96e7fe0b88c7cddd2ac075aca3221aa.doc','application/msword',483328,'2014-06-25 19:34:26',NULL,NULL,NULL,NULL),(185,NULL,NULL,139,'Sommer-Sonne-Angebot 2014.doc','b46cf338cb2017eacb50bd4f59570d57e2323b2c.doc','application/msword',149504,'2014-06-26 19:43:42',NULL,NULL,NULL,NULL),(186,NULL,NULL,140,'AUFTRAGSBESTÄTIGUNG Aposto.pdf','831a17f52ce8473af6f88e7a49a5ac97ab49a7f6.pdf','application/pdf',32267,'2014-06-26 19:56:17',NULL,NULL,NULL,NULL),(188,NULL,NULL,141,'AUFTRAGSBESTÄTIGUNG Big Easy.pdf','f657bf7d843b468ebb603859d63a213a0880128c.pdf','application/pdf',32244,'2014-06-26 19:58:01',NULL,NULL,NULL,NULL),(190,NULL,NULL,142,'AUFTRAGSBESTÄTIGUNG_Jahresauftrag_Besitos.pdf','668befd4ac19766f627ac067b080f46b6a543d47.pdf','application/pdf',61994,'2014-06-26 19:58:23',NULL,NULL,NULL,NULL),(191,NULL,NULL,NULL,'Gera Tourismus.JPG','3d2953a9e6e69cc936ecc8fa45b995dd65c6b520.JPG','image/jpeg',182670,'2014-06-29 01:00:42',NULL,NULL,126,NULL),(192,NULL,NULL,143,'BESITOS Kommunikations- Image-Package Gold plus.pdf','8dd6bb4e702293458fcbcde07c118fcfb97cfe45.pdf','application/pdf',660350,'2014-06-29 01:32:36',NULL,NULL,NULL,NULL),(193,NULL,NULL,NULL,'SGA2015.pdf','166c3c074188cc0e90747e6fb31aa29d32a32944.pdf','application/pdf',5746072,'2014-07-01 11:59:31',83,NULL,NULL,NULL),(194,NULL,NULL,NULL,'Tarife 2014.pdf','9d4139a18c04affa88ea8c5368dc4ef2708392f4.pdf','application/pdf',3910565,'2014-07-01 12:01:56',NULL,5,NULL,NULL),(195,NULL,NULL,NULL,'Mediadaten Charviari Würzburg.doc','64cacf721925d74651b0fd1ea38f091920b0a934.doc','application/msword',31744,'2014-07-01 13:46:29',82,NULL,NULL,NULL),(196,NULL,NULL,NULL,'Mediadaten Gong Würzburg.doc','531e476b46635dbd3b91878636ed14fcd3424b19.doc','application/msword',95232,'2014-07-01 13:47:39',81,NULL,NULL,NULL),(197,NULL,NULL,NULL,'Mediadaten 2013.pdf','b5fdf2214fd29f36240215a2dc11b1417a0faf8c.pdf','application/pdf',1454324,'2014-07-01 13:48:18',NULL,6,NULL,NULL),(198,NULL,NULL,NULL,'si_mediadaten_ws2014_15_ma.pdf','f4c6a6f4c14b0fec201c414a6ebcb89028e4d52b.pdf','application/pdf',715008,'2014-07-01 16:18:40',84,NULL,NULL,NULL),(201,NULL,NULL,138,'E140679 EP GX Enchilida-WMSpotsJuli.pdf','99be43ee787cd94713192fee4e84e362a17eee44.pdf','application/pdf',2855,'2014-07-02 03:22:11',NULL,NULL,NULL,NULL),(202,NULL,NULL,138,'E140679 EP PV Enchilida-WMSpotsJuli.pdf','982461871613ffe98e65c0dea18a0a346a29d015.pdf','application/pdf',2811,'2014-07-02 03:22:35',NULL,NULL,NULL,NULL),(203,NULL,NULL,NULL,'Datenblatt.LS+LR.pdf','3a7c5f80209f8aed58991950613c6049d3971b9a.pdf','application/pdf',1981773,'2014-07-02 03:37:51',86,NULL,NULL,NULL),(204,NULL,NULL,NULL,'Aposto Franchise Rabatt Angebot Mainz-06-014.pdf','586a6ebd2e91fe0a6911b3b35b182abc4ee7d860.pdf','application/pdf',37385,'2014-07-02 03:38:45',86,NULL,NULL,NULL),(205,NULL,NULL,NULL,'MAINZ.Leuchtmedien.JPG','5163736ff4f2022c326e41b6ac0d1ebe3753f642.JPG','image/jpeg',838727,'2014-07-02 03:39:09',86,NULL,NULL,NULL),(208,NULL,NULL,69,'Leistungsübersicht.pdf','ecbe1ed3eabfce7a7aeafc7a99e642ab49128692.pdf','application/pdf',1299370,'2014-07-06 05:58:17',NULL,NULL,NULL,NULL),(212,NULL,NULL,NULL,'Hotelfolder_DINlang_hoch_hinten.jpg','9d363d185d1fae818e3b2f8e43a061d660513bb8.jpg','image/jpeg',6089140,'2014-07-08 15:40:48',NULL,NULL,120,NULL),(213,NULL,NULL,NULL,'Hotelfolder_DINlang_hoch_vorne.jpg','9741db929b5a5135a5b29c9c912b5eed6de8fb16.jpg','image/jpeg',6197212,'2014-07-08 15:41:14',NULL,NULL,120,NULL),(214,NULL,NULL,NULL,'beon Agenturangebot.pdf','32c69c05d1fd97bf2b1c9f87571668a2b7df8614.pdf','application/pdf',16333,'2014-07-08 20:02:09',NULL,10,NULL,NULL),(215,NULL,NULL,NULL,'Datenblatt.LS+LR.pdf','5272fa99137584d4b65c3a43cedbc8f520481a27.pdf','application/pdf',1981773,'2014-07-08 20:02:27',NULL,10,NULL,NULL),(216,NULL,NULL,NULL,'Fotodokumentation Leuchtrahmen.JPG','33c06a425fb150030e578cc80328cb4f455b685c.JPG','image/jpeg',726995,'2014-07-08 20:02:40',NULL,10,NULL,NULL),(217,NULL,NULL,NULL,'Fotodokumentation Leuchtsäulen.jpg','acf3ce24738cc020434d6f67db2ebe4948e2f497.jpg','image/jpeg',304648,'2014-07-08 20:02:55',NULL,10,NULL,NULL),(218,NULL,105,NULL,'2014_PM_Aposto_Mainz_Meeresschätze.doc','c54745831ab5f184d285d44431650e07fa7c6e4a.doc','application/msword',105472,'2014-07-09 18:45:59',NULL,NULL,NULL,NULL),(219,NULL,106,NULL,'2014_PM_Aposto_Schweinfurt_Meeresschätze.doc','25bcfad17dbe76bb51acf2a6baf0a81d8992a029.doc','application/msword',105984,'2014-07-09 18:54:03',NULL,NULL,NULL,NULL),(220,NULL,104,NULL,'2014_PM_Besitos_Würzburg_Baleares.doc','4424dc457b636a3915b30a9c0cb472c57d18907d.doc','application/msword',245760,'2014-07-09 19:04:03',NULL,NULL,NULL,NULL),(221,NULL,103,NULL,'2014_PM_Besitos_Stuttgart_Baleares.doc','0fc34a74eab6b5bea841651b5bd1229dfc925b17.doc','application/msword',246272,'2014-07-09 19:08:52',NULL,NULL,NULL,NULL),(222,NULL,101,NULL,'2014_PM_Besitos_Mainz_Baleares.doc','0656a0610c033d8b89b456b714159a0a2939f8c6.doc','application/msword',246272,'2014-07-09 19:14:25',NULL,NULL,NULL,NULL),(223,NULL,NULL,147,'SDB005614070909440.pdf','cf12a87cda843c83adb409261bc3005acd4598ae.pdf','application/pdf',522196,'2014-07-09 20:35:02',NULL,NULL,NULL,NULL),(224,NULL,NULL,NULL,'Mediadaten bigFM Saarland 2014 - aktuell.pdf','02b91a9e9cea5096f01d9a6e189d8f0c3b96c221.pdf','application/pdf',1902460,'2014-07-09 20:38:08',28,NULL,NULL,NULL),(225,NULL,NULL,NULL,'Thüringen Kulturspiegel Mai 2014_web.pdf','c1ef16bf3faf9b444171ff0645011467cfc58c5a.pdf','application/pdf',2206310,'2014-07-11 20:32:06',93,NULL,NULL,NULL),(226,NULL,NULL,NULL,'Mediadaten.pdf','e5a09449125648f8bd356c9abdb47b68ec873400.pdf','application/pdf',31698,'2014-07-11 20:32:51',93,NULL,NULL,NULL),(227,NULL,NULL,NULL,'Werbeplanen Stellplätze.pdf','71a21e8e8be4431552a287dc43498a78fbfa9e18.pdf','application/pdf',2950243,'2014-07-11 20:35:02',94,NULL,NULL,NULL),(228,59,NULL,NULL,'20140712_Spotkonzept.docx','93ce53a52f926419675159b9facec402d8ddcb95.docx','application/vnd.openxmlformats-officedocument.wordprocessingml.document',51690,'2014-07-12 12:33:14',NULL,NULL,NULL,NULL),(230,NULL,117,NULL,'2014_SKN_13_PM_Final.doc','60d2ab8bfc5500a65b215ff440d7d2475adf975f.doc','application/msword',2467840,'2014-07-12 15:36:18',NULL,NULL,NULL,NULL),(231,NULL,118,NULL,'PM_Aposto-Gera_Ab sofort geöffnet.doc','bead65b184cb002a47ecbc5bf79549b7423dbd63.doc','application/msword',2979840,'2014-07-13 15:51:44',NULL,NULL,NULL,NULL),(232,NULL,NULL,150,'(2014.06.04_11.15) Transaktionsnummer 531814533597409-661764.pdf','c79523d905ce475e65b7f9c4f5ac7502ab757953.pdf','application/pdf',53780,'2014-07-13 16:53:48',NULL,NULL,NULL,NULL),(233,NULL,NULL,151,'(2014.06.04_11.15) Transaktionsnummer 531814533597409-661764.pdf','c79523d905ce475e65b7f9c4f5ac7502ab757953.pdf','application/pdf',53780,'2014-07-13 16:53:48',NULL,NULL,NULL,NULL),(234,NULL,NULL,152,'(2014.06.04_11.15) Transaktionsnummer 531814533597409-661764.pdf','c79523d905ce475e65b7f9c4f5ac7502ab757953.pdf','application/pdf',53780,'2014-07-13 16:53:48',NULL,NULL,NULL,NULL),(235,NULL,NULL,153,'(2014.06.04_11.15) Transaktionsnummer 531814533597409-661764.pdf','c79523d905ce475e65b7f9c4f5ac7502ab757953.pdf','application/pdf',53780,'2014-07-13 16:53:48',NULL,NULL,NULL,NULL),(236,NULL,NULL,154,'(2014.06.04_11.15) Transaktionsnummer 531814533597409-661764.pdf','c79523d905ce475e65b7f9c4f5ac7502ab757953.pdf','application/pdf',53780,'2014-07-13 16:53:48',NULL,NULL,NULL,NULL),(237,NULL,NULL,155,'(2014.06.04_11.15) Transaktionsnummer 531814533597409-661764.pdf','c79523d905ce475e65b7f9c4f5ac7502ab757953.pdf','application/pdf',53780,'2014-07-13 16:53:48',NULL,NULL,NULL,NULL),(238,NULL,NULL,156,'(2014.06.04_11.15) Transaktionsnummer 531814533597409-661764.pdf','c79523d905ce475e65b7f9c4f5ac7502ab757953.pdf','application/pdf',53780,'2014-07-13 16:53:48',NULL,NULL,NULL,NULL),(239,NULL,NULL,157,'(2014.06.04_11.15) Transaktionsnummer 531814533597409-661764.pdf','c79523d905ce475e65b7f9c4f5ac7502ab757953.pdf','application/pdf',53780,'2014-07-13 16:53:48',NULL,NULL,NULL,NULL),(240,NULL,NULL,158,'(2014.06.13_03.16) Transaktionsnummer 536897536422441-679004.pdf','d105be0ca1e1f2a02337fcae7e7ffdb24117801b.pdf','application/pdf',81537,'2014-07-13 17:16:27',NULL,NULL,NULL,NULL),(241,NULL,NULL,159,'(2014.06.13_03.16) Transaktionsnummer 536897536422441-679004.pdf','d105be0ca1e1f2a02337fcae7e7ffdb24117801b.pdf','application/pdf',81537,'2014-07-13 17:16:27',NULL,NULL,NULL,NULL),(242,NULL,NULL,160,'(2014.06.13_03.16) Transaktionsnummer 536897536422441-679004.pdf','d105be0ca1e1f2a02337fcae7e7ffdb24117801b.pdf','application/pdf',81537,'2014-07-13 17:16:27',NULL,NULL,NULL,NULL),(243,NULL,NULL,161,'(2014.06.13_03.16) Transaktionsnummer 536897536422441-679004.pdf','d105be0ca1e1f2a02337fcae7e7ffdb24117801b.pdf','application/pdf',81537,'2014-07-13 17:16:27',NULL,NULL,NULL,NULL),(244,NULL,NULL,162,'(2014.06.13_03.16) Transaktionsnummer 536897536422441-679004.pdf','d105be0ca1e1f2a02337fcae7e7ffdb24117801b.pdf','application/pdf',81537,'2014-07-13 17:16:27',NULL,NULL,NULL,NULL),(245,NULL,NULL,163,'(2014.06.13_03.16) Transaktionsnummer 536897536422441-679004.pdf','d105be0ca1e1f2a02337fcae7e7ffdb24117801b.pdf','application/pdf',81537,'2014-07-13 17:16:27',NULL,NULL,NULL,NULL),(246,NULL,NULL,164,'(2014.06.30_15.10) Transaktionsnummer 544290582349798-714216 (1).pdf','533135d9660f716fda498f7c065600686bacfc3b.pdf','application/pdf',99209,'2014-07-13 17:42:30',NULL,NULL,NULL,NULL),(247,NULL,NULL,165,'(2014.06.30_15.10) Transaktionsnummer 544290582349798-714216 (1).pdf','533135d9660f716fda498f7c065600686bacfc3b.pdf','application/pdf',99209,'2014-07-13 17:42:30',NULL,NULL,NULL,NULL),(248,NULL,NULL,166,'(2014.06.30_15.10) Transaktionsnummer 544290582349798-714216 (1).pdf','533135d9660f716fda498f7c065600686bacfc3b.pdf','application/pdf',99209,'2014-07-13 17:42:30',NULL,NULL,NULL,NULL),(249,NULL,NULL,167,'(2014.06.30_15.10) Transaktionsnummer 544290582349798-714216 (1).pdf','533135d9660f716fda498f7c065600686bacfc3b.pdf','application/pdf',99209,'2014-07-13 17:42:30',NULL,NULL,NULL,NULL),(250,NULL,NULL,168,'(2014.06.30_15.10) Transaktionsnummer 544290582349798-714216 (1).pdf','533135d9660f716fda498f7c065600686bacfc3b.pdf','application/pdf',99209,'2014-07-13 17:42:30',NULL,NULL,NULL,NULL),(251,NULL,NULL,169,'(2014.06.30_15.10) Transaktionsnummer 544290582349798-714216 (1).pdf','533135d9660f716fda498f7c065600686bacfc3b.pdf','application/pdf',99209,'2014-07-13 17:42:30',NULL,NULL,NULL,NULL),(252,NULL,NULL,NULL,'Standortverzeichnis 04-014.xls','f09199533136a051226494f0ec388240caffb8a9.xls','application/vnd.ms-excel',40960,'2014-07-14 13:38:46',NULL,10,NULL,NULL),(253,NULL,NULL,NULL,'AussenbannerAktionen.jpg','801d4caf17dda7d3c7777613e7f0056902818c9c.jpg','image/jpeg',554603,'2014-07-14 15:44:40',NULL,NULL,137,NULL),(254,NULL,NULL,NULL,'Gutschein_VS.jpg','1046f5369f95eb83d1d92410771ce14f0e3b9b87.jpg','image/jpeg',206325,'2014-07-14 15:54:24',NULL,NULL,136,NULL),(256,NULL,NULL,NULL,'Gutschein_RS.jpg','a1a2802e1759b096f6154897ac28e85491404564.jpg','image/jpeg',211952,'2014-07-14 15:55:21',NULL,NULL,136,NULL),(257,NULL,NULL,NULL,'DropFlag_1.jpg','8e33d0a6b7173a0c1dfefd63823bb3a1d410f19b.jpg','image/jpeg',247451,'2014-07-14 16:42:31',NULL,NULL,138,NULL),(258,NULL,NULL,NULL,'DropFlag_2.jpg','93c065996ed14ba382ea030c6b8a41aada3dc456.jpg','image/jpeg',248164,'2014-07-14 16:42:47',NULL,NULL,138,NULL),(259,NULL,NULL,NULL,'DropFlag_3.jpg','ff02799dae5b05b29649adea2482332c0e03af90.jpg','image/jpeg',380614,'2014-07-14 16:42:59',NULL,NULL,138,NULL),(260,NULL,NULL,NULL,'Gutschein_VS.jpg','2621399e3f6c876d8153225c2fe5a1d40c3039da.jpg','image/jpeg',390877,'2014-07-14 17:03:13',NULL,NULL,133,NULL),(261,NULL,NULL,NULL,'Gutschein_RS.jpg','92494126eee390b18b90c847845970771d50c70d.jpg','image/jpeg',389298,'2014-07-14 17:03:30',NULL,NULL,133,NULL),(262,NULL,NULL,NULL,'Gutschein_VS.jpg','6d4a8517d3eda6251f3dd35b894fe9dccdbf958f.jpg','image/jpeg',240438,'2014-07-14 17:04:35',NULL,NULL,134,NULL),(263,NULL,NULL,NULL,'Gutschein_RS.jpg','327a36ac4eef0d983fe3d91d37b4b6e8d6727e48.jpg','image/jpeg',260261,'2014-07-14 17:05:04',NULL,NULL,134,NULL),(264,NULL,NULL,NULL,'Veranstaltungsraum.jpg','f2d07311328a0d4c34a8748b15be8f510884398e.jpg','image/jpeg',2692370,'2014-07-14 17:06:38',NULL,NULL,48,NULL),(265,NULL,NULL,NULL,'Hotelfolder_DINlang_6s_hoch_vorne.pdf','2054c2293c6f248d5122dca2c23e6fd6632ff1d3.pdf','application/pdf',360671,'2014-07-14 17:07:42',NULL,NULL,73,NULL),(266,NULL,NULL,NULL,'Hotelfolder_DINlang_6s_hoch_hinten.pdf','cee13ab8744895cfb493c116407ecc632064378b.pdf','application/pdf',328896,'2014-07-14 17:08:01',NULL,NULL,73,NULL),(267,NULL,NULL,NULL,'CheckIn.jpg','057ade2d6201f73bf895245cbf47e7af23917731.jpg','image/jpeg',616331,'2014-07-14 17:22:29',NULL,NULL,156,NULL),(268,NULL,NULL,NULL,'Casino_VS.jpg','250b7fd7b9b0b1cb5d70ce37a44f22a78d424e49.jpg','image/jpeg',220836,'2014-07-14 17:45:16',NULL,NULL,155,NULL),(269,NULL,NULL,NULL,'Casino_RS.jpg','7c2c607af426029cee45b4b82a52dabfd86834fe.jpg','image/jpeg',201888,'2014-07-14 17:45:29',NULL,NULL,155,NULL),(270,NULL,NULL,123,'seite3_vom 11.06.14.pdf','072ff56d1b674a26093f8f593f4c4273946b24b8.pdf','application/pdf',2596990,'2014-07-14 17:46:31',NULL,NULL,NULL,NULL),(271,66,NULL,NULL,'Zugangsdaten zum Portal der Bundesagentur für Arbeit.docx','a27301e2210d096b245ef52b55cfbc239f1ea5b3.docx','application/vnd.openxmlformats-officedocument.wordprocessingml.document',25355,'2014-07-14 22:06:05',NULL,NULL,NULL,NULL),(272,NULL,NULL,NULL,'PL 2014_AS.pdf','d8b552f0660778f0fb8ad949b748ef71e658bde2.pdf','application/pdf',701518,'2014-07-15 09:45:26',92,NULL,NULL,NULL),(273,NULL,NULL,NULL,'Mediadaten.JPG','9c3fe3990698da6f11dc9fdd2544d3ff45964582.JPG','image/jpeg',92168,'2014-07-16 08:22:36',102,NULL,NULL,NULL),(274,NULL,NULL,NULL,'Musterkarte-.JPG','c7e68b29a22aa08e1e3d35964fc0131f4e47b599.JPG','image/jpeg',120778,'2014-07-16 08:23:06',102,NULL,NULL,NULL),(276,NULL,NULL,NULL,'Plane_300x100.png','b33ef723c5886330a0ce3dd0660755284cfd11d7.png','image/png',2137467,'2014-07-17 10:24:33',NULL,NULL,132,NULL),(277,NULL,NULL,NULL,'MargaritaAufsteller_Marb.jpg','a6a425351842fb5cece9246f220612dcec598005.jpg','image/jpeg',2178470,'2014-07-17 12:06:52',NULL,NULL,109,NULL),(278,NULL,NULL,NULL,'2014_ Aussteller_ Ratskeller Saarbrücken.doc','161d33b9f91d7d6ec10263486c6d7142c9a1ce9d.doc','application/msword',418304,'2014-07-17 14:47:06',NULL,NULL,82,NULL),(279,NULL,NULL,NULL,'Bigeasy_Service.png','3cfb3f5fc2618a21ae048478081f1e9f3d27ffdd.png','image/png',1609782,'2014-07-17 17:14:45',NULL,NULL,125,NULL),(280,NULL,NULL,NULL,'Hotelfolder_DINlang_hoch_Ansicht.png','e80c684be0eeb9bac4aa0c9db5e7d4b04e93760d.png','image/png',2908742,'2014-07-17 17:32:02',NULL,NULL,119,NULL),(281,NULL,NULL,NULL,'Hotelfolder_DINlang_hoch_Ansicht.png','18de16a7a9b0bf115346b6ef2ae81fc293bed95e.png','image/png',3147411,'2014-07-17 17:34:42',NULL,NULL,118,NULL),(282,NULL,NULL,NULL,'Anzeige312x120mm.jpg','9179a68422f2bb58ad76a250b6e8aab49ff1fd72.jpg','image/jpeg',7655071,'2014-07-18 11:01:46',NULL,NULL,147,NULL),(283,NULL,NULL,NULL,'Anzeige312x120mm_neu.jpg','a48d0930c8b50e02c089fb929556541656bb2fb3.jpg','image/jpeg',7721713,'2014-07-18 12:24:52',NULL,NULL,147,NULL),(284,NULL,NULL,NULL,'Anzeige92x70.jpg','b833fd5584b6ddb0920856cdce28413e6e5c528c.jpg','image/jpeg',1913998,'2014-07-18 12:45:55',NULL,NULL,167,NULL),(285,NULL,NULL,NULL,'Foto.JPG','62a3de11d206d4895f0e274af6311a8e890dad13.JPG','image/jpeg',91566,'2014-07-18 16:39:24',NULL,NULL,203,NULL),(286,NULL,NULL,NULL,'CSD_50%_Mannheim.jpg','9317a40ef85b3ffa56a42c6824e5fe95c5593505.jpg','image/jpeg',984411,'2014-07-21 10:04:20',NULL,NULL,175,NULL),(287,NULL,NULL,NULL,'ApostoMainz_Pizza_Jumbo_105x148.pdf','82b70e81bab63f0cee58faef5262e4fe59b64329.pdf','application/pdf',3921690,'2014-07-21 10:22:11',NULL,NULL,183,NULL),(288,NULL,NULL,NULL,'Colossale_rund_vs.jpg','8dbcd1d2906c186b14d59b9a393cc28711baba4d.jpg','image/jpeg',1455561,'2014-07-21 10:38:08',NULL,NULL,186,NULL),(289,NULL,NULL,NULL,'Colossale_rund_rs.jpg','245e00ca934642a8d72b0ffa811f7278d077d44b.jpg','image/jpeg',2091237,'2014-07-21 10:38:25',NULL,NULL,186,NULL),(290,NULL,NULL,NULL,'Fähnchen_VS.jpg','f6b064243e1509ec4f4d65205f3ff29db72c716a.jpg','image/jpeg',744656,'2014-07-21 10:47:45',NULL,NULL,188,NULL),(291,NULL,NULL,NULL,'Fähnchen_RS.jpg','908cd0d3ba361a20f99b521ab6deed65725e5ee5.jpg','image/jpeg',843925,'2014-07-21 10:49:07',NULL,NULL,188,NULL),(292,NULL,NULL,NULL,'Aussenbanner_4x1m.jpg','da4638714ddd8208f942e4976e23824a07638e4a.jpg','image/jpeg',1932771,'2014-07-21 11:10:08',NULL,NULL,192,NULL),(293,NULL,NULL,NULL,'Flyer_Casino_A6.pdf','d4a8d9104fc1c2e533ab3d71581bd6010085a7a9.pdf','application/pdf',4997116,'2014-07-21 11:27:50',NULL,NULL,200,NULL),(294,NULL,NULL,NULL,'Gutschein_A7_VS.jpg','9784db7dbd351fb9ab149f3a72dc8e836ab6158c.jpg','image/jpeg',1316467,'2014-07-21 11:33:01',NULL,NULL,201,NULL),(295,NULL,NULL,NULL,'Gutschein_A7_RS.jpg','f31d64bf7cbeb324c8ecbea5bda3b545d3b5241f.jpg','image/jpeg',1269807,'2014-07-21 11:33:34',NULL,NULL,201,NULL),(296,NULL,NULL,NULL,'Fähnchen_VS.jpg','6834c4c8df385de0d0098480611f91edecb9e5cf.jpg','image/jpeg',841630,'2014-07-21 11:59:57',NULL,NULL,199,NULL),(297,NULL,NULL,NULL,'Fähnchen_RS.jpg','096819afd1912add7c1d8d09607e963ab9305985.jpg','image/jpeg',778901,'2014-07-21 12:00:42',NULL,NULL,199,NULL),(298,NULL,NULL,NULL,'Hotelfolder_Schweinfurt_Aussen.jpg','439fe18c825adfd3fa6797876586aaad62095777.jpg','image/jpeg',2784950,'2014-07-22 13:20:08',NULL,NULL,198,NULL),(299,NULL,NULL,NULL,'Hotelfolder_Schweinfurt_Innen.jpg','1b666b1653b65f4f5702d565cd330c463835fae9.jpg','image/jpeg',2919863,'2014-07-22 13:20:38',NULL,NULL,198,NULL),(300,NULL,NULL,NULL,'PlanePfeil.jpg','766081a961c375ced019740b9e77aa7a4972a399.jpg','image/jpeg',1559346,'2014-07-22 14:44:07',NULL,NULL,203,NULL),(301,NULL,NULL,NULL,'EnchiladaHour_VS.jpg','deefdbff01ee5da1fd2b05d633c1352909011fb0.jpg','image/jpeg',853272,'2014-07-22 14:49:36',NULL,NULL,168,NULL),(302,NULL,NULL,NULL,'EnchiladaHour_RS.jpg','9b79fc5e0806667c2b3bfadbba3364ea5c27ab44.jpg','image/jpeg',604394,'2014-07-22 14:49:54',NULL,NULL,168,NULL),(303,NULL,113,NULL,'2014_Besitos Würzburg_Kennenlernwochen.doc','4a5b8e5942337c8d5a506c22512d1235fb4fe101.doc','application/msword',247296,'2014-07-22 15:07:58',NULL,NULL,NULL,NULL),(304,NULL,123,NULL,'2014_Puro Mexiko_Aschaffenburg.doc','1d18dda86738added9fea0e67533867cabb70b21.doc','application/msword',484864,'2014-07-22 15:10:59',NULL,NULL,NULL,NULL),(305,NULL,124,NULL,'2014_Puro Mexiko_Wiesbaden.doc','7756e33a919eb15e791c6cab4130de6854e2add9.doc','application/msword',484864,'2014-07-22 15:14:14',NULL,NULL,NULL,NULL),(306,NULL,49,NULL,'2014_PM_Bremen_Gambas Especial.doc','1ac29e3be3c5cbbf258fe193b6d91b9ac32df4d8.doc','application/msword',480768,'2014-07-22 16:08:07',NULL,NULL,NULL,NULL),(307,NULL,NULL,NULL,'VK_Robby_VS.jpg','5d1b81452204930bbcb232456cea01552e365633.jpg','image/jpeg',706912,'2014-07-22 17:45:55',NULL,NULL,170,NULL),(308,NULL,NULL,NULL,'VK_Robby_RS.jpg','277bdfb4e3d86fcf6536ca70551ffcc1e1c4599c.jpg','image/jpeg',770662,'2014-07-22 17:46:07',NULL,NULL,170,NULL),(309,NULL,NULL,NULL,'VK_Mannheim_VS.jpg','f0bc1bcbad4bedf9d6a6fc050ccbdea1bd1d1b01.jpg','image/jpeg',705033,'2014-07-22 17:47:15',NULL,NULL,171,NULL),(310,NULL,NULL,NULL,'VK_Mannheim_RS.jpg','c8b12a6b7f2ff3f9434e3ff2ca6de0d8403595d0.jpg','image/jpeg',726560,'2014-07-22 17:47:32',NULL,NULL,171,NULL),(311,NULL,NULL,NULL,'Gutschein_VS.jpg','8c08322d3e84c43780d260faf5fa08de6ed9b200.jpg','image/jpeg',206325,'2014-07-22 17:51:42',NULL,NULL,136,NULL),(312,NULL,NULL,NULL,'Gutschein_RS.jpg','4474726e1893f6c1d316733e911e1b24c3f88bd4.jpg','image/jpeg',762485,'2014-07-22 17:52:04',NULL,NULL,136,NULL),(313,NULL,NULL,NULL,'CSD_50%_Mannheim.jpg','41dd38d26a0bda389889b7a07e60484e9fbc9766.jpg','image/jpeg',342976,'2014-07-22 17:55:51',NULL,NULL,175,NULL),(314,NULL,NULL,NULL,'Aussenbanner_4x1m.jpg','8c32c33a4e37644c3db0cf65b11ff6d74557a37c.jpg','image/jpeg',1935433,'2014-07-22 18:03:52',NULL,NULL,192,NULL),(315,NULL,NULL,NULL,'Drupal Project-Feb9th2014 (1).pdf','a276cfee3b3dd4f79a31d2c489eb5f918ab401bb.pdf','application/pdf',271177,'2014-07-26 08:52:18',NULL,NULL,NULL,NULL),(316,NULL,NULL,NULL,'images (1).jpg','dc4533487156cd85f927f82df5f8503e21ea2d81.jpg','image/jpeg',4138,'2014-07-27 11:00:32',NULL,NULL,NULL,NULL),(317,NULL,NULL,NULL,'images (4).jpg','aaf88d5161773b2ad8db67d4e8f65b4f256e9b32.jpg','image/jpeg',4138,'2014-07-27 11:00:32',NULL,NULL,NULL,NULL),(318,NULL,NULL,NULL,'statement_20140623_20140723_all.csv','f405d61704b0c4272ed93168e6616c399dd5caf9.csv','text/plain',1787,'2014-07-27 11:00:32',NULL,NULL,NULL,NULL),(319,NULL,NULL,NULL,'db516363882.sql','d915802c7516381e6bcefcb32c9a0d8a804b0c46.sql','text/plain',161214,'2014-07-27 11:03:56',NULL,NULL,NULL,NULL),(320,NULL,NULL,NULL,'Education Institutes Database_DSHE.xlsx','2694e4b2d90b24971d10de2824e69941d9b8933c.xlsx','application/vnd.openxmlformats-officedocument.spreadsheetml.sheet',1078195,'2014-07-27 11:03:56',NULL,NULL,NULL,NULL),(321,NULL,NULL,NULL,'images (4).jpg','656dc878e9effca4ff9b446c76dd4abf32fdac71.jpg','image/jpeg',4138,'2014-07-27 11:10:09',NULL,NULL,NULL,NULL),(322,NULL,NULL,NULL,'images (3).jpg','6f29b72fa5d6f78649f7f36a86c4fb429c129269.jpg','image/jpeg',4138,'2014-07-27 11:10:09',NULL,NULL,NULL,NULL),(323,NULL,NULL,NULL,'Drupal Project-Feb9th2014.pdf','6448e95b965b187fbae7d26f71f98cb41f2e5bbd.pdf','application/pdf',271177,'2014-07-27 11:25:07',NULL,NULL,NULL,NULL),(324,NULL,NULL,173,'images (2).jpg','0f637d73e7a89dcb875d0ac81a8e60acd85c926e.jpg','image/jpeg',4138,'2014-07-27 11:49:43',NULL,NULL,NULL,NULL),(325,NULL,NULL,173,'images (5).jpg','0ad5ba6e6e15f6573de1484e885326384cba7bfd.jpg','image/jpeg',4138,'2014-07-27 11:49:43',NULL,NULL,NULL,NULL),(326,NULL,NULL,NULL,'images (3).jpg','42e345d34bf2854df7e1a643f5e2524dc63947a9.jpg','image/jpeg',4138,'2014-07-27 12:08:44',NULL,NULL,NULL,NULL),(327,NULL,NULL,NULL,'images (2).jpg','4aa6ef38360a2d84def3438d6ea970dcdf47a1fe.jpg','image/jpeg',4138,'2014-07-27 12:08:44',NULL,NULL,NULL,NULL),(328,NULL,NULL,174,'images (3).jpg','05855720ecd1b9f97248b5968507f1b18cf9b7aa.jpg','image/jpeg',4138,'2014-07-27 12:12:36',NULL,NULL,NULL,NULL);
/*!40000 ALTER TABLE `Upload` ENABLE KEYS */;
UNLOCK TABLES;

--
-- Table structure for table `User`
--

DROP TABLE IF EXISTS `User`;
/*!40101 SET @saved_cs_client     = @@character_set_client */;
/*!40101 SET character_set_client = utf8 */;
CREATE TABLE `User` (
  `id` int(11) NOT NULL AUTO_INCREMENT,
  `customer_id` int(11) DEFAULT NULL,
  `name` varchar(255) COLLATE utf8_unicode_ci DEFAULT NULL,
  `displayName` varchar(255) COLLATE utf8_unicode_ci DEFAULT NULL,
  `email` varchar(255) COLLATE utf8_unicode_ci DEFAULT NULL,
  `password` varchar(255) COLLATE utf8_unicode_ci DEFAULT NULL,
  `role` varchar(255) COLLATE utf8_unicode_ci DEFAULT NULL,
  `access_level_id` int(11) DEFAULT NULL,
  `grp` int(11) DEFAULT NULL,
  PRIMARY KEY (`id`),
  UNIQUE KEY `name` (`name`),
  KEY `IDX_2DA179779395C3F3` (`customer_id`),
  KEY `IDX_2DA1797732A48A96` (`access_level_id`),
  CONSTRAINT `FK_2DA1797732A48A96` FOREIGN KEY (`access_level_id`) REFERENCES `AccessLevel` (`id`),
  CONSTRAINT `FK_2DA179779395C3F3` FOREIGN KEY (`customer_id`) REFERENCES `Customer` (`id`) ON DELETE SET NULL
) ENGINE=InnoDB AUTO_INCREMENT=29 DEFAULT CHARSET=utf8 COLLATE=utf8_unicode_ci;
/*!40101 SET character_set_client = @saved_cs_client */;

--
-- Dumping data for table `User`
--

LOCK TABLES `User` WRITE;
/*!40000 ALTER TABLE `User` DISABLE KEYS */;
INSERT INTO `User` VALUES (8,NULL,'simone','Simone','simone.ullmer@beon-communications.de','pass','ROLE_ALL',1,40),(9,NULL,'all','Fabian Salomon','beon@salo.mailrange.com','pass','ROLE_ALL',1,40),(11,NULL,'markus','Markus Sieber','beon-markus@salo.mailrange.com','pass','ROLE_ALL',1,40),(12,39,'test',NULL,'markus.sieber@beon-communications.de','pass','ROLE_STAKEHOLDER',2,42),(13,NULL,'Grafik-Abteilung',NULL,'grafik@salo.mailrange.com','pass','ROLE_TASK',4,41),(14,43,'junx4you',NULL,'office@junx4you.de','pass','ROLE_STAKEHOLDER',2,42),(15,NULL,'ludwig',NULL,'ludwigengelhardt@yahoo.de','pass','ROLE_ALL',1,40),(16,NULL,'Julia',NULL,'test@test.de','pass','ROLE_TASK',4,41),(17,38,'besitoswuerzburg',NULL,'test@test.de','pass','ROLE_STAKEHOLDER',2,42),(18,31,'enchiladaschweinfurt',NULL,'test@test.de','pass','ROLE_STAKEHOLDER',2,42),(19,NULL,'Kunde',NULL,'test@test.de','pass','ROLE_FACEBOOK',1,NULL),(20,39,'tobias.wirth@enchilada-gruppe.de',NULL,'tobias.wirth@enchilada-gruppe.de','pass','ROLE_STAKEHOLDER',2,42),(21,16,'mainz@aposto.eu',NULL,'mainz@aposto.eu','pass','ROLE_STAKEHOLDER',2,42),(22,17,'markus.hoffmann@enchilada.de',NULL,'markus.hoffmann@enchilada.de','pass','ROLE_STAKEHOLDER',2,42),(23,24,'mainz@thebigeasy.de',NULL,'mainz@thebigeasy.de','pass','ROLE_STAKEHOLDER',2,42),(24,NULL,'rita.glovenszka@enchilada-gruppe.de',NULL,'rita.glovenszka@enchilada-gruppe.de','pass','ROLE_TASK',4,41),(25,NULL,'design@enchilada-gruppe.de',NULL,'design@enchilada-gruppe.de','pass','ROLE_TASK',4,41),(26,NULL,'lisa.hauck@enchilada-design.de',NULL,'lisa.hauck@enchilada-design.de','pass','ROLE_TASK',4,41),(27,10,'kranen',NULL,'kranen@salo.mailrange.com','pass','ROLE_STAKEHOLDER',2,42),(28,23,'ratskellerludwidgsburg',NULL,'ratskeller@salo.mailrange.com','pass','ROLE_STAKEHOLDER',2,42);
/*!40000 ALTER TABLE `User` ENABLE KEYS */;
UNLOCK TABLES;

--
-- Table structure for table `migration_versions`
--

DROP TABLE IF EXISTS `migration_versions`;
/*!40101 SET @saved_cs_client     = @@character_set_client */;
/*!40101 SET character_set_client = utf8 */;
CREATE TABLE `migration_versions` (
  `version` varchar(255) COLLATE utf8_unicode_ci NOT NULL,
  PRIMARY KEY (`version`)
) ENGINE=InnoDB DEFAULT CHARSET=utf8 COLLATE=utf8_unicode_ci;
/*!40101 SET character_set_client = @saved_cs_client */;

--
-- Dumping data for table `migration_versions`
--

LOCK TABLES `migration_versions` WRITE;
/*!40000 ALTER TABLE `migration_versions` DISABLE KEYS */;
INSERT INTO `migration_versions` VALUES ('20140524233551'),('20140601120029'),('20140605212606'),('20140609124705'),('20140729210327');
/*!40000 ALTER TABLE `migration_versions` ENABLE KEYS */;
UNLOCK TABLES;
/*!40103 SET TIME_ZONE=@OLD_TIME_ZONE */;

/*!40101 SET SQL_MODE=@OLD_SQL_MODE */;
/*!40014 SET FOREIGN_KEY_CHECKS=@OLD_FOREIGN_KEY_CHECKS */;
/*!40014 SET UNIQUE_CHECKS=@OLD_UNIQUE_CHECKS */;
/*!40101 SET CHARACTER_SET_CLIENT=@OLD_CHARACTER_SET_CLIENT */;
/*!40101 SET CHARACTER_SET_RESULTS=@OLD_CHARACTER_SET_RESULTS */;
/*!40101 SET COLLATION_CONNECTION=@OLD_COLLATION_CONNECTION */;
/*!40111 SET SQL_NOTES=@OLD_SQL_NOTES */;

-- Dump completed on 2014-07-30  9:16:38
